Table with row headers in column A and column headers in rows 9 through 10.,,,,,,,,
Census 2000 PHC-T-32.  Disability Status of the Civilian Noninstitutionalized Population by Sex and Selected Characteristics for the United States and Puerto Rico:  2000,,,,,,,,
Table 1.  Selected Types of Disability for the Civilian Noninstitutionalized Population 5 Years and Over by Age:  2000,,,,,,,,
"Source:  U.S. Census Bureau, Census 2000.",,,,,,,,
"Internet release date:  April 14, 2004.",,,,,,,,
NEW YORK,,,,,,,,
(leading dots indicate sub-parts),,,,,,,,
"[Data based on a sample.  For information on confidentiality, sampling errors, nonsampling error, and definitions, see www.census.gov/prod/cen2000/doc/sf3.pdf]",,,,,,,,
Sex and Disability Status,5 years and over,,5 to 15 years,,16 to 64 years,,65 years and over,
,Number,Percent,Number,Percent,Number,Percent,Number,Percent
,,,,,,,,
Both Sexes,"17,464,265",100.0,"2,937,665",100.0,"12,193,045",100.0,"2,333,555",100.0
".With a sensory, physical, mental, or self-care disability","2,111,815",12.1,"181,450",6.2,"1,130,440",9.3,"799,930",34.3
..With a self-care disability,"497,315",2.8,"35,460",1.2,"230,485",1.9,"231,370",9.9
..No self-care disability,"1,614,500",9.2,"145,990",5.0,"899,955",7.4,"568,560",24.4
.No disability of specified type,"15,352,445",87.9,"2,756,215",93.8,"11,062,605",90.7,"1,533,625",65.7
,,,,,,,,
".With a sensory, physical, or mental disability","2,061,340",11.8,"173,575",5.9,"1,098,620",9.0,"789,145",33.8
..All three disabilities,"128,605",0.7,"5,775",0.2,"43,585",0.4,"79,245",3.4
..With two disabilities: sensory and physical,"150,005",0.9,"1,500",0.1,"47,375",0.4,"101,125",4.3
..With two disabilities: sensory and mental,"42,280",0.2,"6,765",0.2,"20,185",0.2,"15,330",0.7
..With two disabilities: physical and mental,"260,965",1.5,"12,965",0.4,"151,675",1.2,"96,325",4.1
..With sensory disability only,"234,030",1.3,"14,890",0.5,"121,130",1.0,"98,010",4.2
..With physical disability only,"849,585",4.9,"16,030",0.5,"484,810",4.0,"348,745",14.9
..With mental disability only,"395,870",2.3,"115,645",3.9,"229,855",1.9,"50,370",2.2
,,,,,,,,
Men,"8,328,270",100.0,"1,505,925",100.0,"5,880,790",100.0,"941,555",100.0
".With a sensory, physical, mental, or self-care disability","956,805",11.5,"114,805",7.6,"545,725",9.3,"296,275",31.5
..With a self-care disability,"200,690",2.4,"21,100",1.4,"108,485",1.8,"71,100",7.6
..No self-care disability,"756,120",9.1,"93,700",6.2,"437,240",7.4,"225,180",23.9
.No disability of specified type,"7,371,465",88.5,"1,391,120",92.4,"5,335,065",90.7,"645,275",68.5
,,,,,,,,
".With a sensory, physical, or mental disability","932,970",11.2,"110,430",7.3,"529,945",9.0,"292,595",31.1
..All three disabilities,"51,040",0.6,"3,360",0.2,"21,535",0.4,"26,145",2.8
..With two disabilities: sensory and physical,"61,000",0.7,725,0.0,"23,795",0.4,"36,480",3.9
..With two disabilities: sensory and mental,"22,955",0.3,"4,025",0.3,"11,665",0.2,"7,265",0.8
..With two disabilities: physical and mental,"107,130",1.3,"7,635",0.5,"67,585",1.1,"31,910",3.4
..With sensory disability only,"126,045",1.5,"8,045",0.5,"68,725",1.2,"49,280",5.2
..With physical disability only,"345,095",4.1,"8,385",0.6,"214,510",3.6,"122,200",13.0
..With mental disability only,"219,695",2.6,"78,260",5.2,"122,125",2.1,"19,315",2.1
,,,,,,,,
Women,"9,135,995",100.0,"1,431,740",100.0,"6,312,250",100.0,"1,392,000",100.0
".With a sensory, physical, mental, or self-care disability","1,155,010",12.6,"66,645",4.7,"584,710",9.3,"503,650",36.2
..With a self-care disability,"296,625",3.2,"14,360",1.0,"121,995",1.9,"160,270",11.5
..No self-care disability,"858,385",9.4,"52,285",3.7,"462,715",7.3,"343,380",24.7
.No disability of specified type,"7,980,985",87.4,"1,365,095",95.3,"5,727,540",90.7,"888,350",63.8
,,,,,,,,
".With a sensory, physical, or mental disability","1,128,370",12.4,"63,145",4.4,"568,675",9.0,"496,550",35.7
..All three disabilities,"77,565",0.8,"2,415",0.2,"22,050",0.3,"53,100",3.8
..With two disabilities: sensory and physical,"89,000",1.0,780,0.1,"23,580",0.4,"64,640",4.6
..With two disabilities: sensory and mental,"19,325",0.2,"2,740",0.2,"8,520",0.1,"8,065",0.6
..With two disabilities: physical and mental,"153,830",1.7,"5,330",0.4,"84,090",1.3,"64,415",4.6
..With sensory disability only,"107,985",1.2,"6,845",0.5,"52,410",0.8,"48,730",3.5
..With physical disability only,"504,490",5.5,"7,645",0.5,"270,305",4.3,"226,545",16.3
..With mental disability only,"176,170",1.9,"37,390",2.6,"107,730",1.7,"31,055",2.2
