<rdf:RDF
    xmlns:j.0="http://xmdr.org/ont/iso11179-3e3draft_r4.owl#"
    xmlns:rdf="http://www.w3.org/1999/02/22-rdf-syntax-ns#"
    xmlns:pf="java:com.hp.hpl.jena.query.pfunction.library."
    xmlns:owl="http://www.w3.org/2002/07/owl#" > 
  <rdf:Description rdf:nodeID="A0">
    <j.0:Designation.designation_language rdf:datatype="http://www.w3.org/2001/XMLSchema#string">en</j.0:Designation.designation_language>
    <j.0:Designation.designation_sign rdf:datatype="http://www.w3.org/2001/XMLSchema#string">Demethylmisonidazole</j.0:Designation.designation_sign>
    <j.0:Designation.item rdf:resource="http://bambam.lbl.gov:8080/xmdr/content/NCI_Thesaurus/R-C/C/1065.xml"/>
    <rdf:type rdf:resource="http://www.w3.org/2002/07/owl#Thing"/>
    <rdf:type rdf:resource="http://xmdr.org/ont/iso11179-3e3draft_r4.owl#Designation"/>
  </rdf:Description>
  <rdf:Description rdf:nodeID="A1">
    <rdf:type rdf:resource="http://xmdr.org/ont/iso11179-3e3draft_r4.owl#Designatable_Item"/>
    <j.0:Identified_Item.identification_identifier_scope rdf:nodeID="A2"/>
    <j.0:Facet.facet_value rdf:datatype="http://www.w3.org/2001/XMLSchema#string">C0057545</j.0:Facet.facet_value>
    <rdf:type rdf:resource="http://www.w3.org/2002/07/owl#Thing"/>
    <rdf:type rdf:resource="http://xmdr.org/ont/iso11179-3e3draft_r4.owl#Classification_Node"/>
    <j.0:Facet.facet_name rdf:datatype="http://www.w3.org/2001/XMLSchema#string">UMLS_CUI</j.0:Facet.facet_name>
    <j.0:Classification_Node.classified_item rdf:resource="http://bambam.lbl.gov:8080/xmdr/content/NCI_Thesaurus/R-C/C/1065.xml"/>
    <rdf:type rdf:resource="http://xmdr.org/ont/iso11179-3e3draft_r4.owl#Identified_Item"/>
    <rdf:type rdf:resource="http://xmdr.org/ont/iso11179-3e3draft_r4.owl#Facet"/>
    <j.0:Classification_Node.container rdf:resource="http://bambam.lbl.gov:8080/xmdr/content/NCI_Thesaurus/CS.xml"/>
  </rdf:Description>
  <rdf:Description rdf:nodeID="A3">
    <j.0:Identification.item_identifier rdf:datatype="http://www.w3.org/2001/XMLSchema#string">NCI_Thesaurus/R-C/C/1065.xml#P15</j.0:Identification.item_identifier>
    <j.0:Identification.identifier_scope rdf:nodeID="A4"/>
    <j.0:Identification.identifier_context rdf:resource="http://bambam.lbl.gov:8080/xmdr/content/admin/XMDR_Register.xml"/>
    <rdf:type rdf:resource="http://www.w3.org/2002/07/owl#Thing"/>
    <rdf:type rdf:resource="http://xmdr.org/ont/iso11179-3e3draft_r4.owl#Identification"/>
  </rdf:Description>
  <rdf:Description rdf:nodeID="A5">
    <j.0:Facet.facet_name rdf:datatype="http://www.w3.org/2001/XMLSchema#string">IND_Code</j.0:Facet.facet_name>
    <j.0:Identified_Item.identification_identifier_scope rdf:nodeID="A6"/>
    <j.0:Classification_Node.container rdf:resource="http://bambam.lbl.gov:8080/xmdr/content/NCI_Thesaurus/CS.xml"/>
    <rdf:type rdf:resource="http://xmdr.org/ont/iso11179-3e3draft_r4.owl#Facet"/>
    <j.0:Facet.facet_value rdf:datatype="http://www.w3.org/2001/XMLSchema#string">18183</j.0:Facet.facet_value>
    <rdf:type rdf:resource="http://www.w3.org/2002/07/owl#Thing"/>
    <j.0:Classification_Node.classified_item rdf:resource="http://bambam.lbl.gov:8080/xmdr/content/NCI_Thesaurus/R-C/C/1065.xml"/>
    <rdf:type rdf:resource="http://xmdr.org/ont/iso11179-3e3draft_r4.owl#Classification_Node"/>
    <rdf:type rdf:resource="http://xmdr.org/ont/iso11179-3e3draft_r4.owl#Identified_Item"/>
    <rdf:type rdf:resource="http://xmdr.org/ont/iso11179-3e3draft_r4.owl#Designatable_Item"/>
  </rdf:Description>
  <rdf:Description rdf:nodeID="A7">
    <j.0:Designation.designation_language rdf:datatype="http://www.w3.org/2001/XMLSchema#string">en</j.0:Designation.designation_language>
    <j.0:Designation.designation_sign rdf:datatype="http://www.w3.org/2001/XMLSchema#string">Ro 05-9963</j.0:Designation.designation_sign>
    <j.0:Designation.item rdf:resource="http://bambam.lbl.gov:8080/xmdr/content/NCI_Thesaurus/R-C/C/1065.xml"/>
    <rdf:type rdf:resource="http://www.w3.org/2002/07/owl#Thing"/>
    <rdf:type rdf:resource="http://xmdr.org/ont/iso11179-3e3draft_r4.owl#Designation"/>
  </rdf:Description>
  <rdf:Description rdf:nodeID="A8">
    <j.0:Identification.item_identifier rdf:datatype="http://www.w3.org/2001/XMLSchema#string">NCI_Thesaurus/R-C/C/1065.xml#P13</j.0:Identification.item_identifier>
    <j.0:Identification.identifier_scope rdf:nodeID="A9"/>
    <j.0:Identification.identifier_context rdf:resource="http://bambam.lbl.gov:8080/xmdr/content/admin/XMDR_Register.xml"/>
    <rdf:type rdf:resource="http://www.w3.org/2002/07/owl#Thing"/>
    <rdf:type rdf:resource="http://xmdr.org/ont/iso11179-3e3draft_r4.owl#Identification"/>
  </rdf:Description>
  <rdf:Description rdf:nodeID="A10">
    <j.0:Designation.designation_language rdf:datatype="http://www.w3.org/2001/XMLSchema#string">en</j.0:Designation.designation_language>
    <j.0:Designation.designation_sign rdf:datatype="http://www.w3.org/2001/XMLSchema#string">SR-1530</j.0:Designation.designation_sign>
    <j.0:Designation.item rdf:resource="http://bambam.lbl.gov:8080/xmdr/content/NCI_Thesaurus/R-C/C/1065.xml"/>
    <rdf:type rdf:resource="http://www.w3.org/2002/07/owl#Thing"/>
    <rdf:type rdf:resource="http://xmdr.org/ont/iso11179-3e3draft_r4.owl#Designation"/>
  </rdf:Description>
  <rdf:Description rdf:nodeID="A11">
    <j.0:Designation_Context.relevant_designation rdf:nodeID="A12"/>
    <j.0:Designation_Context.preferred_designation_indicator rdf:datatype="http://www.w3.org/2001/XMLSchema#boolean">
            true
          </j.0:Designation_Context.preferred_designation_indicator>
    <j.0:Designation_Context.scope rdf:resource="http://bambam.lbl.gov:8080/xmdr/content/NCI_Thesaurus/CON/DEFAULT.xml"/>
    <rdf:type rdf:resource="http://www.w3.org/2002/07/owl#Thing"/>
    <rdf:type rdf:resource="http://xmdr.org/ont/iso11179-3e3draft_r4.owl#Designation_Context"/>
  </rdf:Description>
  <rdf:Description rdf:nodeID="A13">
    <j.0:Identification.item_identifier rdf:datatype="http://www.w3.org/2001/XMLSchema#string">NCI_Thesaurus/R-C/C/1065.xml#P4</j.0:Identification.item_identifier>
    <j.0:Identification.identifier_scope rdf:nodeID="A14"/>
    <j.0:Identification.identifier_context rdf:resource="http://bambam.lbl.gov:8080/xmdr/content/admin/XMDR_Register.xml"/>
    <rdf:type rdf:resource="http://www.w3.org/2002/07/owl#Thing"/>
    <rdf:type rdf:resource="http://xmdr.org/ont/iso11179-3e3draft_r4.owl#Identification"/>
  </rdf:Description>
  <rdf:Description rdf:nodeID="A15">
    <j.0:Definition.definition_source_reference rdf:resource="http://bambam.lbl.gov:8080/xmdr/content//NCI_Thesaurus/RD/NCI.xml"/>
    <j.0:Definition.definition_language rdf:datatype="http://www.w3.org/2001/XMLSchema#string">en</j.0:Definition.definition_language>
    <j.0:Definition.definition_text rdf:datatype="http://www.w3.org/2001/XMLSchema#string">A radiosensitizer that targets hypoxic cells and act as oxygen substitute making tumor cells sensitive to radiation damage.</j.0:Definition.definition_text>
    <j.0:Definition.item rdf:resource="http://bambam.lbl.gov:8080/xmdr/content/NCI_Thesaurus/R-C/C/1065.xml"/>
    <rdf:type rdf:resource="http://xmdr.org/ont/iso11179-3e3draft_r4.owl#Definition"/>
    <rdf:type rdf:resource="http://www.w3.org/2002/07/owl#Thing"/>
  </rdf:Description>
  <rdf:Description rdf:nodeID="A16">
    <j.0:Identification.item_identifier rdf:datatype="http://www.w3.org/2001/XMLSchema#string">NCI_Thesaurus/R-C/C/1065.xml#P11</j.0:Identification.item_identifier>
    <j.0:Identification.identifier_scope rdf:nodeID="A17"/>
    <j.0:Identification.identifier_context rdf:resource="http://bambam.lbl.gov:8080/xmdr/content/admin/XMDR_Register.xml"/>
    <rdf:type rdf:resource="http://www.w3.org/2002/07/owl#Thing"/>
    <rdf:type rdf:resource="http://xmdr.org/ont/iso11179-3e3draft_r4.owl#Identification"/>
  </rdf:Description>
  <rdf:Description rdf:nodeID="A2">
    <j.0:Identification.item_identifier rdf:datatype="http://www.w3.org/2001/XMLSchema#string">NCI_Thesaurus/R-C/C/1065.xml#P12</j.0:Identification.item_identifier>
    <j.0:Identification.identifier_scope rdf:nodeID="A1"/>
    <j.0:Identification.identifier_context rdf:resource="http://bambam.lbl.gov:8080/xmdr/content/admin/XMDR_Register.xml"/>
    <rdf:type rdf:resource="http://www.w3.org/2002/07/owl#Thing"/>
    <rdf:type rdf:resource="http://xmdr.org/ont/iso11179-3e3draft_r4.owl#Identification"/>
  </rdf:Description>
  <rdf:Description rdf:nodeID="A18">
    <j.0:Facet.facet_value rdf:datatype="http://www.w3.org/2001/XMLSchema#string">Desmethylmisonidazole</j.0:Facet.facet_value>
    <rdf:type rdf:resource="http://xmdr.org/ont/iso11179-3e3draft_r4.owl#Facet"/>
    <j.0:Classification_Node.container rdf:resource="http://bambam.lbl.gov:8080/xmdr/content/NCI_Thesaurus/CS.xml"/>
    <rdf:type rdf:resource="http://xmdr.org/ont/iso11179-3e3draft_r4.owl#Classification_Node"/>
    <j.0:Facet.facet_name rdf:datatype="http://www.w3.org/2001/XMLSchema#string">CONCEPT_NAME</j.0:Facet.facet_name>
    <rdf:type rdf:resource="http://xmdr.org/ont/iso11179-3e3draft_r4.owl#Designatable_Item"/>
    <rdf:type rdf:resource="http://www.w3.org/2002/07/owl#Thing"/>
    <j.0:Classification_Node.classified_item rdf:resource="http://bambam.lbl.gov:8080/xmdr/content/NCI_Thesaurus/R-C/C/1065.xml"/>
    <j.0:Identified_Item.identification_identifier_scope rdf:nodeID="A19"/>
    <rdf:type rdf:resource="http://xmdr.org/ont/iso11179-3e3draft_r4.owl#Identified_Item"/>
  </rdf:Description>
  <rdf:Description rdf:nodeID="A12">
    <j.0:Designation.designation_language rdf:datatype="http://www.w3.org/2001/XMLSchema#string">en</j.0:Designation.designation_language>
    <j.0:Designation.designation_sign rdf:datatype="http://www.w3.org/2001/XMLSchema#string">Desmethylmisonidazole</j.0:Designation.designation_sign>
    <j.0:Designation.item rdf:resource="http://bambam.lbl.gov:8080/xmdr/content/NCI_Thesaurus/R-C/C/1065.xml"/>
    <j.0:Designation.designation_context_relevant_designation rdf:nodeID="A11"/>
    <rdf:type rdf:resource="http://www.w3.org/2002/07/owl#Thing"/>
    <rdf:type rdf:resource="http://xmdr.org/ont/iso11179-3e3draft_r4.owl#Designation"/>
  </rdf:Description>
  <rdf:Description rdf:about="http://bambam.lbl.gov:8080/xmdr/content/NCI_Thesaurus/R-C/C/1065.xml">
    <j.0:Classifiable_Item.classification rdf:nodeID="A17"/>
    <j.0:Designatable_Item.definition rdf:nodeID="A15"/>
    <rdf:type rdf:resource="http://xmdr.org/ont/iso11179-3e3draft_r4.owl#Classification_Node"/>
    <j.0:Designatable_Item.designation rdf:nodeID="A10"/>
    <j.0:Registered_Item.submission_submitted_item rdf:nodeID="A20"/>
    <j.0:Identified_Item.identification_identifier_scope rdf:nodeID="A21"/>
    <j.0:Designatable_Item.designation rdf:nodeID="A22"/>
    <j.0:Designatable_Item.designation rdf:nodeID="A7"/>
    <j.0:Classifiable_Item.classification rdf:nodeID="A23"/>
    <rdf:type rdf:resource="http://xmdr.org/ont/iso11179-3e3draft_r4.owl#Documentable_Item"/>
    <rdf:type rdf:resource="http://xmdr.org/ont/iso11179-3e3draft_r4.owl#Identified_Item"/>
    <j.0:Classifiable_Item.classification rdf:nodeID="A4"/>
    <rdf:type rdf:resource="http://www.w3.org/2002/07/owl#Thing"/>
    <j.0:Attached_Item.owner rdf:resource="http://bambam.lbl.gov:8080/xmdr/content/NCI_Thesaurus/CS.xml"/>
    <j.0:Classifiable_Item.classification rdf:nodeID="A9"/>
    <j.0:Classifiable_Item.classification rdf:nodeID="A1"/>
    <rdf:type rdf:resource="http://xmdr.org/ont/iso11179-3e3draft_r4.owl#Reference_Concept"/>
    <j.0:Designatable_Item.designation rdf:nodeID="A0"/>
    <j.0:Classifiable_Item.classification rdf:nodeID="A5"/>
    <j.0:Classifiable_Item.classification rdf:nodeID="A18"/>
    <rdf:type rdf:resource="http://xmdr.org/ont/iso11179-3e3draft_r4.owl#Attached_Item"/>
    <rdf:type rdf:resource="http://xmdr.org/ont/iso11179-3e3draft_r4.owl#Designatable_Item"/>
    <rdf:type rdf:resource="http://xmdr.org/ont/iso11179-3e3draft_r4.owl#Concept"/>
    <rdf:type rdf:resource="http://xmdr.org/ont/iso11179-3e3draft_r4.owl#Classifiable_Item"/>
    <rdf:type rdf:resource="http://xmdr.org/ont/iso11179-3e3draft_r4.owl#Registered_Item"/>
    <j.0:Designatable_Item.designation rdf:nodeID="A24"/>
    <j.0:Classifiable_Item.classification rdf:nodeID="A14"/>
    <j.0:Concept.container rdf:resource="http://bambam.lbl.gov:8080/xmdr/content/NCI_Thesaurus/CS.xml"/>
    <j.0:Designatable_Item.designation rdf:nodeID="A12"/>
    <j.0:Concept.link_end_end rdf:nodeID="A25"/>
  </rdf:Description>
  <rdf:Description rdf:nodeID="A24">
    <j.0:Designation.designation_language rdf:datatype="http://www.w3.org/2001/XMLSchema#string">en</j.0:Designation.designation_language>
    <j.0:Designation.designation_sign rdf:datatype="http://www.w3.org/2001/XMLSchema#string">Demethylmisonidazole</j.0:Designation.designation_sign>
    <j.0:Designation.item rdf:resource="http://bambam.lbl.gov:8080/xmdr/content/NCI_Thesaurus/R-C/C/1065.xml"/>
    <rdf:type rdf:resource="http://www.w3.org/2002/07/owl#Thing"/>
    <rdf:type rdf:resource="http://xmdr.org/ont/iso11179-3e3draft_r4.owl#Designation"/>
  </rdf:Description>
  <rdf:Description rdf:nodeID="A6">
    <j.0:Identification.item_identifier rdf:datatype="http://www.w3.org/2001/XMLSchema#string">NCI_Thesaurus/R-C/C/1065.xml#P14</j.0:Identification.item_identifier>
    <j.0:Identification.identifier_scope rdf:nodeID="A5"/>
    <j.0:Identification.identifier_context rdf:resource="http://bambam.lbl.gov:8080/xmdr/content/admin/XMDR_Register.xml"/>
    <rdf:type rdf:resource="http://www.w3.org/2002/07/owl#Thing"/>
    <rdf:type rdf:resource="http://xmdr.org/ont/iso11179-3e3draft_r4.owl#Identification"/>
  </rdf:Description>
  <rdf:Description rdf:nodeID="A17">
    <rdf:type rdf:resource="http://xmdr.org/ont/iso11179-3e3draft_r4.owl#Classification_Node"/>
    <j.0:Classification_Node.classified_item rdf:resource="http://bambam.lbl.gov:8080/xmdr/content/NCI_Thesaurus/R-C/C/1065.xml"/>
    <rdf:type rdf:resource="http://xmdr.org/ont/iso11179-3e3draft_r4.owl#Identified_Item"/>
    <rdf:type rdf:resource="http://xmdr.org/ont/iso11179-3e3draft_r4.owl#Facet"/>
    <j.0:Identified_Item.identification_identifier_scope rdf:nodeID="A16"/>
    <j.0:Facet.facet_value rdf:datatype="http://www.w3.org/2001/XMLSchema#string">261036</j.0:Facet.facet_value>
    <rdf:type rdf:resource="http://www.w3.org/2002/07/owl#Thing"/>
    <rdf:type rdf:resource="http://xmdr.org/ont/iso11179-3e3draft_r4.owl#Designatable_Item"/>
    <j.0:Classification_Node.container rdf:resource="http://bambam.lbl.gov:8080/xmdr/content/NCI_Thesaurus/CS.xml"/>
    <j.0:Facet.facet_name rdf:datatype="http://www.w3.org/2001/XMLSchema#string">dNSC_Code</j.0:Facet.facet_name>
  </rdf:Description>
  <rdf:Description rdf:nodeID="A21">
    <j.0:Identification.item_identifier rdf:datatype="http://www.w3.org/2001/XMLSchema#string">NCI_Thesaurus/R-C/C/1065.xml</j.0:Identification.item_identifier>
    <j.0:Identification.identifier_scope rdf:resource="http://bambam.lbl.gov:8080/xmdr/content/NCI_Thesaurus/R-C/C/1065.xml"/>
    <j.0:Identification.identifier_context rdf:resource="http://bambam.lbl.gov:8080/xmdr/content/admin/XMDR_Register.xml"/>
    <rdf:type rdf:resource="http://www.w3.org/2002/07/owl#Thing"/>
    <rdf:type rdf:resource="http://xmdr.org/ont/iso11179-3e3draft_r4.owl#Identification"/>
  </rdf:Description>
  <rdf:Description rdf:nodeID="A4">
    <j.0:Facet.facet_name rdf:datatype="http://www.w3.org/2001/XMLSchema#string">primitive</j.0:Facet.facet_name>
    <j.0:Identified_Item.identification_identifier_scope rdf:nodeID="A3"/>
    <rdf:type rdf:resource="http://www.w3.org/2002/07/owl#Thing"/>
    <rdf:type rdf:resource="http://xmdr.org/ont/iso11179-3e3draft_r4.owl#Classification_Node"/>
    <j.0:Classification_Node.classified_item rdf:resource="http://bambam.lbl.gov:8080/xmdr/content/NCI_Thesaurus/R-C/C/1065.xml"/>
    <j.0:Facet.facet_value rdf:datatype="http://www.w3.org/2001/XMLSchema#string">true</j.0:Facet.facet_value>
    <j.0:Classification_Node.container rdf:resource="http://bambam.lbl.gov:8080/xmdr/content/NCI_Thesaurus/CS.xml"/>
    <rdf:type rdf:resource="http://xmdr.org/ont/iso11179-3e3draft_r4.owl#Identified_Item"/>
    <rdf:type rdf:resource="http://xmdr.org/ont/iso11179-3e3draft_r4.owl#Facet"/>
    <rdf:type rdf:resource="http://xmdr.org/ont/iso11179-3e3draft_r4.owl#Designatable_Item"/>
  </rdf:Description>
  <rdf:Description rdf:nodeID="A22">
    <j.0:Designation.designation_language rdf:datatype="http://www.w3.org/2001/XMLSchema#string">en</j.0:Designation.designation_language>
    <j.0:Designation.designation_sign rdf:datatype="http://www.w3.org/2001/XMLSchema#string">Desmethylmisonidazole</j.0:Designation.designation_sign>
    <j.0:Designation.item rdf:resource="http://bambam.lbl.gov:8080/xmdr/content/NCI_Thesaurus/R-C/C/1065.xml"/>
    <rdf:type rdf:resource="http://www.w3.org/2002/07/owl#Thing"/>
    <rdf:type rdf:resource="http://xmdr.org/ont/iso11179-3e3draft_r4.owl#Designation"/>
  </rdf:Description>
  <rdf:Description rdf:nodeID="A9">
    <rdf:type rdf:resource="http://www.w3.org/2002/07/owl#Thing"/>
    <j.0:Facet.facet_name rdf:datatype="http://www.w3.org/2001/XMLSchema#string">CAS_Registry</j.0:Facet.facet_name>
    <j.0:Classification_Node.classified_item rdf:resource="http://bambam.lbl.gov:8080/xmdr/content/NCI_Thesaurus/R-C/C/1065.xml"/>
    <j.0:Classification_Node.container rdf:resource="http://bambam.lbl.gov:8080/xmdr/content/NCI_Thesaurus/CS.xml"/>
    <rdf:type rdf:resource="http://xmdr.org/ont/iso11179-3e3draft_r4.owl#Facet"/>
    <rdf:type rdf:resource="http://xmdr.org/ont/iso11179-3e3draft_r4.owl#Identified_Item"/>
    <j.0:Facet.facet_value rdf:datatype="http://www.w3.org/2001/XMLSchema#string">13551-92-3</j.0:Facet.facet_value>
    <rdf:type rdf:resource="http://xmdr.org/ont/iso11179-3e3draft_r4.owl#Classification_Node"/>
    <j.0:Identified_Item.identification_identifier_scope rdf:nodeID="A8"/>
    <rdf:type rdf:resource="http://xmdr.org/ont/iso11179-3e3draft_r4.owl#Designatable_Item"/>
  </rdf:Description>
  <rdf:Description rdf:nodeID="A23">
    <rdf:type rdf:resource="http://xmdr.org/ont/iso11179-3e3draft_r4.owl#Identified_Item"/>
    <rdf:type rdf:resource="http://xmdr.org/ont/iso11179-3e3draft_r4.owl#Designatable_Item"/>
    <j.0:Facet.facet_name rdf:datatype="http://www.w3.org/2001/XMLSchema#string">Semantic_Type</j.0:Facet.facet_name>
    <j.0:Facet.facet_value rdf:datatype="http://www.w3.org/2001/XMLSchema#string">Organic Chemical</j.0:Facet.facet_value>
    <rdf:type rdf:resource="http://xmdr.org/ont/iso11179-3e3draft_r4.owl#Classification_Node"/>
    <j.0:Classification_Node.container rdf:resource="http://bambam.lbl.gov:8080/xmdr/content/NCI_Thesaurus/CS.xml"/>
    <j.0:Classification_Node.classified_item rdf:resource="http://bambam.lbl.gov:8080/xmdr/content/NCI_Thesaurus/R-C/C/1065.xml"/>
    <rdf:type rdf:resource="http://www.w3.org/2002/07/owl#Thing"/>
    <j.0:Identified_Item.identification_identifier_scope rdf:nodeID="A26"/>
    <rdf:type rdf:resource="http://xmdr.org/ont/iso11179-3e3draft_r4.owl#Facet"/>
  </rdf:Description>
  <rdf:Description rdf:nodeID="A19">
    <j.0:Identification.item_identifier rdf:datatype="http://www.w3.org/2001/XMLSchema#string">NCI_Thesaurus/R-C/C/1065.xml#P1</j.0:Identification.item_identifier>
    <j.0:Identification.identifier_scope rdf:nodeID="A18"/>
    <j.0:Identification.identifier_context rdf:resource="http://bambam.lbl.gov:8080/xmdr/content/admin/XMDR_Register.xml"/>
    <rdf:type rdf:resource="http://www.w3.org/2002/07/owl#Thing"/>
    <rdf:type rdf:resource="http://xmdr.org/ont/iso11179-3e3draft_r4.owl#Identification"/>
  </rdf:Description>
  <rdf:Description rdf:nodeID="A20">
    <j.0:Submission.submitted_item rdf:resource="http://bambam.lbl.gov:8080/xmdr/content/NCI_Thesaurus/R-C/C/1065.xml"/>
    <j.0:Submission.submitter rdf:resource="http://bambam.lbl.gov:8080/xmdr/content/admin/XMDR_Registration_Authority.xml"/>
    <j.0:Submission.submission_contact rdf:resource="http://bambam.lbl.gov:8080/xmdr/content/admin/XMDR_Registrar.xml"/>
    <rdf:type rdf:resource="http://www.w3.org/2002/07/owl#Thing"/>
    <rdf:type rdf:resource="http://xmdr.org/ont/iso11179-3e3draft_r4.owl#Submission"/>
  </rdf:Description>
  <rdf:Description rdf:nodeID="A14">
    <j.0:Facet.facet_value rdf:datatype="http://www.w3.org/2001/XMLSchema#string">Hazardous or Poisonous Substance</j.0:Facet.facet_value>
    <rdf:type rdf:resource="http://www.w3.org/2002/07/owl#Thing"/>
    <j.0:Classification_Node.classified_item rdf:resource="http://bambam.lbl.gov:8080/xmdr/content/NCI_Thesaurus/R-C/C/1065.xml"/>
    <rdf:type rdf:resource="http://xmdr.org/ont/iso11179-3e3draft_r4.owl#Identified_Item"/>
    <j.0:Facet.facet_name rdf:datatype="http://www.w3.org/2001/XMLSchema#string">Semantic_Type</j.0:Facet.facet_name>
    <j.0:Classification_Node.container rdf:resource="http://bambam.lbl.gov:8080/xmdr/content/NCI_Thesaurus/CS.xml"/>
    <rdf:type rdf:resource="http://xmdr.org/ont/iso11179-3e3draft_r4.owl#Designatable_Item"/>
    <rdf:type rdf:resource="http://xmdr.org/ont/iso11179-3e3draft_r4.owl#Facet"/>
    <j.0:Identified_Item.identification_identifier_scope rdf:nodeID="A13"/>
    <rdf:type rdf:resource="http://xmdr.org/ont/iso11179-3e3draft_r4.owl#Classification_Node"/>
  </rdf:Description>
  <rdf:Description rdf:nodeID="A25">
    <j.0:Link_End.end rdf:resource="http://bambam.lbl.gov:8080/xmdr/content/NCI_Thesaurus/R-C/C/1065.xml"/>
    <j.0:Link_End.role rdf:resource="http://bambam.lbl.gov:8080/xmdr/content/NCI_Thesaurus/R-R/hasSubtype.isA.xml"/>
    <j.0:Link_End.link rdf:resource="http://bambam.lbl.gov:8080/xmdr/content/NCI_Thesaurus/L/hasSubtype/NCI_Thesaurus/C798/NCI_Thesaurus/C/1065.xml"/>
    <rdf:type rdf:resource="http://www.w3.org/2002/07/owl#Thing"/>
    <rdf:type rdf:resource="http://xmdr.org/ont/iso11179-3e3draft_r4.owl#Link_End"/>
  </rdf:Description>
  <rdf:Description rdf:nodeID="A26">
    <j.0:Identification.item_identifier rdf:datatype="http://www.w3.org/2001/XMLSchema#string">NCI_Thesaurus/R-C/C/1065.xml#P5</j.0:Identification.item_identifier>
    <j.0:Identification.identifier_scope rdf:nodeID="A23"/>
    <j.0:Identification.identifier_context rdf:resource="http://bambam.lbl.gov:8080/xmdr/content/admin/XMDR_Register.xml"/>
    <rdf:type rdf:resource="http://www.w3.org/2002/07/owl#Thing"/>
    <rdf:type rdf:resource="http://xmdr.org/ont/iso11179-3e3draft_r4.owl#Identification"/>
  </rdf:Description>
</rdf:RDF>
