<?xml version="1.0"?>
<metadata><Source>http://www.pasda.psu.edu/documents/metadata/clearinghouse/urb-lawrence.xml</Source>
<idinfo>
<citation>
<citeinfo>
<origin>Joe Bishop</origin>
<pubdate>1998</pubdate>
<title>Urban Areas of Lawrence County</title>
<pubinfo>
<pubplace>University Park, PA</pubplace>
<publish>The Pennsylvania State University</publish>
</pubinfo>
<onlink>ftp://www.pasda.psu.edu/pub/pasda/urban/urb-lawrence.zip</onlink>
</citeinfo>
</citation>
<timeperd>
<timeinfo>
<sngdate>
<caldate>1997</caldate>
</sngdate>
</timeinfo>
<current>publication date of Terrabyte images</current>
</timeperd>
<status>
<progress>complete</progress>
<update>None planned</update>
</status>
<spdom>
<bounding>
<westbc>-80.519302</westbc>
<eastbc>-80.097000</eastbc>
<northbc>41.128010</northbc>
<southbc>40.851391</southbc>
</bounding>
</spdom>
<keywords>
<theme>
<themekt>none</themekt>
<themekey>urban urbanity landuse metro metropolitan civil civility city cities town towns village villages</themekey>
</theme>
<place>
<placekt>none</placekt>
<placekey>Pennsylvania</placekey>
<placekey>Lawrence County</placekey>
</place>
</keywords>
<accconst>none</accconst>
<useconst>INTENDED FOR EDUCATIONAL/DEMONSTRATION PURPOSES ONLY. The USER shall indemnify, save harmless, and, if requested, defend those parties involved with the  development and distribution of this data, their officers, agents, and employees from and against any suits, claims, or actions for injury, death, or property damage arising out of the use of or any defect in the FILES or any accompanying documentation. Those parties involved with the development and distribution excluded any and all implied warranties, including warranties or merchantability and fitness for a particular purpose and makes no warranty or representation, either express or implied, with respect to the FILES or accompanying documentation, including its quality, performance, merchantability, or fitness for a particular purpose. The FILES and documentation are provided "as is" and the USER assumes the entire risk as to its quality and performance. Those parties involved with the  development and distribution of this data will not be liable for any direct, indirect, special, incidental, or consequential damages arising out of the use or inability to use the FILES or any accompanying documentation. </useconst>
<ptcontac>
<cntinfo>
<cntperp>
<cntper>Joe Bishop</cntper>
<cntorg>Office for Remote Sensing of Earth Resources</cntorg>
</cntperp>
<cntaddr>
<addrtype>mailing address</addrtype>
<address>Land and Water Building</address>
<city>University Park</city>
<state>PA</state>
<postal>16802</postal>
<country>USA</country>
</cntaddr>
<cntvoice>814-863-5541</cntvoice>
<cntemail>jab@orser9.erri.psu.edu</cntemail>
</cntinfo>
</ptcontac>
</idinfo>
<dataqual>
<attracc>
<attraccr>Data reflects accurate interpretation of the satellite land cover imagery and road data.</attraccr>
</attracc>
<logic>Polygon topology present. Reviewed visually.</logic>
<complete>Compiled from source materials completely covering the state of Pennsylvania.</complete>
<posacc>
<horizpa>
<horizpar>Reviewed visually against and in overlay with the digital source materials.</horizpar>
</horizpa>
</posacc>
<lineage>
<srcinfo>
<srccite>
<citeinfo>
<origin>Wayne Myers</origin>
<pubdate>1997</pubdate>
<title>Terrabyte images of Pennsylvania</title>
<pubinfo>
<pubplace>University Park, PA</pubplace>
<publish>Pennsylvania State University</publish>
</pubinfo>
<onlink>http://www.pasda.psu.edu</onlink>
</citeinfo>
</srccite>
<typesrc>online</typesrc>
<srctime>
<timeinfo>
<sngdate>
<caldate>1997</caldate>
</sngdate>
</timeinfo>
<srccurr>publication date</srccurr>
</srctime>
<srccitea>Terrabyte images</srccitea>
<srccontr>provided land cover information for digitization</srccontr>
</srcinfo>
<srcinfo>
<srccite>
<citeinfo>
<origin>Pennsylvania Department of Transportation</origin>
<pubdate>1996</pubdate>
<title>County Centerline Files</title>
<pubinfo>
<pubplace>Harrisburg, PA</pubplace>
<publish>Pennsylvania Department of Transportation</publish>
</pubinfo>
</citeinfo>
</srccite>
<typesrc>online</typesrc>
<srctime>
<timeinfo>
<sngdate>
<caldate>1996</caldate>
</sngdate>
</timeinfo>
<srccurr>publication date</srccurr>
</srctime>
<srccitea>County CLF</srccitea>
<srccontr>provided road density information for digitization</srccontr>
</srcinfo>
<procstep>
<procdesc>Terrabyte image data and County CLF data were layered urban areas were identified according to the land cover type and road density.  Areas were digitized and classified.n</procdesc>
<srcused>Terrabyte images and County CLF</srcused>
<procdate>1997</procdate>
<proccont>
<cntinfo>
<cntperp>
<cntper>Joe Bishop</cntper>
<cntorg>Office for Remote Sensing of Earth Resources</cntorg>
</cntperp>
<cntaddr>
<addrtype>mailing address</addrtype>
<address>Land  Water Building</address>
<city>University Park</city>
<state>PA</state>
<postal>16802</postal>
<country>USA</country>
</cntaddr>
<cntvoice>814-863-5541</cntvoice>
<cntemail>jab@orser9.erri.psu.edu</cntemail>
</cntinfo>
</proccont>
</procstep>
</lineage>
</dataqual>
<spdoinfo>
<direct>vector</direct>
</spdoinfo>
<spref>
<horizsys>
<planar>
<mapproj>
<mapprojn>Lambert Conformal Conic</mapprojn>
<lambertc>
<stdparll>33.0</stdparll>
<stdparll>45.0</stdparll>
<longcm>-96.0</longcm>
<latprjo>39.0</latprjo>
<feast>0.0</feast>
<fnorth>0.0</fnorth>
</lambertc>
</mapproj>
<planci>
<plance>coordinate pair</plance>
<coordrep>
<absres>0.9953695535659</absres>
<ordres>0.9953695535659</ordres>
</coordrep>
<plandu>meters</plandu>
</planci>
</planar>
<geodetic>
<horizdn>North American Datum of 1927</horizdn>
<ellips>Clarke 1866</ellips>
<semiaxis>6378206.4</semiaxis>
<denflat>294.98</denflat>
</geodetic>
</horizsys>
</spref>
<eainfo>
<overview>
<eaover>Contains the classification of each polygon as high-density urban, low-density urban or non-urban.</eaover>
<eadetcit>dataset originator</eadetcit>
</overview>
</eainfo>
<distinfo>
<distrib>
<cntinfo>
<cntorgp>
<cntorg>Pennsylvania Spatial Data Access (PASDA)</cntorg>
</cntorgp>
<cntaddr>
<addrtype>mailing address</addrtype>
<address>Land and Water Building</address>
<city>University Park</city>
<state>PA</state>
<postal>16802</postal>
</cntaddr>
<cntvoice>814-863-0104</cntvoice>
<cntemail>pasda@psu.edu</cntemail>
</cntinfo>
</distrib>
<distliab>The USER shall indemnify, save harmless, and, if requested, defend those parties involved with the development and distribution of this data, their officers, agents, and employees from and against any suits, claims, or actions for injury, death, or property damage arising out of the use of or any defect in the FILES or any accompanying documentation. Those parties involved with the development and distribution excluded any and all implied warranties, including warranties or merchantability and fitness for a particular purpose and makes no warranty or representation, either express or implied, with respect to the FILES or accompanying documentation, including its quality, performance, merchantability, or fitness for a particular purpose. The FILES and documentation are provided "as is" and the USER assumes the entire risk as to its quality and performance. Those parties involved with the development and distribution of this data will not be liable for any direct, indirect, special, incidental, or consequential damages arising out of the use or inability to use the FILES or any accompanying documentation.</distliab>
<stdorder>
<digform>
<digtinfo>
<formname>ARCE (ARC/INFO export)</formname>
</digtinfo>
<digtopt>
<onlinopt>
<computer>
<networka>
<networkr>http://www.pasda.psu.edu</networkr>
</networka>
</computer>
</onlinopt>
</digtopt>
</digform>
<fees>none</fees>
</stdorder>
</distinfo>
<metainfo>
<metd>19981027</metd>
<metrd>19981028</metrd>
<metc>
<cntinfo>
<cntperp>
<cntper>Christopher Pfeiffer</cntper>
<cntorg>PASDA</cntorg>
</cntperp>
<cntaddr>
<addrtype>mailing address</addrtype>
<address>E506 Pattee Library</address>
<city>University Park</city>
<state>PA</state>
<postal>16802</postal>
<country>USA</country>
</cntaddr>
<cntvoice>814-865-1755</cntvoice>
<cntfax>814-863-7293</cntfax>
<cntemail>pasda@psu.edu</cntemail>
</cntinfo>
</metc>
<metstdn>Content Standards for Digital Geospatial Metadata</metstdn>
<metstdv>FGDC-STD-001-1998</metstdv>
</metainfo>
</metadata>
