<?xml version="1.0" encoding="UTF-8"?>
<?xml-stylesheet type="text/xsl" href="billres.xsl"?>
<!--<?xml version="1.0"?>-->
<!--<!DOCTYPE resolution PUBLIC "-//US Congress//DTDs/res.dtd//EN" "C:\Program Files\Corel\rules\res.dtd" []>-->
<!DOCTYPE resolution PUBLIC "-//US Congress//DTDs/res v2.8 20020720//EN" "http://thomas.loc.gov/dtd/res.dtd">
<resolution dms-id="HD37BAFC43FA84291A709C848CB12B765" key="H" public-private="public" resolution-stage="Introduced-in-House" resolution-type="house-resolution" star-print="no-star-print">
<metadata xmlns:dc="http://purl.org/dc/elements/1.1/">
<dublinCore>
<dc:title>110 HRES 241 IH: Urging multilateral financial institutions
</dc:title>
<dc:publisher>U.S. House of Representatives</dc:publisher>
<dc:date>2007-03-13</dc:date>
<dc:format>text/xml</dc:format>
<dc:language>EN</dc:language>
<dc:rights>Pursuant to Title 17 Section 105 of the United States Code, this file is not subject to copyright protection and is in the public domain.</dc:rights>
</dublinCore>
</metadata>
	<form>
		<distribution-code display="yes">IV</distribution-code>
		<congress display="yes">110th CONGRESS</congress>
		<session display="yes">1st Session</session>
		<legis-num>H. RES. 241</legis-num>
		<current-chamber>IN THE HOUSE OF REPRESENTATIVES</current-chamber>
		<action display="yes">
			<action-date date="20070313">March 13, 2007</action-date>
			<action-desc><sponsor name-id="W000187">Ms. Waters</sponsor> (for
			 herself, <cosponsor name-id="B000013">Mr. Bachus</cosponsor>,
			 <cosponsor name-id="D000210">Mr. Delahunt</cosponsor>,
			 <cosponsor name-id="L000551">Ms. Lee</cosponsor>, <cosponsor name-id="P000149">Mr. Payne</cosponsor>, <cosponsor name-id="C000714">Mr.
			 Conyers</cosponsor>, <cosponsor name-id="G000535">Mr. Gutierrez</cosponsor>,
			 and <cosponsor name-id="M000087">Mrs. Maloney of New York</cosponsor>)
			 submitted the following resolution; which was referred to the
			 <committee-name committee-id="HBA00">Committee on Financial
			 Services</committee-name></action-desc>
		</action>
		<legis-type>RESOLUTION</legis-type>
		<official-title display="yes">Urging multilateral financial institutions
		  to cancel completely and immediately Haiti’s debts to such institutions, and
		  for other purposes.</official-title>
	</form>
	<preamble>
		<whereas><text>Whereas the Enhanced Heavily Indebted Poor Countries
			 Initiative was established by the International Monetary Fund (IMF) and the
			 International Bank for Reconstruction and Development (World Bank), in 1999, to
			 reduce the excessive debt burdens of the world’s poorest countries, including
			 debts owed to the IMF, the World Bank, and the Inter-American Development
			 Bank;</text>
		</whereas><whereas><text>Whereas the Multilateral Debt Relief Initiative was
			 negotiated by the leaders of the G–8 countries at the G–8 Summit in Gleneagles,
			 Scotland, in 2005, in order to provide eligible poor countries complete
			 cancellation of debts owed to the IMF and the World Bank;</text>
		</whereas><whereas><text>Whereas Haiti is the poorest country in the Western
			 Hemisphere;</text>
		</whereas><whereas><text>Whereas violence and natural disasters have caused
			 tremendous suffering and loss of life in Haiti;</text>
		</whereas><whereas><text>Whereas the IMF estimates that Haiti owes $1,097,800,000
			 to multilateral financial institutions, including $21,400,000 to the IMF,
			 $507,100,000 to the World Bank, and $533,900,000 to the Inter-American
			 Development Bank;</text>
		</whereas><whereas><text>Whereas much of Haiti’s debt burden was accumulated during
			 the oppressive rule of the Duvalier regimes, which did not use the money for
			 the benefit of the Haitian people;</text>
		</whereas><whereas><text>Whereas the IMF estimated that Haiti would spend
			 $56,200,000 on debt service payments to multilateral creditors during the
			 2006-2007 fiscal year, including $17,000,000 to the IMF, $11,600,000 to the
			 World Bank, and $25,700,000 to the Inter-American Development Bank;</text>
		</whereas><whereas><text>Whereas the debt service payments that the government of
			 Haiti makes to multilateral creditors take money away from critical
			 infrastructure development projects and essential government services,
			 including health care and education;</text>
		</whereas><whereas><text>Whereas Haiti has participated in the Enhanced Heavily
			 Indebted Poor Countries Initiative since November 22, 2006, but has not been
			 able to participate in the Multilateral Debt Relief Initiative;</text>
		</whereas><whereas><text>Whereas the IMF has predicted that Haiti may not receive
			 complete debt cancellation from the IMF and the World Bank under the
			 Multilateral Debt Relief Initiative until September of 2008;</text>
		</whereas><whereas><text>Whereas the impoverished people of Haiti cannot wait until
			 September of 2008 to experience the benefits of complete debt
			 cancellation;</text>
		</whereas><whereas><text>Whereas, on May 14, 2006, Rene Garcia Preval was sworn in
			 as the President of Haiti following democratic elections in which 2,200,000
			 Haitians—more than 60 percent of registered voters—participated; and</text>
		</whereas><whereas><text>Whereas the cancellation of Haiti’s debts will enable the
			 democratically-elected government of Haiti to improve health care, education,
			 and other essential government services, invest in critical infrastructure, and
			 improve the lives of the Haitian people: Now, therefore, be it</text>
		</whereas></preamble>
	<resolution-body id="HE9D7A8EAAEA94ABB9CB90058D800245D" style="traditional">
		<section display-inline="yes-display-inline" id="H89F00E94FA0D441A9B95931CA5B9BB2D" section-type="undesignated-section"><enum></enum><text>That the House of Representatives
			 urges—</text>
			<paragraph id="H3BCDF5004E6F49138F8646943CF0B734"><enum>(1)</enum><text display-inline="yes-display-inline">the International Monetary Fund, the
			 International Bank for Reconstruction and Development (World Bank), the
			 Inter-American Development Bank, and other multilateral financial institutions
			 to cancel completely and immediately Haiti’s debts to such institutions;
			 and</text>
			</paragraph><paragraph id="H325D98E85EA246D09CBD94D321FFF191"><enum>(2)</enum><text>the Secretary of
			 the Treasury to instruct the United States Executive Directors at such
			 institutions to use the voice, vote, and influence of the United States to
			 accomplish this goal.</text>
			</paragraph></section></resolution-body>
</resolution>


