<?xml version="1.0" encoding="UTF-8"?>
<mods xmlns:xlink="http://www.w3.org/1999/xlink" xmlns:xsi="http://www.w3.org/2001/XMLSchema-instance" xmlns="http://www.loc.gov/mods/v3" version="3.3" xsi:schemaLocation="http://www.loc.gov/mods/v3 http://www.loc.gov/standards/mods/v3/mods-3-3.xsd" ID="id-00-9375">
<name type="corporate">
<namePart>United States Government Printing Office</namePart>
<role>
<roleTerm authority="marcrelator" type="text">printer</roleTerm>
<roleTerm authority="marcrelator" type="code">prt</roleTerm>
</role>
<role>
<roleTerm authority="marcrelator" type="text">distributor</roleTerm>
<roleTerm authority="marcrelator" type="code">dst</roleTerm>
</role>
</name>
<name type="corporate">
<namePart>United States</namePart>
<namePart>National Archives and Records Administration</namePart>
<namePart>Federal Register Office</namePart>
<role>
<roleTerm authority="marcrelator" type="text">author</roleTerm>
<roleTerm authority="marcrelator" type="code">aut</roleTerm>
</role>
<description>Government Organization</description>
</name>
<typeOfResource>text</typeOfResource>
<genre authority="marcgt">government publication</genre>
<language>
<languageTerm type="code" authority="iso639-2b">eng</languageTerm>
</language>
<extension>
<collectionCode>FR</collectionCode>
<category>Regulatory Information</category>
<waisDatabaseName>2000_register</waisDatabaseName>
<branch>executive</branch>
</extension>
<genre authority="marcgt">article</genre>
<titleInfo>
<title>Gray Portland Cement and Clinker from Japan; Amended Final Results Pursuant to Court Decision</title>
<partName>Notices</partName>
</titleInfo>
<name type="corporate">
<namePart>United States</namePart>
<namePart>Department of Commerce</namePart>
<role>
<roleTerm authority="marcrelator" type="text">originator</roleTerm>
<roleTerm authority="marcrelator" type="code">org</roleTerm>
</role>
<description>United States Government Agency or Subagency</description>
</name>
<name type="corporate">
<namePart>United States</namePart>
<namePart>International Trade Administration</namePart>
<role>
<roleTerm authority="marcrelator" type="text">originator</roleTerm>
<roleTerm authority="marcrelator" type="code">org</roleTerm>
</role>
<description>United States Government Agency or Subagency</description>
</name>
<abstract>On April 29, 1998, the United States Court of International Trade (``CIT'') affirmed the determination made by the Department of Commerce (``the Department'') pursuant to a remand of the final results of the first antidumping duty administrative review of Gray Portland Cement and Clinker from Japan. Ad Hoc Committee of Southern California Producers of Gray Portland Cement v. United States, Slip Op. 98-57 (CIT, April 29, 1998). In the remand determination, the Department (1) included all freight-out and insurance expenses in the computation of total cost when calculating profit; (2) made no deduction to fair market value (FMV) for pre-sale movement expenses when making purchase price (PP) comparisons, and counted the expenses as indirect selling expenses when making exporter sales price (ESP) comparisons; (3) adjusted U.S. price by correcting the deduction for relevant freight expenses; and (4) corrected the per-unit service station expenses included in calculating cost of production (COP). As this decision is now final and conclusive, we are amending the final results.</abstract>
<identifier type="FR citation">65 FR 20135</identifier>
<identifier type="uri">http://www.gpo.gov/fdsys/granule/FR-2000-04-14/00-9375</identifier>
<identifier type="FR Doc No.">00-9375</identifier>
<identifier type="former granule identifier">fr14ap00-50</identifier>
<identifier type="billing code">3510-DS-P</identifier>
<identifier type="department code">A-588-815</identifier>
<location>
<url displayLabel="Content Detail" access="object in context">http://www.gpo.gov/fdsys/granule/FR-2000-04-14/00-9375/content-detail.html</url>
<url displayLabel="PDF rendition" access="raw object">http://www.gpo.gov/fdsys/pkg/FR-2000-04-14/pdf/00-9375.pdf</url>
<url displayLabel="HTML rendition" access="raw object">http://www.gpo.gov/fdsys/pkg/FR-2000-04-14/html/00-9375.html</url>
</location>
<physicalDescription>
<extent>2 p.</extent>
</physicalDescription>
<part type="Notices">
<extent unit="pages">
<start>20135</start>
<end>20136</end>
</extent>
</part>
<identifier type="preferred citation">65 FR 20135</identifier>
<extension>
<searchTitle>Gray Portland Cement and Clinker from Japan; Amended Final Results Pursuant to Court Decision; Federal Register Vol. 65, Issue </searchTitle>
<granuleClass>NOTICE</granuleClass>
<accessId>00-9375</accessId>
<agency order="1">DEPARTMENT OF COMMERCE</agency>
<agency order="2">International Trade Administration</agency>
<effectiveDate>2000-04-14</effectiveDate>
<departmentDoc>A-588-815</departmentDoc>
<billingCode>3510-DS-P</billingCode>
<frDocNumber>00-9375</frDocNumber>
<action>Amended Final Results Pursuant to Court Decision.</action>
<summary>On April 29, 1998, the United States Court of International Trade (``CIT'') affirmed the determination made by the Department of Commerce (``the Department'') pursuant to a remand of the final results of the first antidumping duty administrative review of Gray Portland Cement and Clinker from Japan. Ad Hoc Committee of Southern California Producers of Gray Portland Cement v. United States, Slip Op. 98-57 (CIT, April 29, 1998). In the remand determination, the Department (1) included all freight-out and insurance expenses in the computation of total cost when calculating profit; (2) made no deduction to fair market value (FMV) for pre-sale movement expenses when making purchase price (PP) comparisons, and counted the expenses as indirect selling expenses when making exporter sales price (ESP) comparisons; (3) adjusted U.S. price by correcting the deduction for relevant freight expenses; and (4) corrected the per-unit service station expenses included in calculating cost of production (COP). As this decision is now final and conclusive, we are amending the final results.</summary>
<dates>April 14, 2000.</dates>
<contact>Nithya Nagarajan, Import Administration, International Trade Administration, U.S. Department of Commerce, 14th Street and Constitution Avenue, NW, Washington, DC. 20230; telephone: (202) 482-5253.</contact>
</extension>
<relatedItem type="host" ID="" xlink:href="http://www.gpo.gov/fdsys/pkg/FR-2000-04-14/mods.xml">
<titleInfo>
<title>Federal Register</title>
<partNumber>Vol. 65, no. 73</partNumber>
</titleInfo>
<originInfo>
<publisher>Office of the Federal Register, National Archives and Records Administration</publisher>
<dateIssued encoding="w3cdtf">2000-04-14</dateIssued>
<issuance>continuing</issuance>
<frequency>daily</frequency>
</originInfo>
<physicalDescription>
<note type="source content type">deposited</note>
<digitalOrigin>born digital</digitalOrigin>
<extent>270 p.</extent>
</physicalDescription>
<tableOfContents xlink:href="http://www.gpo.gov/fdsys/pkg/FR-2000-04-14/toc.html">
    Table of Contents: 
  </tableOfContents>
<classification authority="sudocs">AE 2.7:</classification>
<classification authority="sudocs">GS 4.107:</classification>
<classification authority="sudocs">AE 2.106:</classification>
<classification authority="lcc">KF70.A2</classification>
<identifier type="uri">http://www.gpo.gov/fdsys/pkg/FR-2000-04-14</identifier>
<identifier type="issn">0097-6326</identifier>
<identifier type="issn">0042-1219</identifier>
<identifier type="issn">0364-1406</identifier>
<identifier type="stock number">769-004-00000-9</identifier>
<identifier type="ILS system id">000582072</identifier>
<identifier type="former identifier">fr14ap00</identifier>
<location>
<url displayLabel="Content Detail" access="object in context">http://www.gpo.gov/fdsys/pkg/FR-2000-04-14/content-detail.html</url>
<url displayLabel="PDF rendition" access="raw object">http://www.gpo.gov/fdsys/pkg/FR-2000-04-14/pdf/FR-2000-04-14.pdf</url>
</location>
<part type="issue">
<extent unit="pages">
<start>20063</start>
<end>20332</end>
</extent>
</part>
<recordInfo>
<recordContentSource authority="marcorg">DGPO</recordContentSource>
<recordCreationDate encoding="w3cdtf">2009-01-09</recordCreationDate>
<recordChangeDate encoding="w3cdtf">2009-01-09</recordChangeDate>
<recordIdentifier source="DGPO">FR-2000-04-14</recordIdentifier>
<recordOrigin>machine generated</recordOrigin>
<languageOfCataloging>
<languageTerm type="code" authority="iso639-2b">eng</languageTerm>
</languageOfCataloging>
</recordInfo>
<extension>
<docClass>FR</docClass>
<accessId>FR-2000-04-14</accessId>
<volume>65</volume>
<issue>73</issue>
</extension>
</relatedItem>
</mods>
