<?xml version="1.0" encoding="UTF-8"?>
<mods xmlns="http://www.loc.gov/mods/v3" xmlns:xsi="http://www.w3.org/2001/XMLSchema-instance" xmlns:xlink="http://www.w3.org/1999/xlink" xsi:schemaLocation="http://www.loc.gov/mods/v3 http://www.loc.gov/standards/mods/v3/mods-3-3.xsd" version="3.3">
<name type="corporate">
<namePart>United States Government Printing Office</namePart>
<role>
<roleTerm type="text" authority="marcrelator">printer</roleTerm>
<roleTerm type="code" authority="marcrelator">prt</roleTerm>
</role>
<role>
<roleTerm type="text" authority="marcrelator">distributor</roleTerm>
<roleTerm type="code" authority="marcrelator">dst</roleTerm>
</role>
</name>
<name type="corporate">
<namePart>United States</namePart>
<namePart>Congress</namePart>
<namePart>Senate</namePart>
<namePart>Committee on Energy and Natural Resources</namePart>
<role>
<roleTerm type="text" authority="marcrelator">author</roleTerm>
<roleTerm type="code" authority="marcrelator">aut</roleTerm>
</role>
<description>Government Organization</description>
</name>
<typeOfResource>text</typeOfResource>
<genre authority="marcgt">government publication</genre>
<language>
<languageTerm authority="iso639-2b" type="code">eng</languageTerm>
</language>
<extension>
<collectionCode>CRPT</collectionCode>
<category>Congressional Committee Materials</category>
<waisDatabaseName>106_cong_reports</waisDatabaseName>
<branch>legislative</branch>
</extension>
<titleInfo>
<title>BEND FEED CANAL PIPELINE PROJECT ACT OF 2000</title>
</titleInfo>
<originInfo>
<publisher>U.S. Government Printing Office</publisher>
<dateIssued encoding="w3cdtf">2000-07-24</dateIssued>
<issuance>monographic</issuance>
</originInfo>
<physicalDescription>
<note type="source content type">deposited</note>
<digitalOrigin>born digital</digitalOrigin>
</physicalDescription>
<classification authority="sudocs">Y 1.1/5:</classification>
<identifier type="uri">http://www.gpo.gov/fdsys/pkg/CRPT-106srpt359</identifier>
<identifier type="former package identifier">f:sr359.106</identifier>
<recordInfo>
<recordContentSource authority="marcorg">DGPO</recordContentSource>
<recordCreationDate encoding="w3cdtf">2009-01-06</recordCreationDate>
<recordChangeDate encoding="w3cdtf">2009-01-06</recordChangeDate>
<recordIdentifier source="DGPO">CRPT-106srpt359</recordIdentifier>
<recordOrigin>machine generated</recordOrigin>
<languageOfCataloging>
<languageTerm authority="iso639-2b" type="code">eng</languageTerm>
</languageOfCataloging>
</recordInfo>
<extension>
<docClass>SRPT</docClass>
<accessId>CRPT-106srpt359</accessId>
<chamber>SENATE</chamber>
<congress>106</congress>
<number>359</number>
<session>2</session>
<isConferenceReport>false</isConferenceReport>
<congCalendar congress="106" number="710" type="SENATE"/>
</extension>
<location>
<url access="object in context" displayLabel="Content Detail">http://www.gpo.gov/fdsys/pkg/CRPT-106srpt359/content-detail.html</url>
<url access="raw object" displayLabel="PDF rendition">http://www.gpo.gov/fdsys/pkg/CRPT-106srpt359/pdf/CRPT-106srpt359.pdf</url>
<url access="raw object" displayLabel="HTML rendition">http://www.gpo.gov/fdsys/pkg/CRPT-106srpt359/pdf/CRPT-106srpt359.html</url>
</location>
<identifier type="congressional report citation">S. Rept. 106-359</identifier>
<identifier type="preferred citation">S. Rept. 106-359</identifier>
<abstract>The Committee on Energy and Natural Resources, to which was referred the bill (S. 2425) to authorize the Bureau of Land Management to participate in the planning, design, and construction of the Bend Feed Canal Pipeline Project, Oregon, and for other purposes, having considered the same, reports favorably thereon with an amendment and recommends that the bill, as amended, do pass.</abstract>
<extension>
<searchTitle>BEND FEED CANAL PIPELINE PROJECT ACT OF 2000;S. Rept. 106-359</searchTitle>
<granuleClass>FIRSTPART</granuleClass>
<accessId>CRPT-106srpt359</accessId>
<action date="2000-07-24">Ordered to be printed</action>
<session>2</session>
<recommendation>The Committee on Energy and Natural Resources, to which was referred the bill (S. 2425) to authorize the Bureau of Land Management to participate in the planning, design, and construction of the Bend Feed Canal Pipeline Project, Oregon, and for other purposes, having considered the same, reports favorably thereon with an amendment and recommends that the bill, as amended, do pass.</recommendation>
<submittedStatement>Mr. Murkowski, from the Committee on Energy and Natural Resources, submitted the following</submittedStatement>
<bill congress="106" context="OTHER" number="2425" type="S"/>
<congCommittee authorityId="sseg00" chamber="S" congress="106" type="S">
            <name type="authority-standard">Committee on Energy and Natural Resources</name>
            <name type="authority-short">Energy and Natural Resources</name>
          </congCommittee>
<congMember authorityId="1408" chamber="S" congress="106" party="R" role="SUBMITTEDBY" state="AK">
            <name type="parsed">Mr. Murkowski</name>
            <name type="authority-fnf">Frank H. Murkowski</name>
            <name type="authority-lnf">Murkowski, Frank H.</name>
            <name type="authority-other">Frank Hughes Murkowski</name>
          </congMember>
<law congress="104" isPrivate="false" number="208"/>
<law congress="104" isPrivate="false" number="333"/>
</extension>
<name type="personal">
<namePart>Frank H. Murkowski</namePart>
<affiliation>United States Senate</affiliation>
<role>
<roleTerm type="text" authority="marcrelator">sponsor</roleTerm>
<roleTerm type="code" authority="marcrelator">spn</roleTerm>
</role>
<description>United States Congress Member</description>
</name>
<name type="corporate">
<namePart>United States</namePart>
<namePart>Congress</namePart>
<namePart>Senate</namePart>
<namePart>Committee on Energy and Natural Resources</namePart>
<role>
<roleTerm type="text" authority="marcrelator">associated name</roleTerm>
<roleTerm type="code" authority="marcrelator">asn</roleTerm>
</role>
<description>Government Organization</description>
</name>
<relatedItem type="isReferencedBy">
<titleInfo>
<title>United States Senate Bill 2425  (106th Congress)</title>
</titleInfo>
<identifier type="Congressional Bill citation">S. 2425</identifier>
<extension>
<congress>106</congress>
<context>OTHER</context>
</extension>
</relatedItem>
<relatedItem>
<titleInfo>
<title>United States Public Law 104-208</title>
</titleInfo>
<identifier type="public law citation">Public Law 104-208</identifier>
</relatedItem>
<relatedItem>
<titleInfo>
<title>United States Public Law 104-333</title>
</titleInfo>
<identifier type="public law citation">Public Law 104-333</identifier>
</relatedItem>
</mods>
