<?xml version="1.0" encoding="ISO-8859-1"?>
<metadata>
  <idinfo>
    <citation>
      <citeinfo>
        <origin>
          Cole, J.E.
        </origin>
        <origin>
          Dunbar, R.B.
        </origin>
        <origin>
          McClanahan, T.R.
        </origin>
        <pubdate>
          200007
        </pubdate>
        <title>
          Malindi, Kenya Stable Isotope Data (delta 18O, delta 13C) for 1801-1994
        </title>
        <serinfo>
          <sername>
            World Data Center for Paleoclimatology Data Contribution Series
          </sername>
          <issue>
            2000-050
          </issue>
        </serinfo>
        <pubinfo>
          <pubplace>
            Boulder
          </pubplace>
          <publish>
            World Data Center for Paleoclimatology, Boulder
          </publish>
        </pubinfo>
      </citeinfo>
    </citation>
    <descript>
      <abstract>
        Malindi annual oxygen isotopic composition, 1801-1994.  Notes on the data: File includes columns for Year AD, Coral d18O, and SST (degrees C). The SST data are sparse as they were screened using the procedures described below.  The coral used in this study grew (and still does grow) in Malindi Marine Park, Kenya (3 degrees S, 40 degrees E). The colony lies at a depth of ~6m (low tide) and is about 4m in height. Annual growth rates are roughly 12mm/yr. Oxygen isotopic data are from annual increments of coral skeleton that were cut according to annual density bands that are clearly visible in the core. Annual chunks were crushed and homogenized; isotopic values represent the average of duplicate or triplicate samples. Because samples were taken with respect to visible annual density banding, there is no depth scale for this record. Density and fluorescent banding can be viewed at http://www.ngdc.noaa.gov/paleo/outreach/coral/image/malindix-ray.jpg (Core Mal 96-1 is taken from the same colony as the core used to generate this dataset.)  Annual density banding is unambiguous in this core, so annual assignments are precise. The annual samples represent a year that is roughly November thru October. (The year assigned is the year of the January, not the year of the November, that is included in that interval). However, if cuts were not precisely along the October-November boundary, small (1-2 month) offsets in the months assigned to an annual sample may have occurred. Stable isotope samples were analyzed on three isotope ratio mass spectrometers: a VG 602 with SIRA-series electronics at Rice University, a VG-SIRA with automated carbonate preparation device, and a Micromass Optima with automated carbonate preparation device, the latter two at the University of Colorado/Boulder (INSTAAR). Each measurement has an analytical uncertainty of 0.08 degrees; the differences between duplicate samples were above 0.18 degrees in only 2 of 195 cases, confirming inter-lab and inter-instrument calibrations. We calibrate the coral d18O to the enhanced COADS SST from 3 degrees S, 41 degrees E, which has a broader screening tolerance than the standard COADS (4.5 sigma vs. 3.5 sigma) to capture larger anomalies. COADS enhanced data are provided by the NOAA-CIRES Climate Diagnostics Center, Boulder, Colorado, from their web site at http://www.cdc.noaa.gov/. We use annual SST data representing a Nov.-Oct. year and include only years that contain at least three observations from every month; this procedure yields a slope of 0.256 degrees per 1 degree C and explains 47% of the SST variance. The details of the calibration procedure have little effect on the paleotemperature slope: using the standard SST product instead of the enhanced yields a slope of -0.228; omitting the minimum requirement of three observations per month yields a slope of 0.262 for the enhanced COADS and 0.252 for the standard. These correlations are all significant at &gt;99.9%.
      </abstract>
      <purpose>
        Paleoclimatic Research
      </purpose>
    </descript>
    <timeperd>
      <timeinfo>
        <rngdates>
          <begdate>
            1801
          </begdate>
          <enddate>
            1994
          </enddate>
        </rngdates>
      </timeinfo>
      <current>
        Publication Date
      </current>
    </timeperd>
    <status>
      <progress>
        Complete
      </progress>
      <update>
        None Planned
      </update>
    </status>
    <spdom>
      <bounding>
        <westbc>
          39.95
        </westbc>
        <eastbc>
          40.183
        </eastbc>
        <northbc>
          -3.233
        </northbc>
        <southbc>
          -3.417
        </southbc>
      </bounding>
    </spdom>
    <keywords>
      <theme>
        <themekt>
          CoRIS Theme Thesaurus
        </themekt>
        <themekey>
          EARTH SCIENCE &gt; Paleoclimate &gt; Coral Records &gt; Delta 18O
        </themekey>
        <themekey>
          EARTH SCIENCE &gt; Paleoclimate &gt; Coral Records &gt; Temperature
        </themekey>
        <themekey>
          EARTH SCIENCE &gt; Paleoclimate &gt; Coral Records &gt; Density
        </themekey>
        <themekey>
          EARTH SCIENCE &gt; Paleoclimate &gt; Coral Records &gt; Fluorescence
        </themekey>
      </theme>
      <theme>
        <themekt>
          CoRIS Discovery Thesaurus
        </themekt>
        <themekey>
          Numeric Data Sets &gt; Paleoclimatology
        </themekey>
      </theme>
      <theme>
        <themekt>
          ISO 19115 Topic Category
        </themekt>
        <themekey>
          climatologyMeteorologyAtmosphere
        </themekey>
        <themekey>
          004
        </themekey>
      </theme>
      <place>
        <placekt>
          CoRIS Place Thesaurus
        </placekt>
        <placekey>
          OCEAN BASIN &gt; Indian Ocean &gt; Malindi (03S040E0001)
        </placekey>
        <placekey>
          COUNTRY/TERRITORY &gt; Kenya &gt; Kilifi &gt; Malindi (03S040E0001)
        </placekey>
      </place>
      <temporal>
        <tempkt>
          CoRIS Temporal Thesaurus
        </tempkt>
        <tempkey>
          Holocene, Modern
        </tempkey>
      </temporal>
    </keywords>
    <accconst>
      None
    </accconst>
    <useconst>
      PLEASE CITE CONTRIBUTORS WHEN USING THIS DATA
    </useconst>
    <browse>
      <browsen>
        http://www.ngdc.noaa.gov/paleo/outreach/coral/image/malindix-raylarge.gif
      </browsen>
      <browsed>
        Density banding
      </browsed>
      <browset>
        GIF
      </browset>
    </browse>
    <browse>
      <browsen>
        http://www.ngdc.noaa.gov/paleo/outreach/coral/image/kenyauv-crossdatinglarge.gif
      </browsen>
      <browsed>
        Fluorecent banding
      </browsed>
      <browset>
        GIF
      </browset>
    </browse>
    <datacred>
      Cole, J. E., R. B. Dunbar, T. R. McClanahan, and N. Muthiga, 2000, Tropical Pacific forcing of decadal variability in the western Indian Ocean over the past two centuries, Science 287, 617-619.
    </datacred>
  </idinfo>
  <eainfo>
    <detailed>
      <enttyp>
        <enttypl>
          coral variable
        </enttypl>
        <enttypd>
          coral variable
        </enttypd>
        <enttypds>
          coral variable
        </enttypds>
      </enttyp>
      <attr>
        <attrlabl>
          del18O
        </attrlabl>
        <attrdef>
          delta 18O (per mil)
        </attrdef>
        <attrdefs>
          Craig, H., 1957.  Isotopic standards for mass spectrometric analysis of carbon dioxide.  Geochimica Cosmochimica Acta, 12:113-140
        </attrdefs>
        <attrdomv>
          <rdom>
            <rdommin>
              unknown
            </rdommin>
            <rdommax>
              unknown
            </rdommax>
            <attrunit>
              per mil
            </attrunit>
            <attrmres>
              0.01
            </attrmres>
          </rdom>
        </attrdomv>
      </attr>
      <attr>
        <attrlabl>
          SST
        </attrlabl>
        <attrdef>
          Sea Surface Temperature
        </attrdef>
        <attrdefs>
          unknown
        </attrdefs>
        <attrdomv>
          <rdom>
            <rdommin>
              unknown
            </rdommin>
            <rdommax>
              unknown
            </rdommax>
            <attrunit>
              degree C
            </attrunit>
            <attrmres>
              0.1
            </attrmres>
          </rdom>
        </attrdomv>
      </attr>
    </detailed>
  </eainfo>
  <distinfo>
    <distrib>
      <cntinfo>
        <cntorgp>
          <cntorg>
            NOAA Paleoclimatology Program
          </cntorg>
          <cntper>
            Bruce Bauer
          </cntper>
        </cntorgp>
        <cntpos>
          Data Manager
        </cntpos>
        <cntaddr>
          <addrtype>
            Mailing Address
          </addrtype>
          <address>
            325 Broadway, Code E/GC
          </address>
          <city>
            Boulder
          </city>
          <state>
            CO
          </state>
          <postal>
            80305-3328
          </postal>
          <country>
            U.S.A.
          </country>
        </cntaddr>
        <cntvoice>
          (303) 497-6160
        </cntvoice>
        <cnttdd>
          (303) 497-6958
        </cnttdd>
        <cntfax>
          (303) 497-6513
        </cntfax>
        <cntemail>
          paleo@ngdc.noaa.gov
        </cntemail>
        <hours>
          9-5 MST Monday-Friday
        </hours>
      </cntinfo>
    </distrib>
    <distliab>
      Disclaimer- While every effort has been made to ensure that these data are accurate and reliable within the limits of the current state of the art, NOAA cannot assume liability for any damages caused by any errors or omissions in the data, nor as a result of the failure of the data to function on a particular system.  NOAA makes no warranty, expressed or implied, nor does the fact of distribution constitute such a warranty.
    </distliab>
    <stdorder>
      <digform>
        <digtinfo>
          <formname>
            ASCII
          </formname>
        </digtinfo>
        <digtopt>
          <onlinopt>
            <computer>
              <networka>
                <networkr>
                  ftp://ftp.ncdc.noaa.gov/pub/data/paleo/coral/indian_ocean/malindi_2000.txt
                </networkr>
              </networka>
            </computer>
            <accinstr>
              Data can be obtained from http://www.ngdc.noaa.gov/paleo and via anonymous ftp to ftp.ngdc.noaa.gov.  Diskette and paper copies may be obtained by mail.
            </accinstr>
          </onlinopt>
          <offoptn>
            <offmedia>
              Diskette
            </offmedia>
            <recfmt>
              cpio
            </recfmt>
          </offoptn>
        </digtopt>
      </digform>
      <fees>
        On-line data are available free of charge, other forms are available for the cost of reproduction
      </fees>
      <ordering>
        Contact the Data Center to order paper copies of data
      </ordering>
      <turnarnd>
        4 days
      </turnarnd>
    </stdorder>
  </distinfo>
  <metainfo>
    <metd>
      20080812
    </metd>
    <metc>
      <cntinfo>
        <cntorgp>
          <cntorg>
            NOAA Paleoclimatology Program
          </cntorg>
          <cntper>
            Carissa Carter
          </cntper>
        </cntorgp>
        <cntpos>
          c/o Data Manager
        </cntpos>
        <cntaddr>
          <addrtype>
            Mailing Address
          </addrtype>
          <address>
            325 Broadway, EGC
          </address>
          <city>
            Boulder
          </city>
          <state>
            Colorado
          </state>
          <postal>
            80305-3328
          </postal>
          <country>
            United States
          </country>
        </cntaddr>
        <cntvoice>
          (303) 497-6160
        </cntvoice>
        <cnttdd>
          (303) 497-6958
        </cnttdd>
        <cntfax>
          (303) 497-6513
        </cntfax>
        <cntemail>
          carissa.l.carter@noaa.gov
        </cntemail>
      </cntinfo>
    </metc>
    <metstdn>
      FGDC Content Standard for Digital Geospatial Metadata
    </metstdn>
    <metstdv>
      FGDC-STD-001-1998
    </metstdv>
    <metac>
      No Constraints
    </metac>
    <metuc>
      No Constraints
    </metuc>
  </metainfo>
  <coris>
    <corid>
      20020325082855
    </corid>
    <corchild>
      None
    </corchild>
    <corbegdt>
      18010101
    </corbegdt>
    <corenddt>
      19941231
    </corenddt>
    <cormdlk>
      http://www.coris.noaa.gov/metadata/records/txt/paleoclimatology_malindi_2000.txt
    </cormdlk>
    <cortrkid>
      56
    </cortrkid>
  </coris>
  
  
  
  
  
  
</metadata>
