<?xml version="1.0" encoding="UTF-8"?>
<mods xmlns:xlink="http://www.w3.org/1999/xlink" xmlns:xsi="http://www.w3.org/2001/XMLSchema-instance" xmlns="http://www.loc.gov/mods/v3" version="3.3" xsi:schemaLocation="http://www.loc.gov/mods/v3 http://www.loc.gov/standards/mods/v3/mods-3-3.xsd" ID="id-97-33030">
<name type="corporate">
<namePart>United States Government Printing Office</namePart>
<role>
<roleTerm authority="marcrelator" type="text">printer</roleTerm>
<roleTerm authority="marcrelator" type="code">prt</roleTerm>
</role>
<role>
<roleTerm authority="marcrelator" type="text">distributor</roleTerm>
<roleTerm authority="marcrelator" type="code">dst</roleTerm>
</role>
</name>
<name type="corporate">
<namePart>United States</namePart>
<namePart>National Archives and Records Administration</namePart>
<namePart>Federal Register Office</namePart>
<role>
<roleTerm authority="marcrelator" type="text">author</roleTerm>
<roleTerm authority="marcrelator" type="code">aut</roleTerm>
</role>
<description>Government Organization</description>
</name>
<typeOfResource>text</typeOfResource>
<genre authority="marcgt">government publication</genre>
<language>
<languageTerm type="code" authority="iso639-2b">eng</languageTerm>
</language>
<extension>
<collectionCode>FR</collectionCode>
<category>Regulatory Information</category>
<waisDatabaseName>1997_register</waisDatabaseName>
<branch>executive</branch>
</extension>
<genre authority="marcgt">article</genre>
<titleInfo>
<title>Hazardous Materials: Radiation Protection Program Requirement</title>
<partName>Rules and Regulations</partName>
</titleInfo>
<name type="corporate">
<namePart>United States</namePart>
<namePart>Department of Transportation</namePart>
<role>
<roleTerm authority="marcrelator" type="text">originator</roleTerm>
<roleTerm authority="marcrelator" type="code">org</roleTerm>
</role>
<description>United States Government Agency or Subagency</description>
</name>
<name type="corporate">
<namePart>United States</namePart>
<namePart>Research and Special Programs Administration</namePart>
<role>
<roleTerm authority="marcrelator" type="text">originator</roleTerm>
<roleTerm authority="marcrelator" type="code">org</roleTerm>
</role>
<description>United States Government Agency or Subagency</description>
</name>
<abstract>RSPA is extending until October 1, 1999, the date for mandatory compliance with the Radiation Protection Program (RPP) requirements adopted in the final rule issued September 28, 1995. During this period, RSPA intends to consider in a separate rulemaking whether the RPP requirements should be withdrawn or revised because of the difficulties and complexities concerning implementation of and compliance with the RPP requirements. RSPA believes that compliance should not be required with requirements that may be withdrawn or substantially revised, and that overall safety in the transportation of radioactive materials will be advanced by reexamining the RPP requirements before requiring compliance with the current requirements.</abstract>
<identifier type="FR citation">62 FR 66900</identifier>
<identifier type="uri">http://www.gpo.gov/fdsys/granule/FR-1997-12-22/97-33030</identifier>
<identifier type="FR Doc No.">97-33030</identifier>
<identifier type="former granule identifier">fr22de97-14</identifier>
<identifier type="rin">RIN 2137-AD14</identifier>
<identifier type="billing code">4910-60-P</identifier>
<identifier type="department code">Docket No. RSPA-97-2850 (HM-169B)</identifier>
<location>
<url displayLabel="Content Detail" access="object in context">http://www.gpo.gov/fdsys/granule/FR-1997-12-22/97-33030/content-detail.html</url>
<url displayLabel="PDF rendition" access="raw object">http://www.gpo.gov/fdsys/pkg/FR-1997-12-22/pdf/97-33030.pdf</url>
<url displayLabel="HTML rendition" access="raw object">http://www.gpo.gov/fdsys/pkg/FR-1997-12-22/html/97-33030.html</url>
</location>
<physicalDescription>
<extent>3 p.</extent>
</physicalDescription>
<part type="Rules and Regulations">
<extent unit="pages">
<start>66900</start>
<end>66902</end>
</extent>
</part>
<identifier type="preferred citation">62 FR 66900</identifier>
<relatedItem type="isReferencedBy">
<titleInfo>
<title>Code of Federal Regulations</title>
<partNumber>Title 49 Part 172</partNumber>
</titleInfo>
<identifier type="CFR citation">49 CFR  172</identifier>
</relatedItem>
<relatedItem type="isReferencedBy">
<identifier type="regulation ID number">RIN2137-AD14</identifier>
</relatedItem>
<extension>
<searchTitle>Hazardous Materials: Radiation Protection Program Requirement; Federal Register Vol. 62, Issue </searchTitle>
<granuleClass>RULE</granuleClass>
<accessId>97-33030</accessId>
<agency order="1">DEPARTMENT OF TRANSPORTATION</agency>
<agency order="2">Research and Special Programs Administration</agency>
<effectiveDate>1997-12-22</effectiveDate>
<departmentDoc>Docket No. RSPA-97-2850 (HM-169B)</departmentDoc>
<rin number="2137-AD14"/>
<billingCode>4910-60-P</billingCode>
<frDocNumber>97-33030</frDocNumber>
<action>Final Rule; extension of compliance date.</action>
<summary>RSPA is extending until October 1, 1999, the date for mandatory compliance with the Radiation Protection Program (RPP) requirements adopted in the final rule issued September 28, 1995. During this period, RSPA intends to consider in a separate rulemaking whether the RPP requirements should be withdrawn or revised because of the difficulties and complexities concerning implementation of and compliance with the RPP requirements. RSPA believes that compliance should not be required with requirements that may be withdrawn or substantially revised, and that overall safety in the transportation of radioactive materials will be advanced by reexamining the RPP requirements before requiring compliance with the current requirements.</summary>
<dates>December 22, 1997.</dates>
<contact>Dr. Fred Ferate II, Office of Hazardous Materials Technology, 202-366-4545, or Charles E. Betts, Office of Hazardous Materials Standards, 202-366-8553, RSPA, U.S. Department of Transportation, 400 Seventh Street, SW, Washington, DC 20590-0001.</contact>
<cfr title="49">
            <part number="172"/>
          </cfr>
</extension>
<relatedItem type="host" ID="" xlink:href="http://www.gpo.gov/fdsys/pkg/FR-1997-12-22/mods.xml">
<titleInfo>
<title>Federal Register</title>
<partNumber>Vol. 62, no. 245</partNumber>
</titleInfo>
<originInfo>
<publisher>Office of the Federal Register, National Archives and Records Administration</publisher>
<dateIssued encoding="w3cdtf">1997-12-22</dateIssued>
<issuance>continuing</issuance>
<frequency>daily</frequency>
</originInfo>
<physicalDescription>
<note type="source content type">deposited</note>
<digitalOrigin>born digital</digitalOrigin>
<extent>159 p.</extent>
</physicalDescription>
<tableOfContents xlink:href="http://www.gpo.gov/fdsys/pkg/FR-1997-12-22/toc.html">
    Table of Contents: 
  </tableOfContents>
<classification authority="sudocs">AE 2.7:</classification>
<classification authority="sudocs">GS 4.107:</classification>
<classification authority="sudocs">AE 2.106:</classification>
<classification authority="lcc">KF70.A2</classification>
<identifier type="uri">http://www.gpo.gov/fdsys/pkg/FR-1997-12-22</identifier>
<identifier type="issn">0097-6326</identifier>
<identifier type="issn">0042-1219</identifier>
<identifier type="issn">0364-1406</identifier>
<identifier type="stock number">769-004-00000-9</identifier>
<identifier type="ILS system id">000582072</identifier>
<identifier type="former identifier">fr22de97</identifier>
<location>
<url displayLabel="Content Detail" access="object in context">http://www.gpo.gov/fdsys/pkg/FR-1997-12-22/content-detail.html</url>
<url displayLabel="PDF rendition" access="raw object">http://www.gpo.gov/fdsys/pkg/FR-1997-12-22/pdf/FR-1997-12-22.pdf</url>
</location>
<part type="issue">
<extent unit="pages">
<start>66813</start>
<end>66971</end>
</extent>
</part>
<recordInfo>
<recordContentSource authority="marcorg">DGPO</recordContentSource>
<recordCreationDate encoding="w3cdtf">2009-01-09</recordCreationDate>
<recordChangeDate encoding="w3cdtf">2009-01-09</recordChangeDate>
<recordIdentifier source="DGPO">FR-1997-12-22</recordIdentifier>
<recordOrigin>machine generated</recordOrigin>
<languageOfCataloging>
<languageTerm type="code" authority="iso639-2b">eng</languageTerm>
</languageOfCataloging>
</recordInfo>
<extension>
<docClass>FR</docClass>
<accessId>FR-1997-12-22</accessId>
<volume>62</volume>
<issue>245</issue>
</extension>
</relatedItem>
</mods>
