<?xml version="1.0"?>
<metadata>
  <idinfo>
    <citation>
      <citeinfo>
        <origin>Dimitri Gutierrez</origin>
        <pubdate></pubdate>
        <title>Secular to Interannual Climatic, Oceanographic and Ecological Changes in the Peruvian Upwelling System Revealed by Multiproxies Sedimentary Records of the Past 250 Years</title>
        <edition></edition>
        <geoform>presentation</geoform>
        <pubinfo>
          <publish></publish>
        </pubinfo>
        <othercit>Accepted in the 2005 American Geophysical Union Annual Meeting (Dec. 2005)</othercit>
        
        <onlink></onlink>
        
        
        <Data_Set_Link>
          <URL></URL>
          <Label></Label>
          <Link_Note></Link_Note>
        </Data_Set_Link>
        
      </citeinfo>
    </citation>
    <descript>
      <abstract>We conducted high-resolution studies of two box-cores collected 300 km apart in the central Peruvian margin at 300 m and at 184 m depth off Pisco and Callao, respectively. While the Callao site is located closer to the upper boundary of the Oxygen Minimum Zone (OMZ) and to episodical continental sources, the Pisco site is located in the center of the OMZ and off a more desertic coastal fringe. The chronology was established from  excess 210Pb activities, calibrated by downcoe spikes of the bomb-derived 241Am in the uppermost layer, and combined with sedimentological fingerprints of historically well-known seismic or volcanic events and AMS radiocarbon ages for the period before 1870. Despite the differences in location, depth, exposure to oxygen-depleted waters and to terrestrial inputs, both cores reveal striking similarities in downcore sedimentological composition and in TOC fluxes. Two major periods are marked by a secular change around 1835. The first period is characterized by a lower and less variable total organic carbon (TOC) flux, as well as a higher quartz content (compared to the following period). Off Pisco, sediment structure also shows a higher (interannual to higher) frequency in the variability of X-ray gray level, in accordance to the presence of laminations. The second major period is characterized at both sites by higher, but more variable, TOC fluxes with a positive trend, and with significantly lower quartz content in the sediment. During the past 50 years, the positive trend of TOC fluxes is intensified and the quartz content increases at both sites, coinciding with records of increasing alongshore wind stress off the Peruvian coast in the same period. Other proxies analyzed off Pisco, as fish scales and diatoms, also indicate less productive conditions before 1835 (lower abundance of diatoms and anchovy scales), as well as remarkable signals of interdecadal variability after 1870. These results strongly suggest that the current productivity level of the Peruvian upwelling system is unprecedented for the last 250 years, and that a major re-organization of the ecosystem occurred around the mid-nineteenth century.</abstract>
      <purpose></purpose>
      <supplinf>This research was financed by: IMARPE, the IAI Small Grant Program round 2 project Nr. 03SGP211-222, IRD Research Unit Paleotropique, IRD DSF Scientific Short-term Exchange Fellowship for D.G., the IAI Collaborative Research Network EPCOR (Eastern Pacific Consortium for Oceanic Research), and the AIEA Coordinated Research Project Nuclear and isotopic studies of El Nino Phenomenon in the Ocean, research contract Nr. 12789. This study was also supported and conducted in the frame of the EU-project CENSOR (Climate variability and El Nino Southern Oscillation: impacts for natural resources and management, contract 511071).</supplinf>
    </descript>
    <timeperd>
      <timeinfo>
        <rngdates>
          <begdate>17500101</begdate>
          <enddate>20040501</enddate>
        </rngdates>
      </timeinfo>
    </timeperd>
    <status>
      <progress>Completed</progress>
      <update></update>
    </status>
    <spdom>
      <bounding>
        <westbc> </westbc>
        <eastbc></eastbc>
        <northbc></northbc>
        <southbc></southbc>
      </bounding>
    </spdom>
    <keywords>
      <theme>
        <themekt>Parameter_Sensor_Source</themekt>
        
        <themekey>SEDIMENTS||</themekey>
        
        
        <themekt>Parameter</themekt>
        
        <themekey>SEDIMENTS</themekey>
        
        
        <themekt>Source</themekt>
        
        <themekey></themekey>
        
        
        <themekt>Sensor</themekt>
        
        <themekey></themekey>
        
      </theme>
      
    </keywords>
    
    <ptcontac>
      <cntinfo>
        <cntperp>
          <cntper>Gutierrez, Dr. Dimitri</cntper>
        </cntperp>
        <cntemail>dgutierrez@imarpe.gob.pe</cntemail>
      </cntinfo>
    </ptcontac>
    
    <browse>
      <browsen></browsen>
      <browsed></browsed>
      <URL></URL>
      <Label></Label>
      <Link_Note></Link_Note>
    </browse>
    
    <secinfo>
      <secclass>Unrestricted</secclass>
    </secinfo>
    
    <crossref>
      <citation>
        <citeinfo>
          <origin></origin>
          <pubdate></pubdate>
          <title></title>
          <edition></edition>
          <pubinfo>
            <publish></publish>
          </pubinfo>
          <othercit></othercit>
          
          <onlink></onlink>
          
          
          <Data_Set_Link>
            <URL></URL>
            <Label></Label>
            <Link_Note></Link_Note>
          </Data_Set_Link>
          
        </citeinfo>
      </citation>
    </crossref>
    
  </idinfo>
  <dataqual>
    <complete>Gutierrez, D., Sifeddine, A., Ortlieb, L., Velazco, F., Baumgartner, T., Reyss, J.L., Vargas, G.
Salvatecci, R., Tapia, P., Field, D., Ferreira, V., Valdes, J., Solis, J., Soler, P., Boussafir, M.Taffoureau, E., Boucher, H., Mandeng Yogo, M., Bouloubassi. I. 2005.- Secular to Interannual Climatic, Oceanographic and Ecological Changes in the Peruvian Upwelling System Revealed by Multiproxies Sedimentary Records of the Past 250 Years. 2005 Amer. Geophys. Un. Annual Meet. (Dec. 2005, San Francisco).</complete>
    <cloud></cloud>
  </dataqual>
  <distinfo>
    <distrib>
      <cntinfo>
        <cntperp>
          <cntper>Gutierrez, Dr. Dimitri</cntper>
        </cntperp>
        <cntemail>dgutierrez@imarpe.gob.pe</cntemail>
      </cntinfo>
    </distrib>
    <stdorder>
      <digform>
        <digtinfo>
          <formname></formname>
          <formvern></formvern>
          <filedec></filedec>
        </digtinfo>
        <digtopt>
          <onlinopt>
            <computer>
              <networka>
                <networkr>https://iaibr3.iai.int/twiki/bin/view/DIS/UploadData</networkr>
                <networkl>File Presentation2.doc</networkl>
              </networka>
            </computer>
            <accinstr>This file will be available to the public only after December 2006. 

If you need to visualize it before that date, 
please contact the owner or somebody from this project.

Select SPG2_69, PI:Dimitri Gutierrez Aguilar from Small Grant Program, Round II.</accinstr>
          </onlinopt>
        </digtopt>
      </digform>
    </stdorder>
    <techpreq></techpreq>
  </distinfo>
  <metainfo>
    <metd>20051107</metd>
    <metrd>20051107</metrd>
    <metc>
      <cntinfo>
        <cntorgp>
          <cntper>Gutierrez, Dr. Dimitri</cntper>
        </cntorgp>
        <cntperp>
          <cntper>Gutierrez, Dr. Dimitri</cntper>
        </cntperp>
        <cntemail>dgutierrez@imarpe.gob.pe</cntemail>
      </cntinfo>
    </metc>
    <metstdn>FGDC Content Standard for Digital Geospatial Metadata</metstdn>
    <metac>With authorization of first author</metac>
    <metuc>With authorization of first author</metuc>
  </metainfo>

  
</metadata>
