Bureau of Justice Statistics,,,,,,,,,,,,
filename:  cv0644.csv,,,,,,,,,,,,
"Table 44. Percent distribution of multiple-offender victimizations, by type of crime and perceived gender of offenders",,,,,,,,,,,,
"data source: National Criminal Victimization Survey, 2006  NCJ 223436",,,,,,,,,,,,
produced by:  Cathy Maston ,,,,,,,,,,,,
authors:  Patsy Klaus and Cathy Maston,,,,,,,,,,,,
refer questions to: askbjs@usdoj.gov  202-307-0765,,,,,,,,,,,,
data of version:  08/29/08,,,,,,,,,,,,

"Table 44. Personal crimes of violence, 2006:  Percent distribution of multiple-offender victimizations, by type of crime and perceived gender of offenders",,,,,,,,,,,,
       ,,,Percent of all multiple-offender victimizations,,,,,,,,,
                                                                                                                                         ,,,Perceived gender of offenders,,,,,,,,,
Type of crime,Number of multiple-offender victimizations,,Total,,All male,,All female,,Male and female,,Not known and not available,
Crimes of violence,"1,207,340",,100,%,66.7,%,13.2,%,16.6,%,3.5,%
   Completed violence,"531,200",,100,,72.7,,10.6,,16.7,,0,*
   Attempted/threatened violence,"676,140",,100,,62,,15.2,,16.6,,6.3,
   Rape/Sexual assault/a,"38,520",,100,,89.6,*,0,*,10.4,*,0,*
   Robbery,"328,990",,100,,83.9,,4.4,*,10.9,*,0.8,*
      Completed/property taken,"242,820",,100,,79.3,,6,*,14.7,*,0,*
         With injury,"124,700",,100,,77.1,,11.7,*,11.3,*,0,*
         Without injury,"118,120",,100,,81.6,,0,*,18.4,*,0,*
      Attempted to take property,"86,160",,100,,96.8,,0,*,0,*,3.2,*
         With injury,"4,600",*,100,*,100,*,0,*,0,*,0,*
         Without injury,"81,560",,100,,96.7,,0,*,0,*,3.3,*
   Assault,"839,820",,100,,58.9,,17.2,,19.2,,4.7,
      Aggravated,"274,840",,100,,61.2,,6.8,*,25.8,,6.1,*
      Simple,"564,980",,100,,57.8,,22.3,,15.9,,4,*
"Note: Many incident characteristics were unaffected or minimally affected by changes in methodology in the 2006 National Crime Victimization. However, caution should be used in comparing 2006 rates of individual variables, particularly those with small sample sizes, to previous years. See Criminal Victimization, 2006, at <http://www.ojp.usdoj.gov/bjs/abstract/cv06.htm>.",,,,,,,,,,,,
Detail may not add to total shown because of rounding.,,,,,,,,,,,,
*Estimate is based on about 10 or fewer sample cases.,,,,,,,,,,,,
a/Includes verbal threats of rape and threats of sexual assault.,,,,,,,,,,,,
