<?xml version="1.0" encoding="UTF-8"?>
<disorders>
   <data>
      <title>Neurofibromatosis</title>
      <description>The neurofibromatoses are genetic disorders of the nervous system that primarily affect the development and growth of neural (nerve) cell tissues. These disorders cause tumors to grow on nerves and produce other abnormalities such as skin changes and bone deformities. Although many affected persons inherit the disorder, between 30 and 50 percent of new cases arise spontaneously through mutation (change) in an individual's genes. Once this change has taken place, the mutant gene can be passed on to succeeding generations. Scientists have classified the disorders as neurofibromatosis type 1 (NF1) and neurofibromatosis type 2 (NF2). NF1 is the more common type of the neurofibromatoses. In diagnosing NF1, a physician looks for changes in skin appearance, tumors, or bone abnormalities, and/or a parent, sibling, or child with NF1. Symptoms of NF1, particularly those on the skin, are often evident at birth or during infancy and almost always by the time a child is about 10 years old. NF2 is less common. NF2 is characterized by bilateral (occurring on both sides of the body) tumors on the eighth cranial nerve. The tumors cause pressure damage to neighboring nerves. To determine whether an individual has NF2, a physician looks for bilateral eighth nerve tumors and similar signs and symptoms in a parent, sibling, or child. Affected individuals may notice hearing loss as early as the teen years. Other early symptoms may include tinnitus (ringing noise in the ear) and poor balance. Headache, facial pain, or facial numbness, caused by pressure from the tumors, may also occur.</description>
      <treatment>Treatments for both NF1 and NF2 are presently aimed at controlling symptoms. Surgery can help some NF1 bone malformations and remove painful or disfiguring tumors; however, there is a chance that the tumors may grow back and in greater numbers. In the rare instances when tumors become malignant (3 to 5 percent of all cases), treatment may include surgery, radiation, or chemotherapy. For NF2, improved diagnostic technologies, such as MRI, can reveal tumors as small as a few millimeters in diameter, thus allowing early treatment. Surgery to remove tumors completely is one option but may result in hearing loss. Other options include partial removal of tumors, radiation, and if the tumors are not progressing rapidly, the conservative approach of watchful waiting. Genetic testing is available for families with documented cases of NF1 and NF2. New (spontaneous) mutations cannot be confirmed genetically. Prenatal diagnosis of familial NF1 or NF2 is also possible utilizing amniocentesis or chorionic villus sampling procedures.</treatment>
      <prognosis>In most cases, symptoms of NF1 are mild, and patients live normal and productive lives. In some cases, however, NF1 can be severely debilitating. In some cases of NF2, the damage to nearby vital structures, such as other cranial nerves and the brainstem, can be life-threatening.</prognosis>
      <research>Several years ago, research teams located the exact position of the NF1 gene on chromosome 17. The product of the NF1 gene is a large and complex protein called neurofibromin. One portion of this protein is similar to a family of proteins called GAP (guanosine triphosphatase-activating protein). Scientists have demonstrated that GAP proteins play a significant role in tumor suppression in certain cancers. The similarity of the NF1 protein to GAP proteins suggests that the NF1 protein may have a similar switching role in the development of neurofibromas. Scientists theorize that defects in the gene may lessen or inhibit the normal output of its protein and allow the irregular cell growth that may lead to tumor development. Intensive efforts have led to the identification of the NF2 gene on chromosome 22. The NF2 gene product is a tumor suppressor protein. Basic studies in molecular genetics may lead one day to nonsurgical or pharmacologic treatments aimed at retarding or suppressing tumors associated with the neurofibromatoses. The Interinstitute Medical Genetics Research Program at the NIH Clinical Center conducts NF2 family history research. Using specimens from some of the families, scientists have isolated and sequenced the NF2 gene and have described two different patterns of clinical features in NF2 patients. Investigators are continuing to study these patterns to see if they correspond to specific types of gene mutations.</research>
      <researchLink>http://www.ncbi.nlm.nih.gov/entrez/query.fcgi?CMD=search&amp;term=neurofibromatoses+AND+human[mh]+AND+english[la]+AND+(review[ptyp]+OR+review+literature[mh]+OR+practice+guidelines[mh]+OR+guideline[ptyp]+OR+clinical+trials[mh]+OR+clinical+trial[ptyp]+OR+consumerj[sb])&amp;db=PubMed&amp;orig_db=PubMed&amp;filters=on&amp;pmfilter_EDatLimit=5+Years</researchLink>
      <medlineplusLink>http://www.nlm.nih.gov/medlineplus/neurofibromatosis.html </medlineplusLink>
      <singular>1</singular>
      <studiesLink>http://clinicaltrials.gov/ct2/results?term=</studiesLink>
      <pubIndexLink>/disorders/neurofibromatosis/pubs_neurofibromatosis.htm</pubIndexLink>
      <graphicalURL>/disorders/neurofibromatosis/xml_neurofibromatosis.xml</graphicalURL>
      <accessibleURL>xml_neurofibromatosis.xml</accessibleURL>
      <synonym>Von Recklinghausen's Disease</synonym>
      <organization_set>
         <organization>
            <id>V177</id>
            <name>Children's Tumor Foundation</name>
            <address>95 Pine Street</address>
            <address2>16th Floor</address2>
            <city>New York</city>
            <state>NY</state>
            <zip>10005</zip>
            <email>info@ctf.org</email>
            <website>http://www.ctf.org</website>
            <telephone>800-323-7938
212-344-6633</telephone>
            <fax>212-747-0004</fax>
            <description>Non-profit medical foundation dedicated to improving the health and well being of individuals and families affected by the neurofibromatoses.  Sponsors scientific research; promotes the development of clinical activities; develops public awareness programs; and provides support services and referrals for patients and families.  Formerly known as the National Neurofibromatosis Foundation.</description>
         </organization>
         <organization>
            <id>V639</id>
            <name>National Cancer Institute (NCI)</name>
            <address>National Institutes of Health, DHHS</address>
            <address2>6116 Executive Boulevard, Ste. 3036A, MSC 8322</address2>
            <city>Bethesda</city>
            <state>MD</state>
            <zip>20892-8322</zip>
            <email>cancergovstaff@mail.nih.gov</email>
            <website>http://cancer.gov</website>
            <telephone>800-4-CANCER (422-6237) 
800-332-8615 (TTY)</telephone>
            <fax/>
            <description/>
         </organization>
         <organization>
            <id>V178</id>
            <name>Neurofibromatosis, Inc. (NF Inc.)</name>
            <address>P.O. Box 66884</address>
            <address2/>
            <city>Chicago</city>
            <state>IL</state>
            <zip>60666</zip>
            <email>nfinfo@nfinc.org</email>
            <website>http://www.nfinc.org</website>
            <telephone>630-627-1115
800-942-6825</telephone>
            <fax/>
            <description>Non-profit organization made up of independent state and regional chapters that provide support and services to NF  families.  Provides patient/family and public education, supports research, publishes a newsletter, and sponsors meetings and chapters nationwide.</description>
         </organization>
         <organization>
            <id>V1</id>
            <name>Acoustic Neuroma Association</name>
            <address>600 Peachtree Parkway</address>
            <address2>Suite 108</address2>
            <city>Cumming</city>
            <state>GA</state>
            <zip>30041</zip>
            <email>info@anausa.org</email>
            <website>http://www.anausa.org</website>
            <telephone>770-205-8211
877-200-8211</telephone>
            <fax>770-205-0239/877-202-0239</fax>
            <description>Provides information and support to patients diagnosed with or treated for acoustic neuroma or other benign tumors affecting the cranial nerves.</description>
         </organization>
         <organization>
            <id>V78</id>
            <name>International RadioSurgery Association</name>
            <address>3002 N. Second Street</address>
            <address2/>
            <city>Harrisburg</city>
            <state>PA</state>
            <zip>17110</zip>
            <email>office1@irsa.org</email>
            <website>http://www.irsa.org</website>
            <telephone>717-260-9808</telephone>
            <fax>717-260-9809</fax>
            <description>Proactive patient organization providing information and referrals on Gamma Knife, Linac, and particle beam radiosurgery for brain tumors, arteriovenous malformations (AVMs), and neurological pain and movement disorders.</description>
         </organization>
      </organization_set>
   </data>
</disorders>