<GranuleURMetaData>
    <GranuleUR>SC:AST_L1A.003:2009298115</GranuleUR>
    <DbID>2009298115</DbID>
    <InsertTime>2002-12-13 07:37:35.743</InsertTime>
    <LastUpdate>2006-10-08 05:10:40.82</LastUpdate>
    <CollectionMetaData>
        <ShortName>AST_L1A</ShortName>
        <VersionID>3</VersionID>
    </CollectionMetaData>
    <ECSDataGranule>
        <SizeMBECSDataGranule>116.321</SizeMBECSDataGranule>
        <LocalGranuleID>AST_L1A#003_11162002161826_12042002193537.hdf</LocalGranuleID>
        <DayNightFlag>Day</DayNightFlag>
        <ProductionDateTime>2002-12-04 19:35:37.0</ProductionDateTime>
    </ECSDataGranule>
    <SingleDateTime>
        <TimeofDay>16:18:26.977000</TimeofDay>
        <CalendarDate>2002-11-16</CalendarDate>
    </SingleDateTime>
    <SpatialDomainContainer>
        <HorizontalSpatialDomainContainer>
            <GPolygon>
                <Boundary>
                    <Point>
                        <PointLongitude>-86.3762</PointLongitude>
                        <PointLatitude>12.2229</PointLatitude>
                    </Point>
                    <Point>
                        <PointLongitude>-85.7999</PointLongitude>
                        <PointLatitude>12.1414</PointLatitude>
                    </Point>
                    <Point>
                        <PointLongitude>-85.9206</PointLongitude>
                        <PointLatitude>11.5832</PointLatitude>
                    </Point>
                    <Point>
                        <PointLongitude>-86.4957</PointLongitude>
                        <PointLatitude>11.6646</PointLatitude>
                    </Point>
                </Boundary>
            </GPolygon>
        </HorizontalSpatialDomainContainer>
    </SpatialDomainContainer>
    <MeasuredParameter>
        <MeasuredParameterContainer>
            <ParameterName>Reconstructed, unprocessed inst data</ParameterName>
            <QAStats>
                <QAPercentMissingData>0</QAPercentMissingData>
                <QAPercentOutofBoundsData>0</QAPercentOutofBoundsData>
                <QAPercentInterpolatedData>0</QAPercentInterpolatedData>
                <QAPercentCloudCover>4</QAPercentCloudCover>
            </QAStats>
        </MeasuredParameterContainer>
    </MeasuredParameter>
    <PSAs>
        <PSA>
            <PSAName>Band12_Available</PSAName>
            <PSAValue>Yes, band is acquired</PSAValue>
        </PSA>
        <PSA>
            <PSAName>Band8_Available</PSAName>
            <PSAValue>Yes, band is acquired</PSAValue>
        </PSA>
        <PSA>
            <PSAName>Solar_Azimuth_Angle</PSAName>
            <PSAValue>149.977</PSAValue>
        </PSA>
        <PSA>
            <PSAName>ASTERProcessingCenter</PSAName>
            <PSAValue>GDS</PSAValue>
        </PSA>
        <PSA>
            <PSAName>ASTERGRANULEID</PSAName>
            <PSAValue>ASTL1A 0211161618260212040444</PSAValue>
        </PSA>
        <PSA>
            <PSAName>ASTERGains</PSAName>
            <PSAValue>01 HGH, 02 HGH, 3N NOR, 3B NOR, 04 NOR, 05 NOR, 06 NOR, 07 NOR, 08 NOR, 09 NOR</PSAValue>
        </PSA>
        <PSA>
            <PSAName>Band9_Available</PSAName>
            <PSAValue>Yes, band is acquired</PSAValue>
        </PSA>
        <PSA>
            <PSAName>Band1_Available</PSAName>
            <PSAValue>Yes, band is acquired</PSAValue>
        </PSA>
        <PSA>
            <PSAName>RadiometricDBVersion</PSAName>
            <PSAValue>02.09</PSAValue>
        </PSA>
        <PSA>
            <PSAName>LowerRightQuadCloudCoverage</PSAName>
            <PSAValue>15</PSAValue>
        </PSA>
        <PSA>
            <PSAName>Band2_Available</PSAName>
            <PSAValue>Yes, band is acquired</PSAValue>
        </PSA>
        <PSA>
            <PSAName>Band5_Available</PSAName>
            <PSAValue>Yes, band is acquired</PSAValue>
        </PSA>
        <PSA>
            <PSAName>LowerLeftQuadCloudCoverage</PSAName>
            <PSAValue>0</PSAValue>
        </PSA>
        <PSA>
            <PSAName>Band10_Available</PSAName>
            <PSAValue>Yes, band is acquired</PSAValue>
        </PSA>
        <PSA>
            <PSAName>VNIR2_ObservationMode</PSAName>
            <PSAValue>ON</PSAValue>
        </PSA>
        <PSA>
            <PSAName>Band13_Available</PSAName>
            <PSAValue>Yes, band is acquired</PSAValue>
        </PSA>
        <PSA>
            <PSAName>SceneCloudCoverage</PSAName>
            <PSAValue>4</PSAValue>
        </PSA>
        <PSA>
            <PSAName>Band6_Available</PSAName>
            <PSAValue>Yes, band is acquired</PSAValue>
        </PSA>
        <PSA>
            <PSAName>SWIR_ObservationMode</PSAName>
            <PSAValue>ON</PSAValue>
        </PSA>
        <PSA>
            <PSAName>GenerationDateandTime</PSAName>
            <PSAValue>2002-12-04T19:35:37.000Z</PSAValue>
        </PSA>
        <PSA>
            <PSAName>Band3B_Available</PSAName>
            <PSAValue>Yes, band is acquired</PSAValue>
        </PSA>
        <PSA>
            <PSAName>ASTERReceivingCenter</PSAName>
            <PSAValue>EDOS</PSAValue>
        </PSA>
        <PSA>
            <PSAName>Band11_Available</PSAName>
            <PSAValue>Yes, band is acquired</PSAValue>
        </PSA>
        <PSA>
            <PSAName>Band14_Available</PSAName>
            <PSAValue>Yes, band is acquired</PSAValue>
        </PSA>
        <PSA>
            <PSAName>Band4_Available</PSAName>
            <PSAValue>Yes, band is acquired</PSAValue>
        </PSA>
        <PSA>
            <PSAName>UpperLeftQuadCloudCoverage</PSAName>
            <PSAValue>0</PSAValue>
        </PSA>
        <PSA>
            <PSAName>Band7_Available</PSAName>
            <PSAValue>Yes, band is acquired</PSAValue>
        </PSA>
        <PSA>
            <PSAName>UpperRightQuadCloudCoverage</PSAName>
            <PSAValue>0</PSAValue>
        </PSA>
        <PSA>
            <PSAName>Solar_Elevation_Angle</PSAName>
            <PSAValue>54.615200000000002</PSAValue>
        </PSA>
        <PSA>
            <PSAName>TIR_ObservationMode</PSAName>
            <PSAValue>ON</PSAValue>
        </PSA>
        <PSA>
            <PSAName>DAR_ID</PSAName>
            <PSAValue>23523</PSAValue>
            <PSAValue>23522</PSAValue>
            <PSAValue>23521</PSAValue>
            <PSAValue>23203</PSAValue>
            <PSAValue>21459</PSAValue>
            <PSAValue>13674</PSAValue>
        </PSA>
        <PSA>
            <PSAName>Band3N_Available</PSAName>
            <PSAValue>Yes, band is acquired</PSAValue>
        </PSA>
        <PSA>
            <PSAName>GeometricDBVersion</PSAName>
            <PSAValue>02.10</PSAValue>
        </PSA>
        <PSA>
            <PSAName>VNIR1_ObservationMode</PSAName>
            <PSAValue>ON</PSAValue>
        </PSA>
        <PSA>
            <PSAName>ASTERMapProjection</PSAName>
            <PSAValue>N/A</PSAValue>
        </PSA>
    </PSAs>
    <BrowseProduct>
        <BrowseGranuleId>:BR:Browse.001:2037513073:1.BINARY</BrowseGranuleId>
    </BrowseProduct>
</GranuleURMetaData>
