<?xml version="1.0" encoding="UTF-8"?> 
<asset xmlns="http://nix2.larc.nasa.gov/XMLSchema/1.0" 
  xmlns:xsi="http://www.w3.org/2001/XMLSchema-instance"
  xsi:schemaLocation="http://nix2.larc.nasa.gov/XMLSchema/1.0
                          http://nix2.larc.nasa.gov/XMLSchema/1.0/nasamm.xsd">
 <text> 
    <title>Deep Space 1 is prepared for transport to launch pad</title>
    <description>
Wrapped in an anti-static blanket for protection, Deep Space 1 is moved out of the Defense Satellite Communications Systems Processing Facility (DPF) at Cape Canaveral Air Station (CCAS) for its trip to Launch Pad 17A. The spacecraft will be launched aboard a Boeing Delta 7326 rocket on Oct. 25. Deep Space 1 is the first flight in NASA's New Millennium Program, and is designed to validate 12 new technologies for scientific space missions of the next century, including the engine. Propelled by the gas xenon, the engine is being flight-tested for future deep space and Earth-orbiting missions. Deceptively powerful, the ion drive emits only an eerie blue glow as ionized atoms of xenon are pushed out of the engine. While slow to pick up speed, over the long haul it can deliver 10 times as much thrust per pound of fuel as liquid or solid fuel rockets. Other onboard experiments include software that tracks celestial bodies so the spacecraft can make its own navigation decisions without the intervention of ground controllers. Deep Space 1 will complete most of its mission objectives within the first two months, but will also do a flyby of a near-Earth asteroid, 1992 KD, in July 1999. 
    </description>
    <date>1998-10-10</date>
    <id>KSC-98PC-1328</id>
    <org>
      <name>NASA Kennedy Space Center</name>
      <acronym>NASA-KSC</acronym>
      <url>http://images.ksc.nasa.gov/</url>
    </org>
  </text>
  <image>
    <!-- Thumbnail image -->
    <thumbimage>
      <url>http://images.ksc.nasa.gov/photos/1998/thumb/KSC-98PC-1328.gif</url>
      <format>GIF</format>
      <width>100</width>
      <height>79</height>
      <size>11956</size>
    </thumbimage>

    <!-- Screen image -->
    <screenimage>
      <url>http://images.ksc.nasa.gov/photos/1998/low/KSC-98PC-1328.gif</url>
      <format>GIF</format>
      <width>302</width>
      <height>240</height>
      <size>103314</size>
      </screenimage>

    <!-- Other image -->
    <otherimage>
      <url>http://images.ksc.nasa.gov/photos/1998/medium/KSC-98PC-1328.jpg</url>
      <format>JPEG</format>
      <width>966</width>
      <height>768</height>
      <size>157472</size>
      </otherimage>


    <!-- Other image -->
    <otherimage>
      <url>http://images.ksc.nasa.gov/photos/1998/high/KSC-98PC-1328.jpg</url>
      <format>JPEG</format>
      <width>2617</width>
      <height>2080</height>
      <size>1854464</size>
      </otherimage>

  </image>
</asset>


