<rdf:RDF
    xmlns:j.0="http://xmdr.org/ont/iso11179-3e3draft_r4.owl#"
    xmlns:rdf="http://www.w3.org/1999/02/22-rdf-syntax-ns#"
    xmlns:pf="java:com.hp.hpl.jena.query.pfunction.library."
    xmlns:owl="http://www.w3.org/2002/07/owl#" > 
  <rdf:Description rdf:nodeID="A0">
    <j.0:Identification.identifier_scope rdf:nodeID="A1"/>
    <j.0:Identification.item_identifier rdf:datatype="http://www.w3.org/2001/XMLSchema#string">ISO3166/R-C/LF.xml#c-1</j.0:Identification.item_identifier>
    <j.0:Identification.identifier_context rdf:resource="http://bambam.lbl.gov:8080/xmdr/content/admin/XMDR_Register.xml"/>
    <rdf:type rdf:resource="http://www.w3.org/2002/07/owl#Thing"/>
    <rdf:type rdf:resource="http://xmdr.org/ont/iso11179-3e3draft_r4.owl#Identification"/>
  </rdf:Description>
  <rdf:Description rdf:nodeID="A2">
    <j.0:Identification.identifier_scope rdf:nodeID="A3"/>
    <j.0:Identification.item_identifier rdf:datatype="http://www.w3.org/2001/XMLSchema#string">ISO3166/R-C/LF.xml#c2</j.0:Identification.item_identifier>
    <j.0:Identification.identifier_context rdf:resource="http://bambam.lbl.gov:8080/xmdr/content/admin/XMDR_Register.xml"/>
    <rdf:type rdf:resource="http://www.w3.org/2002/07/owl#Thing"/>
    <rdf:type rdf:resource="http://xmdr.org/ont/iso11179-3e3draft_r4.owl#Identification"/>
  </rdf:Description>
  <rdf:Description rdf:nodeID="A3">
    <rdf:type rdf:resource="http://xmdr.org/ont/iso11179-3e3draft_r4.owl#Designatable_Item"/>
    <rdf:type rdf:resource="http://www.w3.org/2002/07/owl#Thing"/>
    <j.0:Facet.facet_name rdf:datatype="http://www.w3.org/2001/XMLSchema#string">twoCharCode</j.0:Facet.facet_name>
    <rdf:type rdf:resource="http://xmdr.org/ont/iso11179-3e3draft_r4.owl#Classification_Node"/>
    <rdf:type rdf:resource="http://xmdr.org/ont/iso11179-3e3draft_r4.owl#Identified_Item"/>
    <rdf:type rdf:resource="http://xmdr.org/ont/iso11179-3e3draft_r4.owl#Facet"/>
    <j.0:Classification_Node.classified_item rdf:resource="http://bambam.lbl.gov:8080/xmdr/content/ISO3166/R-C/LF.xml"/>
    <j.0:Facet.facet_value rdf:datatype="http://www.w3.org/2001/XMLSchema#string">LF</j.0:Facet.facet_value>
    <j.0:Classification_Node.container rdf:resource="http://bambam.lbl.gov:8080/xmdr/content/ISO3166/CS.xml"/>
    <j.0:Identified_Item.identification_identifier_scope rdf:nodeID="A2"/>
  </rdf:Description>
  <rdf:Description rdf:about="http://bambam.lbl.gov:8080/xmdr/content/ISO3166/R-C/LF.xml">
    <rdf:type rdf:resource="http://xmdr.org/ont/iso11179-3e3draft_r4.owl#Identified_Item"/>
    <j.0:Identified_Item.identification_identifier_scope rdf:nodeID="A4"/>
    <j.0:Classifiable_Item.classification rdf:nodeID="A3"/>
    <rdf:type rdf:resource="http://xmdr.org/ont/iso11179-3e3draft_r4.owl#Attached_Item"/>
    <rdf:type rdf:resource="http://xmdr.org/ont/iso11179-3e3draft_r4.owl#Designatable_Item"/>
    <j.0:Designatable_Item.designation rdf:nodeID="A5"/>
    <rdf:type rdf:resource="http://xmdr.org/ont/iso11179-3e3draft_r4.owl#Classifiable_Item"/>
    <rdf:type rdf:resource="http://xmdr.org/ont/iso11179-3e3draft_r4.owl#Concept"/>
    <j.0:Registered_Item.submission_submitted_item rdf:nodeID="A6"/>
    <rdf:type rdf:resource="http://www.w3.org/2002/07/owl#Thing"/>
    <j.0:Classifiable_Item.classification rdf:nodeID="A1"/>
    <j.0:Concept.container rdf:resource="http://bambam.lbl.gov:8080/xmdr/content/ISO3166/CS.xml"/>
    <rdf:type rdf:resource="http://xmdr.org/ont/iso11179-3e3draft_r4.owl#Classification_Node"/>
    <rdf:type rdf:resource="http://xmdr.org/ont/iso11179-3e3draft_r4.owl#Documentable_Item"/>
    <j.0:Attached_Item.owner rdf:resource="http://bambam.lbl.gov:8080/xmdr/content/ISO3166/CS.xml"/>
    <rdf:type rdf:resource="http://xmdr.org/ont/iso11179-3e3draft_r4.owl#Reference_Concept"/>
    <rdf:type rdf:resource="http://xmdr.org/ont/iso11179-3e3draft_r4.owl#Registered_Item"/>
  </rdf:Description>
  <rdf:Description rdf:nodeID="A4">
    <j.0:Identification.identifier_scope rdf:resource="http://bambam.lbl.gov:8080/xmdr/content/ISO3166/R-C/LF.xml"/>
    <j.0:Identification.item_identifier rdf:datatype="http://www.w3.org/2001/XMLSchema#string">ISO3166/R-C/LF.xml</j.0:Identification.item_identifier>
    <j.0:Identification.identifier_context rdf:resource="http://bambam.lbl.gov:8080/xmdr/content/admin/XMDR_Register.xml"/>
    <rdf:type rdf:resource="http://www.w3.org/2002/07/owl#Thing"/>
    <rdf:type rdf:resource="http://xmdr.org/ont/iso11179-3e3draft_r4.owl#Identification"/>
  </rdf:Description>
  <rdf:Description rdf:nodeID="A1">
    <j.0:Classification_Node.container rdf:resource="http://bambam.lbl.gov:8080/xmdr/content/ISO3166/CS.xml"/>
    <j.0:Facet.facet_name rdf:datatype="http://www.w3.org/2001/XMLSchema#string">comment</j.0:Facet.facet_name>
    <rdf:type rdf:resource="http://xmdr.org/ont/iso11179-3e3draft_r4.owl#Classification_Node"/>
    <j.0:Facet.facet_value rdf:datatype="http://www.w3.org/2001/XMLSchema#string">R *)</j.0:Facet.facet_value>
    <j.0:Classification_Node.classified_item rdf:resource="http://bambam.lbl.gov:8080/xmdr/content/ISO3166/R-C/LF.xml"/>
    <rdf:type rdf:resource="http://xmdr.org/ont/iso11179-3e3draft_r4.owl#Designatable_Item"/>
    <j.0:Identified_Item.identification_identifier_scope rdf:nodeID="A0"/>
    <rdf:type rdf:resource="http://www.w3.org/2002/07/owl#Thing"/>
    <rdf:type rdf:resource="http://xmdr.org/ont/iso11179-3e3draft_r4.owl#Facet"/>
    <rdf:type rdf:resource="http://xmdr.org/ont/iso11179-3e3draft_r4.owl#Identified_Item"/>
  </rdf:Description>
  <rdf:Description rdf:nodeID="A5">
    <j.0:Designation.designation_sign rdf:datatype="http://www.w3.org/2001/XMLSchema#string">Libya Fezzan</j.0:Designation.designation_sign>
    <j.0:Designation.item rdf:resource="http://bambam.lbl.gov:8080/xmdr/content/ISO3166/R-C/LF.xml"/>
    <j.0:Designation.designation_language rdf:datatype="http://www.w3.org/2001/XMLSchema#string">en</j.0:Designation.designation_language>
    <rdf:type rdf:resource="http://www.w3.org/2002/07/owl#Thing"/>
    <rdf:type rdf:resource="http://xmdr.org/ont/iso11179-3e3draft_r4.owl#Designation"/>
  </rdf:Description>
  <rdf:Description rdf:nodeID="A6">
    <j.0:Submission.submitted_item rdf:resource="http://bambam.lbl.gov:8080/xmdr/content/ISO3166/R-C/LF.xml"/>
    <j.0:Submission.submitter rdf:resource="http://bambam.lbl.gov:8080/xmdr/content/admin/XMDR_Registration_Authority.xml"/>
    <j.0:Submission.submission_contact rdf:resource="http://bambam.lbl.gov:8080/xmdr/content/admin/XMDR_Registrar.xml"/>
    <rdf:type rdf:resource="http://www.w3.org/2002/07/owl#Thing"/>
    <rdf:type rdf:resource="http://xmdr.org/ont/iso11179-3e3draft_r4.owl#Submission"/>
  </rdf:Description>
</rdf:RDF>
