<?xml version="1.0" encoding="UTF-8"?>
<mods xmlns:xlink="http://www.w3.org/1999/xlink" xmlns:xsi="http://www.w3.org/2001/XMLSchema-instance" xmlns="http://www.loc.gov/mods/v3" version="3.3" xsi:schemaLocation="http://www.loc.gov/mods/v3 http://www.loc.gov/standards/mods/v3/mods-3-3.xsd" ID="id-97-29206">
<name type="corporate">
<namePart>United States Government Printing Office</namePart>
<role>
<roleTerm authority="marcrelator" type="text">printer</roleTerm>
<roleTerm authority="marcrelator" type="code">prt</roleTerm>
</role>
<role>
<roleTerm authority="marcrelator" type="text">distributor</roleTerm>
<roleTerm authority="marcrelator" type="code">dst</roleTerm>
</role>
</name>
<name type="corporate">
<namePart>United States</namePart>
<namePart>National Archives and Records Administration</namePart>
<namePart>Federal Register Office</namePart>
<role>
<roleTerm authority="marcrelator" type="text">author</roleTerm>
<roleTerm authority="marcrelator" type="code">aut</roleTerm>
</role>
<description>Government Organization</description>
</name>
<typeOfResource>text</typeOfResource>
<genre authority="marcgt">government publication</genre>
<language>
<languageTerm type="code" authority="iso639-2b">eng</languageTerm>
</language>
<extension>
<collectionCode>FR</collectionCode>
<category>Regulatory Information</category>
<waisDatabaseName>1997_register</waisDatabaseName>
<branch>executive</branch>
</extension>
<genre authority="marcgt">article</genre>
<titleInfo>
<title/>
<partName>Notices</partName>
</titleInfo>
<name type="corporate">
<namePart>United States</namePart>
<namePart>Environmental Protection Agency</namePart>
<role>
<roleTerm authority="marcrelator" type="text">originator</roleTerm>
<roleTerm authority="marcrelator" type="code">org</roleTerm>
</role>
<description>United States Government Agency or Subagency</description>
</name>
<abstract>EPA has entered into a Memorandum of Agreement (MOA), and has entered into an interagency agreement, with HUD to administer the remaining funds authorized under section 1011(g) of Title X of the Housing and Community Development Act of 1992. EPA will award grants from these funds under its authority in section 404(g) of the Toxics Substances Control Act (TSCA). This notice announces the availability of $3,548,910 to provide financial assistance to States for purposes of establishing training, accreditation, and certification programs for professionals engaged in lead-based paint activities listed under section 402 of TSCA, as promulgated on August 29, 1996. These grants are restricted to States seeking assistance in establishing a State training, accreditation, and certification program after passing enabling legislation. Although there is no deadline in submitting an application, applicants should note that the funds are limited to $3,548,910. These funds will be awarded to States, Territories and the District of Columbia on a first-come first-served basis. Agency receipt of the application will be logged by recording the date and hour of the day that the appropriate EPA Regional Office receives the application. Applications must be sent by certified mail, return receipt requested.</abstract>
<identifier type="FR citation">62 FR 59865</identifier>
<identifier type="uri">http://www.gpo.gov/fdsys/granule/FR-1997-11-05/97-29206</identifier>
<identifier type="FR Doc No.">97-29206</identifier>
<identifier type="former granule identifier">fr05no97-60</identifier>
<identifier type="billing code">6560-50-F</identifier>
<identifier type="department code">OPPTS-00219</identifier>
<location>
<url displayLabel="Content Detail" access="object in context">http://www.gpo.gov/fdsys/granule/FR-1997-11-05/97-29206/content-detail.html</url>
<url displayLabel="PDF rendition" access="raw object">http://www.gpo.gov/fdsys/pkg/FR-1997-11-05/pdf/97-29206.pdf</url>
<url displayLabel="HTML rendition" access="raw object">http://www.gpo.gov/fdsys/pkg/FR-1997-11-05/html/97-29206.html</url>
</location>
<physicalDescription>
<extent>5 p.</extent>
</physicalDescription>
<part type="Notices">
<extent unit="pages">
<start>59865</start>
<end>59869</end>
</extent>
</part>
<identifier type="preferred citation">62 FR 59865</identifier>
<extension>
<searchTitle>; Federal Register Vol. 62, Issue </searchTitle>
<granuleClass>NOTICE</granuleClass>
<accessId>97-29206</accessId>
<agency order="1">ENVIRONMENTAL PROTECTION AGENCY</agency>
<departmentDoc>OPPTS-00219</departmentDoc>
<departmentDoc>FRL-5734-8</departmentDoc>
<billingCode>6560-50-F</billingCode>
<frDocNumber>97-29206</frDocNumber>
<action>Notice of Funding Availability (NOFA); solicitation of applications for financial assistance.</action>
<summary>EPA has entered into a Memorandum of Agreement (MOA), and has entered into an interagency agreement, with HUD to administer the remaining funds authorized under section 1011(g) of Title X of the Housing and Community Development Act of 1992. EPA will award grants from these funds under its authority in section 404(g) of the Toxics Substances Control Act (TSCA). This notice announces the availability of $3,548,910 to provide financial assistance to States for purposes of establishing training, accreditation, and certification programs for professionals engaged in lead-based paint activities listed under section 402 of TSCA, as promulgated on August 29, 1996. These grants are restricted to States seeking assistance in establishing a State training, accreditation, and certification program after passing enabling legislation. Although there is no deadline in submitting an application, applicants should note that the funds are limited to $3,548,910. These funds will be awarded to States, Territories and the District of Columbia on a first-come first-served basis. Agency receipt of the application will be logged by recording the date and hour of the day that the appropriate EPA Regional Office receives the application. Applications must be sent by certified mail, return receipt requested.</summary>
<contact>For general information, contact: Susan B. Hazen, Director, Environmental Assistance Division (7408), Office of Pollution Prevention and Toxics, Environmental Protection Agency, Rm E-543B, 401 M St., SW., Washington, DC 20460, (202) 554- 1404, TDD: (202) 554-0551, e-mail: TSCA-Hotline@epamail.epa.gov. For technical information, contact the appropriate Regional Primary Lead Contact person listed in Unit IX. of this document.</contact>
</extension>
<relatedItem type="host" ID="" xlink:href="http://www.gpo.gov/fdsys/pkg/FR-1997-11-05/mods.xml">
<titleInfo>
<title>Federal Register</title>
<partNumber>Vol. 62, no. 214</partNumber>
</titleInfo>
<originInfo>
<publisher>Office of the Federal Register, National Archives and Records Administration</publisher>
<dateIssued encoding="w3cdtf">1997-11-05</dateIssued>
<issuance>continuing</issuance>
<frequency>daily</frequency>
</originInfo>
<physicalDescription>
<note type="source content type">deposited</note>
<digitalOrigin>born digital</digitalOrigin>
<extent>218 p.</extent>
</physicalDescription>
<tableOfContents xlink:href="http://www.gpo.gov/fdsys/pkg/FR-1997-11-05/toc.html">
    Table of Contents: 
  </tableOfContents>
<classification authority="sudocs">AE 2.7:</classification>
<classification authority="sudocs">GS 4.107:</classification>
<classification authority="sudocs">AE 2.106:</classification>
<classification authority="lcc">KF70.A2</classification>
<identifier type="uri">http://www.gpo.gov/fdsys/pkg/FR-1997-11-05</identifier>
<identifier type="issn">0097-6326</identifier>
<identifier type="issn">0042-1219</identifier>
<identifier type="issn">0364-1406</identifier>
<identifier type="stock number">769-004-00000-9</identifier>
<identifier type="ILS system id">000582072</identifier>
<identifier type="former identifier">fr05no97</identifier>
<location>
<url displayLabel="Content Detail" access="object in context">http://www.gpo.gov/fdsys/pkg/FR-1997-11-05/content-detail.html</url>
<url displayLabel="PDF rendition" access="raw object">http://www.gpo.gov/fdsys/pkg/FR-1997-11-05/pdf/FR-1997-11-05.pdf</url>
</location>
<part type="issue">
<extent unit="pages">
<start>59773</start>
<end>59990</end>
</extent>
</part>
<recordInfo>
<recordContentSource authority="marcorg">DGPO</recordContentSource>
<recordCreationDate encoding="w3cdtf">2009-01-09</recordCreationDate>
<recordChangeDate encoding="w3cdtf">2009-01-09</recordChangeDate>
<recordIdentifier source="DGPO">FR-1997-11-05</recordIdentifier>
<recordOrigin>machine generated</recordOrigin>
<languageOfCataloging>
<languageTerm type="code" authority="iso639-2b">eng</languageTerm>
</languageOfCataloging>
</recordInfo>
<extension>
<docClass>FR</docClass>
<accessId>FR-1997-11-05</accessId>
<volume>62</volume>
<issue>214</issue>
</extension>
</relatedItem>
</mods>
