<?xml version="1.0" encoding="UTF-8"?>
<?xml-stylesheet type="text/xsl" href="billres.xsl"?>
<!--<?xml version="1.0" encoding="UTF-8"?>-->
<!--<?xml-stylesheet href="\billres.xsl" type="text/xsl"?>-->
<!--<!DOCTYPE bill PUBLIC "-//US Congress//DTDs/bill v2.8 20020720//EN" "http://thomas.loc.gov/dtd/bill.dtd">-->
<!DOCTYPE bill PUBLIC "-//US Congress//DTDs/bill v2.8 20020720//EN" "http://thomas.loc.gov/dtd/bill.dtd">
<bill bill-stage="Introduced-in-House" dms-id="H831763A4E10F4344A926C1AE11F5ACEB" public-private="public" bill-type="olc"> 
<metadata xmlns:dc="http://purl.org/dc/elements/1.1/">
<dublinCore>
<dc:title>110 HR 40 IH: Commission to Study Reparation Proposals for African-Americans Act</dc:title>
<dc:publisher>U.S. House of Representatives</dc:publisher>
<dc:date>2007-01-04</dc:date>
<dc:format>text/xml</dc:format>
<dc:language>EN</dc:language>
<dc:rights>Pursuant to Title 17 Section 105 of the United States Code, this file is not subject to copyright protection and is in the public domain.</dc:rights>
</dublinCore>
</metadata>
<form> 
<distribution-code display="yes">I</distribution-code> 
<congress>110th CONGRESS</congress>
<session>1st Session</session>
<legis-num>H. R. 40</legis-num> 
<current-chamber>IN THE HOUSE OF REPRESENTATIVES</current-chamber> 
<action> 
<action-date date="20070104">January 4, 2007</action-date> 
<action-desc><sponsor name-id="C000714">Mr. Conyers</sponsor> (for himself, <cosponsor name-id="N000002">Mr. Nadler</cosponsor>, <cosponsor name-id="J000032">Ms. Jackson-Lee of Texas</cosponsor>, <cosponsor name-id="K000180">Ms. Kilpatrick of Michigan</cosponsor>, <cosponsor name-id="N000147">Ms. Norton</cosponsor>, <cosponsor name-id="O000085">Mr. Olver</cosponsor>, <cosponsor name-id="W000784">Mr. Wynn</cosponsor>, <cosponsor name-id="B000490">Mr. Bishop of Georgia</cosponsor>, <cosponsor name-id="R000515">Mr. Rush</cosponsor>, <cosponsor name-id="T000193">Mr. Thompson of Mississippi</cosponsor>, <cosponsor name-id="M000714">Ms. Millender-McDonald</cosponsor>, <cosponsor name-id="C000984">Mr. Cummings</cosponsor>, <cosponsor name-id="C000380">Mrs. Christensen</cosponsor>, <cosponsor name-id="L000551">Ms. Lee</cosponsor>, <cosponsor name-id="H001034">Mr. Honda</cosponsor>, and <cosponsor name-id="C001049">Mr. Clay</cosponsor>) introduced the following bill; which was referred to the <committee-name committee-id="HJU00">Committee on the Judiciary</committee-name></action-desc>
</action> 
<legis-type>A BILL</legis-type> 
<official-title>To acknowledge the fundamental injustice, cruelty, brutality, and inhumanity of slavery in the United States and the 13 American colonies between 1619 and 1865 and to establish a commission to examine the institution of slavery, subsequently de jure and de facto racial and economic discrimination against African-Americans, and the impact of these forces on living African-Americans, to make recommendations to the Congress on appropriate remedies, and for other purposes.</official-title> 
</form> 
<legis-body id="H6E87F1D098104709B5E5581E6DC86678" style="OLC"> 
<section section-type="section-one" id="H059D344F65D64E9AA73D13220067B327" display-inline="no-display-inline"><enum>1.</enum><header>Short title</header><text display-inline="no-display-inline">This Act may be cited as the <quote><short-title>Commission to Study Reparation Proposals for African-Americans Act</short-title></quote>.</text></section>
<section id="H8ABAF54C1F3A4A87BB499681621B9E35"><enum>2.</enum><header>Findings and purpose</header>
<subsection id="H199DF6A62E1C47F7B2DD243900AD796E"><enum>(a)</enum><header>Findings</header><text>The Congress finds that—</text>
<paragraph id="H6D8A73EDC7DB456B9494FACED11079E2"><enum>(1)</enum><text>approximately 4,000,000 Africans and their descendants were enslaved in the United States and colonies that became the United States from 1619 to 1865;</text></paragraph>
<paragraph id="H05C47639319848E093B6E7F6B94036F"><enum>(2)</enum><text>the institution of slavery was constitutionally and statutorily sanctioned by the Government of the United States from 1789 through 1865;</text></paragraph>
<paragraph id="H18A70680B58749BE9D15E0B96E27E000"><enum>(3)</enum><text>the slavery that flourished in the United States constituted an immoral and inhumane deprivation of Africans’ life, liberty, African citizenship rights, and cultural heritage, and denied them the fruits of their own labor; and</text></paragraph>
<paragraph id="HE08762357E18448A93A5F69CF713BD40"><enum>(4)</enum><text>sufficient inquiry has not been made into the effects of the institution of slavery on living African-Americans and society in the United States.</text></paragraph></subsection>
<subsection id="HBDD72FFF63B749D6B300032E1F07F874"><enum>(b)</enum><header>Purpose</header><text>The purpose of this Act is to establish a commission to—</text>
<paragraph id="HB61878E4C055455A8C0089DB575B4994"><enum>(1)</enum><text>examine the institution of slavery which existed from 1619 through 1865 within the United States and the colonies that became the United States, including the extent to which the Federal and State Governments constitutionally and statutorily supported the institution of slavery;</text></paragraph>
<paragraph id="HF96F3B2080DE4959932D03ECA142A9B4"><enum>(2)</enum><text>examine de jure and de facto discrimination against freed slaves and their descendants from the end of the Civil War to the present, including economic, political, and social discrimination;</text></paragraph>
<paragraph id="HE00E9A55227D4A38BDD500CCF31992A4"><enum>(3)</enum><text>examine the lingering negative effects of the institution of slavery and the discrimination described in paragraph (2) on living African-Americans and on society in the United States;</text></paragraph>
<paragraph id="H33B176A12993429794FEEB5742D27500"><enum>(4)</enum><text>recommend appropriate ways to educate the American public of the Commission’s findings;</text></paragraph>
<paragraph id="H8118B80188A041CCB080BBBA40A537F"><enum>(5)</enum><text>recommend appropriate remedies in consideration of the Commission’s findings on the matters described in paragraphs (1) and (2); and</text></paragraph>
<paragraph id="H375D5F7DC5704BE60088D1009FE34277"><enum>(6)</enum><text>submit to the Congress the results of such examination, together with such recommendations.</text></paragraph></subsection></section>
<section id="H298C2713DF3843DB90E25DFE6F422913"><enum>3.</enum><header>Establishment and duties</header>
<subsection id="HF2D865F930CB4742A8C3C842362D1E56"><enum>(a)</enum><header>Establishment</header><text>There is established the Commission to Study Reparation Proposals for African-Americans (hereinafter in this Act referred to as the <quote>Commission</quote>).</text></subsection>
<subsection id="H4847AEF7ED46420388F180CE3F1C6B51"><enum>(b)</enum><header>Duties</header><text>The Commission shall perform the following duties:</text>
<paragraph id="H4CEC5DA1BDDD45F08908FDED90E9EF17"><enum>(1)</enum><text>Examine the institution of slavery which existed within the United States and the colonies that became the United States from 1619 through 1865. The Commission’s examination shall include an examination of—</text>
<subparagraph id="H4580E1843CAD42BC8C56D2C8E911F5C"><enum>(A)</enum><text>the capture and procurement of Africans;</text></subparagraph>
<subparagraph id="HAE24D32F60324C9591E4D1A2F691858F"><enum>(B)</enum><text>the transport of Africans to the United States and the colonies that became the United States for the purpose of enslavement, including their treatment during transport;</text></subparagraph>
<subparagraph id="H08DC28E52507485BB31F579239C35D01"><enum>(C)</enum><text>the sale and acquisition of Africans as chattel property in interstate and instrastate commerce; and</text></subparagraph>
<subparagraph id="H3DDB60ED06EA440088D1DAD99F6F2351"><enum>(D)</enum><text>the treatment of African slaves in the colonies and the United States, including the deprivation of their freedom, exploitation of their labor, and destruction of their culture, language, religion, and families.</text></subparagraph></paragraph>
<paragraph id="HAB8B99C393674BB0BEF24D1D45F856EE"><enum>(2)</enum><text>Examine the extent to which the Federal and State governments of the United States supported the institution of slavery in constitutional and statutory provisions, including the extent to which such governments prevented, opposed, or restricted efforts of freed African slaves to repatriate to their homeland.</text></paragraph>
<paragraph id="H80E184145D2C49DF8149B2A801FF180"><enum>(3)</enum><text>Examine Federal and State laws that discriminated against freed African slaves and their descendants during the period between the end of the Civil War and the present.</text></paragraph>
<paragraph id="H209581C87D9A4451B226472DEAA4FB4E"><enum>(4)</enum><text>Examine other forms of discrimination in the public and private sectors against freed African slaves and their descendants during the period between the end of the Civil War and the present.</text></paragraph>
<paragraph id="H5EE3EFB1E5494ECA9D00F169EFB59F4"><enum>(5)</enum><text>Examine the lingering negative effects of the institution of slavery and the matters described in paragraphs (1), (2), (3), and (4) on living African-Americans and on society in the United States.</text></paragraph>
<paragraph id="H3620D9F629C6423892D00A0B971EDEA"><enum>(6)</enum><text>Recommend appropriate ways to educate the American public of the Commission’s findings.</text></paragraph>
<paragraph id="H2E386C4EA82943FF8300B54F41277EC4"><enum>(7)</enum><text>Recommend appropriate remedies in consideration of the Commission’s findings on the matters described in paragraphs (1), (2), (3), and (4). In making such recommendations, the Commission shall address among other issues, the following questions:</text>
<subparagraph id="H1183CB0AF2384905926B64BEAFB400C2"><enum>(A)</enum><text>Whether the Government of the United States should offer a formal apology on behalf of the people of the United States for the perpetration of gross human rights violations on African slaves and their descendants.</text></subparagraph>
<subparagraph id="H6C8C0A5000134905AB9897E5042BA66D"><enum>(B)</enum><text>Whether African-Americans still suffer from the lingering effects of the matters described in paragraphs (1), (2), (3), and (4).</text></subparagraph>
<subparagraph id="H0975649D441A40FCB74C3D56F7499B5F"><enum>(C)</enum><text>Whether, in consideration of the Commission’s findings, any form of compensation to the descendants of African slaves is warranted.</text></subparagraph>
<subparagraph id="H2995E08EAC4D4256A357C0243C500642"><enum>(D)</enum><text>If the Commission finds that such compensation is warranted, what should be the amount of compensation, what form of compensation should be awarded, and who should be eligible for such compensation.</text></subparagraph></paragraph></subsection>
<subsection id="H694DBE3092644841867F5311E4030041"><enum>(c)</enum><header>Report to Congress</header><text>The Commission shall submit a written report of its findings and recommendations to the Congress not later than the date which is one year after the date of the first meeting of the Commission held pursuant to section 4(c).</text></subsection></section>
<section id="H1F416E5C50244A83B0BDC093D5EC0099"><enum>4.</enum><header>Membership</header>
<subsection id="HD8FB7B95F287422DB492487900CC2F55"><enum>(a)</enum><header>Number and appointment</header>
<paragraph display-inline="yes-display-inline" id="HF2FC08F7DF014529BE0761303414BA19"><enum>(1)</enum><text>The Commission shall be composed of 7 members, who shall be appointed, within 90 days after the date of enactment of this Act, as follows:</text>
<subparagraph indent="up1" id="H37858E89B272400B9247E035A08109D"><enum>(A)</enum><text>Three members shall be appointed by the President.</text></subparagraph>
<subparagraph indent="up1" id="H0F87AC36FC1D4B7FA4BC132121918124"><enum>(B)</enum><text>Three members shall be appointed by the Speaker of the House of Representatives.</text></subparagraph>
<subparagraph indent="up1" id="HBD543481226A47A7BF33DDE0C2D158DD"><enum>(C)</enum><text>One member shall be appointed by the President pro tempore of the Senate.</text></subparagraph></paragraph>
<paragraph indent="up1" id="HA53DC7B0AAC34AAB9444F58D48562BF2"><enum>(2)</enum><text>All members of the Commission shall be persons who are especially qualified to serve on the Commission by virtue of their education, training, or experience, particularly in the field of African-American studies.</text></paragraph></subsection>
<subsection id="HE503218103C14CDE87EDFFC335383500"><enum>(b)</enum><header>Terms</header><text>The term of office for members shall be for the life of the Commission. A vacancy in the Commission shall not affect the powers of the Commission, and shall be filled in the same manner in which the original appointment was made.</text></subsection>
<subsection id="HF903F9C856ED4048B381E17914AB5B2B"><enum>(c)</enum><header>First meeting</header><text>The President shall call the first meeting of the Commission within 120 days after the date of the enactment of this Act, or within 30 days after the date on which legislation is enacted making appropriations to carry out this Act, whichever date is later.</text></subsection>
<subsection id="H70DD76AC815647D2BB2FAA1B9111B9C3"><enum>(d)</enum><header>Quorum</header><text>Four members of the Commission shall constitute a quorum, but a lesser number may hold hearings.</text></subsection>
<subsection id="H94DF84848195414F854615ACCE091C55"><enum>(e)</enum><header>Chair and Vice Chair</header><text>The Commission shall elect a Chair and Vice Chair from among its members. The term of office of each shall be for the life of the Commission.</text></subsection>
<subsection id="HF9B67C569BB24BD185FFB3B74D5B69A5"><enum>(f)</enum><header>Compensation</header>
<paragraph display-inline="yes-display-inline" id="H7CECA7CED5174F6D96304032A6CDD5B3"><enum>(1)</enum><text>Except as provided in paragraph (2), each member of the Commission shall receive compensation at the daily equivalent of the annual rate of basic pay payable for GS–18 of the General Schedule under <external-xref legal-doc="usc" parsable-cite="usc/5/5332">section 5332</external-xref> of title 5, United States Code, for each day, including travel time, during which he or she is engaged in the actual performance of duties vested in the Commission.</text></paragraph>
<paragraph indent="up1" id="H3BB5B764F51A41ED9228B4E9A654CAF2"><enum>(2)</enum><text>A member of the Commission who is a full-time officer or employee of the United States or a Member of Congress shall receive no additional pay, allowances, or benefits by reason of his or her service to the Commission.</text></paragraph>
<paragraph indent="up1" id="H347029EFB4054567B8FE3658CAB2A891"><enum>(3)</enum><text>All members of the Commission shall be reimbursed for travel, subsistence, and other necessary expenses incurred by them in the performance of their duties to the extent authorized by <external-xref legal-doc="usc-chapter" parsable-cite="usc-chapter/5/57">chapter 57</external-xref> of title 5, United States Code.</text></paragraph></subsection></section>
<section id="H94A93E080C974F8C9D69502718AE70E8"><enum>5.</enum><header>Powers of the Commission</header>
<subsection id="HB8A72DBB6F1F4AD4847E73590075A7D"><enum>(a)</enum><header>Hearings and sessions</header><text>The Commission may, for the purpose of carrying out the provisions of this Act, hold such hearings and sit and act at such times and at such places in the United States, and request the attendance and testimony of such witnesses and the production of such books, records, correspondence, memoranda, papers, and documents, as the Commission considers appropriate. The Commission may request the Attorney General to invoke the aid of an appropriate United States district court to require, by subpoena or otherwise, such attendance, testimony, or production.</text></subsection>
<subsection id="H4BEC0A6EADE04B4C9F7E424CA100E64E"><enum>(b)</enum><header>Powers of subcommittees and members</header><text>Any subcommittee or member of the Commission may, if authorized by the Commission, take any action which the Commission is authorized to take by this section.</text></subsection>
<subsection id="H070EE04BFD5B476788E9906C11AD56B5"><enum>(c)</enum><header>Obtaining official data</header><text>The Commission may acquire directly from the head of any department, agency, or instrumentality of the executive branch of the Government, available information which the Commission considers useful in the discharge of its duties. All departments, agencies, and instrumentalities of the executive branch of the Government shall cooperate with the Commission with respect to such information and shall furnish all information requested by the Commission to the extent permitted by law.</text></subsection></section>
<section id="H9A778B7B43A046AD8F35B1BEF22CA41"><enum>6.</enum><header>Administrative provisions</header>
<subsection id="HE841BBAC371C41209CBFEE0000F23D3D"><enum>(a)</enum><header>Staff</header><text>The Commission may, without regard to <external-xref legal-doc="usc" parsable-cite="usc/5/5311">section 5311(b)</external-xref> of title 5, United States Code, appoint and fix the compensation of such personnel as the Commission considers appropriate.</text></subsection>
<subsection id="H4FF26DE41DBB4C75A402B2B333493EF7"><enum>(b)</enum><header>Applicability of certain civil service laws</header><text>The staff of the Commission may be appointed without regard to the provisions of title 5, United States Code, governing appointments in the competitive service, and without regard to the provisions of chapter 51 and subchapter III of chapter 53 of such title relating to classification and General Schedule pay rates, except that the compensation of any employee of the Commission may not exceed a rate equal to the annual rate of basic pay payable for GS–18 of the General Schedule under <external-xref legal-doc="usc" parsable-cite="usc/5/5332">section 5332</external-xref> of title 5, United States Code.</text></subsection>
<subsection id="H8A62686F55F54F34894D50273B3023C8"><enum>(c)</enum><header>Experts and consultants</header><text>The Commission may procure the services of experts and consultants in accordance with the provisions of <external-xref legal-doc="usc" parsable-cite="usc/5/3109">section 3109(b)</external-xref> of title 5, United States Code, but at rates for individuals not to exceed the daily equivalent of the highest rate payable under section 5332 of such title.</text></subsection>
<subsection id="H103E0B37983A4E16B22D70339C312535"><enum>(d)</enum><header>Administrative support services</header><text>The Commission may enter into agreements with the Administrator of General Services for procurement of financial and administrative services necessary for the discharge of the duties of the Commission. Payment for such services shall be made by reimbursement from funds of the Commission in such amounts as may be agreed upon by the Chairman of the Commission and the Administrator.</text></subsection>
<subsection id="H2E7A2F7850AD487689E99713EC0368A2"><enum>(e)</enum><header>Contracts</header><text>The Commission may—</text>
<paragraph id="H14E227423FD9460ABEC4C1470252A4A"><enum>(1)</enum><text>procure supplies, services, and property by contract in accordance with applicable laws and regulations and to the extent or in such amounts as are provided in appropriations Acts; and</text></paragraph>
<paragraph id="HBD908011B29E4035995361788BF1B633"><enum>(2)</enum><text>enter into contracts with departments, agencies, and instrumentalities of the Federal Government, State agencies, and private firms, institutions, and agencies, for the conduct of research or surveys, the preparation of reports, and other activities necessary for the discharge of the duties of the Commission, to the extent or in such amounts as are provided in appropriations Acts.</text></paragraph></subsection></section>
<section id="HC90A43B50722418EBA77004102F0D83F"><enum>7.</enum><header>Termination</header><text display-inline="no-display-inline">The Commission shall terminate 90 days after the date on which the Commission submits its report to the Congress under section 3(c).</text></section>
<section id="H140F64D94AEB4F66BEA51628E63701E8"><enum>8.</enum><header>Authorization of appropriations</header><text display-inline="no-display-inline">To carry out the provisions of this Act, there are authorized to be appropriated $8,000,000.</text></section> 
</legis-body> 
</bill> 


