Time,Speed,Location,County,State,Lat,Lon,Comments
1715,UNK,1 S CRYSTAL LAKE,BAY,FL,30.43,-85.69,ONE TREE DOWN AT THE INTERSECTION OF HWY 77 AND HWY 20. (TAE)
2000,UNK,8 SW BELGRADE,NANCE,NE,41.39,-98.18,1 INCH DIAMETER TREE LIMBS BROKEN FROM STRONG WINDS (GID)
2015,UNK,2 SW PAPILLION,SARPY,NE,41.14,-96.07,THUNDERSTORM WIND GUSTS ESTIMATED AT 60 MPH DOWNED A TREE BLOCKING A LOCAL ROAD NEAR 121ST AND FAIRVIEW ROAD. (OAX)
2015,60,13 E BELGRADE,NANCE,NE,41.47,-97.82,(GID)
2030,60,4 N SILVER CREEK,MERRICK,NE,41.39,-97.67,(GID)
2040,70,6 SW COLUMBUS,PLATTE,NE,41.37,-97.44,60 TO 70 MPH WINDS. (OAX)
2052,60,11 N SHELBY,POLK,NE,41.35,-97.43,(GID)
2059,UNK,1 N BELLWOOD,BUTLER,NE,41.36,-97.24,TRAILER HOUSE LOST ROOF AND SOUTH WALL (OAX)
2110,UNK,1 N SCHUYLER,COLFAX,NE,41.46,-97.06,LARGE TREE DOWN ACROSS THE HIGHWAY JUST NORTH OF TOWN. (OAX)
2115,UNK,3 E SEWARD,SEWARD,NE,40.91,-97.04,TREE LIMBS UP TO 3 INCHES IN DIAMETER DOWN. WINDS ESTIMATED AT 50 TO 60 MPH. (OAX)
2120,UNK,3 NE COLUMBIA,COLUMBIA,FL,30.1,-82.66,ROOF BLOWN OFF RESIDENTIAL HOME ON WESTER ROAD. TREES AND POWERLINES DOWN AS WELL. TIME ESTIMATED BY DOPPLER RADAR. (JAX)
2120,UNK,CORDELE,CRISP,GA,31.97,-83.77,911 CENTER REPORTED 6 TREES DOWN IN CORDELE. (FFC)
2140,UNK,2 NE MALCOLM,LANCASTER,NE,40.93,-96.84,TREE LIMBS UP TO 3 INCHES IN DIAMETER BROKE OFF. (OAX)
2145,UNK,UEHLING,DODGE,NE,41.73,-96.51,NUMEROUS TREES AND POWER LINES DOWN (OAX)
2150,UNK,MIDLAND,MUSCOGEE,GA,32.57,-84.83,911 CENTER REPORTED AT LEAST 10 TREES BLOWN DOWN AND SOME POWER LINES DOWN. (FFC)
2150,73,3 NW WESTON,SAUNDERS,NE,41.22,-96.78,(OAX)
2150,UNK,2 N UEHLING,BURT,NE,41.76,-96.51,NUMEROUS TREES DOWN (OAX)
2205,58,OMAHA,DOUGLAS,NE,41.26,-96.01,150TH AND FORT (OAX)
2205,70,9 W WEST POINT,CUMING,NE,41.84,-96.88,CORN FLATTENED AND STRIPPED (OAX)
2213,60,3 N BLAIR,WASHINGTON,NE,41.59,-96.14,(OAX)
2215,UNK,GRETNA,SARPY,NE,41.14,-96.24,LARGE WOODEN PLAY SET DAMAGED. (OAX)
2220,UNK,DENISON,CRAWFORD,IA,42.02,-95.35,3 FOOT DIAMETER TREE DOWN ON A MOTOR HOME. DELAYED REPORT. TIME ESTIMATED. (DMX)
2222,60,1 S YUTAN,SAUNDERS,NE,41.23,-96.4,(OAX)
2224,UNK,MISSOURI VALLEY,HARRISON,IA,41.56,-95.9,60 MPH WINDS CAUSED TREE DOWN ONTO POWER LINES (OAX)
2235,60,1 N AVOCA,POTTAWATTAMIE,IA,41.5,-95.34,(OAX)
2240,UNK,BELLEVUE,SARPY,NE,41.16,-95.92,TREES DOWN CAUSING POWER OUTAGES (OAX)
2246,60,OMAHA,DOUGLAS,NE,41.26,-96.01,NEAR 21ST AND POLK IN SOUTH OMAHA (OAX)
2248,60,PACIFIC JUNCTION,MILLS,IA,41.02,-95.8,(OAX)
2250,60,PLATTSMOUTH,CASS,NE,41.01,-95.89,LARGE TREE BRANCHES AND POWER LINES DOWN (OAX)
2253,UNK,1 N GLENWOOD,MILLS,IA,41.06,-95.74,A PICKUP TRUCK WAS BLOWN OFF OF I-29 (OAX)
2255,58,HARLAN,SHELBY,IA,41.65,-95.33,HARLAN AWOS PEAK WIND REPORT (OAX)
2317,UNK,2 ESE KIMBALLTON,AUDUBON,IA,41.62,-95.03,6-8 INCH TREE LIMBS DOWN (DMX)
2320,77,10 W KNOLLS,TOOELE,UT,40.73,-113.47,(SLC)
2320,UNK,GLENWOOD,MILLS,IA,41.05,-95.74,TREE LIMBS UP TO 6 INCH DIAMTER DOWNED (OAX)
2328,UNK,MISSOURI VALLEY,HARRISON,IA,41.56,-95.9,4-5 TREES DOWN. ALSO 2 INCHES OF RAIN. (OAX)
2330,UNK,RED OAK,MONTGOMERY,IA,41.01,-95.22,POWER POLE FELL ON CAR. POWER WAS LIVE WITH VEHICLE OCCUPIED. (OAX)
2330,UNK,4 W CUMBERLAND,CASS,IA,41.27,-94.95,MEASURED WIND GUST 62 MPH (DMX)
2338,UNK,ESSEX,PAGE,IA,40.83,-95.3,TREES DOWN BLOCKING ROAD (OAX)
2341,71,ADAIR,ADAIR,IA,41.5,-94.64,(DMX)
2343,65,4 N ADAIR,GUTHRIE,IA,41.56,-94.64,ESTIMATED WINDS OF 60-70 MPH WITH TREE DAMAGE. (DMX)
0000,60,2 NW GRAVITY,TAYLOR,IA,40.79,-94.77,(DMX)
0015,UNK,15 W OCALA,MARION,FL,29.19,-82.38,TREES DOWN IN RAINBOW SPRINGS GOLF COURSE. (JAX)
0018,58,AFTON,UNION,IA,41.03,-94.2,(DMX)
0029,UNK,COLLEGE SPRINGS,PAGE,IA,40.62,-95.12,LARGE TREE ACROSS ROAD (OAX)
0036,60,1 N NEW VIRGINIA,WARREN,IA,41.2,-93.73,(DMX)
0039,UNK,4 E HOPKINS,NODAWAY,MO,40.55,-94.74,TREES DOWN...BROKEN TREE LIMBS UP TO SIX INCHES IN DIAMETER... (EAX)
0040,60,2 SE PICKERING,NODAWAY,MO,40.43,-94.81,SWING SET DAMAGED. (EAX)
0040,UNK,10 SW OSCEOLA,CLARKE,IA,40.93,-93.91,LARGE TREE LIMBS DOWN (DMX)
0047,60,4 S DES MOINES INT AIRP,WARREN,IA,41.48,-93.66,(DMX)
0050,60,3 SE PARNELL,WORTH,MO,40.41,-94.58,(EAX)
0100,60,1 S EAGLEVILLE,HARRISON,MO,40.45,-93.99,(EAX)
0110,UNK,RIDGEWAY,HARRISON,MO,40.38,-93.94,KTTN RADIO RELAYED A PUBLIC REPORT OF POWER LINES DOWN. (EAX)
0115,UNK,4 N CORYDON,WAYNE,IA,40.82,-93.32,18-20 INCH DIAMETER TREE DOWN. (DMX)
0120,60,PRINCETON,MERCER,MO,40.4,-93.59,WIND GUSTING OVER 50 MPH ON WIND EQUIPMENT...ESTIMATES WINDS OVER 60 MPH. (EAX)
0142,61,TRENTON,GRUNDY,MO,40.08,-93.6,(EAX)
0150,60,UNIONVILLE,PUTNAM,MO,40.48,-93,COOP OBSERVER ESTIMATES WIND GUST IN EXCESS OF 60 MPH. (EAX)
0155,60,2 E COFFEY,DAVIESS,MO,40.11,-93.97,(EAX)
0200,65,GREEN CITY,SULLIVAN,MO,40.27,-92.96,COOP OBSERVER ESTIMATES WINDS GUSTS 65 MPH. (EAX)
0202,60,2 N LANCASTER,SCHUYLER,MO,40.55,-92.53,TREE LIMBS DOWN...UP TO 2 INCHES IN DIAMETER. (EAX)
0220,60,6 S MILAN,SULLIVAN,MO,40.12,-93.12,(EAX)
0222,70,1 E SPRING HILL,LIVINGSTON,MO,39.87,-93.63,(EAX)
0233,64,KIRKSVILLE,ADAIR,MO,40.2,-92.58,KIRKSVILLE ASOS REPORTED 64 MPH. (EAX)
0235,60,DOWNING,SCHUYLER,MO,40.49,-92.37,SPOTTER ESTIMATED WIND GUSTS 50 TO 60 MPH. (DVN)
0235,60,3 NNE DOWNING,SCOTLAND,MO,40.52,-92.34,SPOTTER ESTIMATED WIND GUSTS 50 TO 60 MPH. (DVN)
0240,65,ROTHVILLE,CHARITON,MO,39.65,-93.06,(EAX)
0240,60,9 W BROOKFIELD,LINN,MO,39.79,-93.25,(EAX)
0240,65,5 W ATLANTA,MACON,MO,39.9,-92.57,ESTIMATES WIND GUSTS OF 65 MPH. 3 FOOT DIAMETER TREE DOWN AT 5 MILES WEST OF ATLANTA. OBSERVER MOBILE AND SAW POWER POLES SNAPPED WITH POLES HANGING FROM WIRES. (EAX)
0240,UNK,HURDLAND,KNOX,MO,40.15,-92.3,LARGE TREE LIMBS DOWN (LSX)
0240,60,N RUTLEDGE,SCOTLAND,MO,40.31,-92.09,SPOTTER ESTIMATED GUST AT 50 TO 60 MPH. (DVN)
0245,UNK,2 W INDEPENDENCE,TREMPEALEAU,WI,44.36,-91.46,MANY 2-4 INCH DIAMETER BRANCHES DOWNED. SCATTERED ISOLATED TREES DOWN IN THE AREA. POWER OUTAGE FOR 6 HOURS. REPORTED A BIT MORE WIND DAMAGE FURTHER NORTH TOWARD ELK CR (ARX)
0250,UNK,TRIPLETT,CHARITON,MO,39.5,-93.19,TIN ROOF BLOWN OFF AN OUTBUILDING (EAX)
0258,65,16 W MACON,MACON,MO,39.74,-92.77,TRAINED SPOTTER ESTIMATES WIND GUST OF 65 MPH. AT INTERSECTION OF 149 AND P. (EAX)
0259,60,4 N FISH HAVEN,BEAR LAKE,ID,42.09,-111.38,WIND GUSTS TO 60 MPH (PIH)
0259,65,BERN,BEAR LAKE,ID,42.33,-111.38,WIND GUSTS MEASURED TO 65 MPH (PIH)
0303,UNK,S LEONARD,SHELBY,MO,39.9,-92.18,ALONG HWY H,SINGLE TREE DOWN BLOCKING ROADWAY. EQUIPMENT IS REQUIRED TO REMOVE TREE. (LSX)
0310,UNK,LA BELLE,LEWIS,MO,40.12,-91.91,LARGE TREE LIMBS DOWN (LSX)
0315,UNK,SHELBINA,SHELBY,MO,39.69,-92.04,TREE LIMBS DOWN,6 TO 8 INCH DIAMETER. (LSX)
0320,60,MOBERLY,RANDOLPH,MO,39.42,-92.44,(EAX)
0320,UNK,KAHOKA,CLARK,MO,40.42,-91.72,TREE AND POWER LINES DOWN IN KAHOKA. (DVN)
0330,UNK,2 N WASHINGTON,FILLMORE,MN,43.79,-92.35,A FEW TREES DOWN AROUND THE AREA. A GOOD AMOUNT OF LEAF LITTER AS WELL. (ARX)
0335,UNK,PARIS,MONROE,MO,39.48,-92,NUMEROUS TREES AND TREE LIMBS DOWN. SOME POWER LINES DOWN AS WELL. (LSX)
0335,UNK,N PHILADELPHIA,MARION,MO,39.84,-91.74,A FEW TREES DOWN,12 TO 18 INCH DIAMETER. (LSX)
0340,UNK,MONROE CITY,MONROE,MO,39.65,-91.73,TREES AND LARGE TREE LIMBS DOWN (LSX)
0340,UNK,CANTON,LEWIS,MO,40.13,-91.52,LARGE TREE LIMBS DOWN (LSX)
0345,UNK,COLUMBIA,BOONE,MO,38.95,-92.33,POWER OUT IN THE CITY OF COLUMBIA,ALONG AND NORTH OF I-70. MEASURED GUST TO 61 MPH. (LSX)
0345,UNK,STURGEON,BOONE,MO,39.23,-92.28,LARGE TREE DOWN (LSX)
0355,UNK,QUINCY,ADAMS,IL,39.93,-91.39,LARGE TREE LIMBS DOWN WITHIN THE CITY (LSX)
0358,UNK,MEXICO,AUDRAIN,MO,39.17,-91.87,TREES...TREE LIMBS...AND POWER LINES DOWN (LSX)
0400,UNK,CENTRALIA,BOONE,MO,39.21,-92.13,10 INCH DIAMETER LIMBS DOWN. (LSX)
0405,UNK,NEW LONDON,RALLS,MO,39.58,-91.4,NUMEROUS TREES DOWN IN NEW LONDON AND SCATTERED THROUGHOUT THE COUNTY. POWER OUTAGES. (LSX)
0407,UNK,FARBER,AUDRAIN,MO,39.27,-91.58,TREE LIMBS AND POWER LINES DOWN (LSX)
0409,59,N ASHLAND,BOONE,MO,38.77,-92.26,KCOU ASOS GUST 52 KT (LSX)
0409,UNK,ASHLAND,BOONE,MO,38.77,-92.26,KCOU ASOS MEASURE WIND GUST OF 59 MPH (LSX)
0415,UNK,FRANKFORD,PIKE,MO,39.49,-91.32,LARGE TREE LIMBS DOWN (LSX)
0415,UNK,6 S PALMYRA,MARION,MO,39.71,-91.52,LARGE TREE DOWN BLOCKING HWY 24 (LSX)
0420,UNK,FULTON,CALLAWAY,MO,38.85,-91.95,TREES DOWN...SOME ROADS BLOCKED (LSX)
0425,UNK,HOLTS SUMMIT,CALLAWAY,MO,38.64,-92.12,TREES DOWN...ROADS BLOCKED (LSX)
0430,UNK,MONTGOMERY CITY,MONTGOMERY,MO,38.98,-91.51,CROSS GUARD AT RAILROAD STOP BLOWN AWAY,WINDS ESTIMATED AT 60 MPH (LSX)
0430,UNK,BOWLING GREEN,PIKE,MO,39.34,-91.2,COUNTY WIDE,NUMEROUS TREE LIMBS DOWN ACROSS ROADWAYS. TWO TRANSFORMERS BLOWN. (LSX)
0430,UNK,FRANKFORD,PIKE,MO,39.49,-91.32,NUMEROUS TREE LIMBS DOWN ACROSS THE COUNTY,FROM FRANKFORD THROUGH BOWLING GREEN TO THE PIKE/LINCOLN COUNTY LINE. (LSX)
0435,UNK,4 N PORTLAND,CALLAWAY,MO,38.77,-91.72,TREES DOWN ON ROUTE D BETWEEN READSVILLE AND PORTLAND (LSX)
0439,UNK,MEXICO,AUDRAIN,MO,39.17,-91.87,NUMEROUS LIMBS AND TREES DAMAGED,ESTIMATED SIZE UP TO 12 INCHES IN DIAMETER. WINDS UP TO 60 MPH. (LSX)
0440,UNK,JEFFERSON CITY,COLE,MO,38.57,-92.19,A FEW TREES AND LARGE TREE LIMBS DOWN IN THE CITY LIMITS (LSX)
0450,UNK,HERMANN,GASCONADE,MO,38.7,-91.43,TREE LIMBS DOWN THROUGHOUT THE CITY. POWER OUTAGES DUE TO LIMBS ON POWER LINES. (LSX)
0455,UNK,LINN,OSAGE,MO,38.48,-91.84,TREE DOWN ACROSS HIGHWAY 89 JUST NORTH OF LINN. TREE LIMBS DOWN THROUGHOUT THE COUNTY. (LSX)
0500,UNK,WARRENTON,WARREN,MO,38.82,-91.14,POWER LINES DOWN IN THE CITY. (LSX)
0505,UNK,WINFIELD,LINCOLN,MO,39,-90.74,NUMEROUS TREES AND POWER LINES DOWN BETWEEN WINFIELD AND TROY ALONG HWY 47 (LSX)
0505,UNK,ANNADA,PIKE,MO,39.26,-90.83,TREE LIMBS DOWN (LSX)
0510,UNK,WENTZVILLE,ST. CHARLES,MO,38.81,-90.86,WEATHER BUG NETWORK RECORDED GUST TO 59 MPH. NUMEROUS TREE DAMAGE REPORTED. (LSX)
0516,UNK,3 NW LESLIE,FRANKLIN,MO,38.45,-91.27,TREES AND LINES DOWN ON HIGHWAY C NORTH OF ZZ (LSX)
0525,UNK,ST. PETERS,ST. CHARLES,MO,38.78,-90.61,TREES...TREE LIMBS AND POWER LINES DOWN. DAMAGE SCATTERED THROUGHOUT ST PETERS...COTTLEVILLE AND HARVESTER. (LSX)
0525,UNK,BATCHTOWN,CALHOUN,IL,39.03,-90.65,LARGE TREE LIMBS AND POWER LINES DOWN IN BATCHTOWN AND NORTH OF HARDIN (LSX)
0527,UNK,3 NW VILLA RIDGE,FRANKLIN,MO,38.5,-90.92,TREES AND POWER LINES DOWN ON HIGHWAY V NEAR HIGHWAY 100 (LSX)
0545,UNK,FLORISSANT,ST. LOUIS,MO,38.8,-90.32,NUMEROUS REPORTS OF TREES AND TREE LIMBS DOWN. MANY WITHOUT POWER (LSX)
0545,UNK,HILLVIEW,GREENE,IL,39.45,-90.54,LARGE TREE FALLEN ON POWER LINES (LSX)
0546,67,ST. CHARLES,ST. CHARLES,MO,38.79,-90.52,KSET ASOS GUST 58 KT (LSX)
0555,UNK,MAPLEWOOD,ST. LOUIS,MO,38.61,-90.32,AT THE INTERSECTION OF FLORA AND HOOD,10 INCH TREE LIMBS DOWN. (LSX)
0600,UNK,ST. LOUIS,ST. LOUIS CITY,MO,38.64,-90.24,SEVERAL TREES DOWN...ONE WAS DOWN AT KINGSHIGHWAY AND NATURAL BRIDGE RD (LSX)
0603,60,ALTON,MADISON,IL,38.9,-90.15,FROM OBSERVER AT ALTON LOCK AND DAM (LSX)
0605,UNK,KEMPER,JERSEY,IL,39.22,-90.17,TREES DOWN ALONG HIGHWAY 67 (LSX)
0625,UNK,BELLEVILLE,ST. CLAIR,IL,38.53,-90,OFF ILLINOIS ROUTE 13 AT WARRENSBURG RD. SERIES OF STRONG WIND GUSTS CAUSED LARGE TREES TO SWAY VIOLENTLY,A FEW BRANCHES UP TO 2 INCHES IN DIAMETER WERE BROKEN OFF. WI (LSX)
0712,UNK,BELLEVILLE,ST. CLAIR,IL,38.53,-90,OFF ILLINOIS ROUTE 13 AT WARRENSBURG RD. SERIES OF STRONG WIND GUSTS CAUSED LARGE TREES TO SWAY VIOLENTLY,A FEW BRANCHES UP TO 2 INCHES IN DIAMETER WERE BROKEN OFF. WI (LSX)
