<?xml version="1.0" encoding="UTF-8"?><mets:mets xmlns:mods="http://www.loc.gov/mods/v3" xmlns:xlink="http://www.w3.org/1999/xlink" xmlns:mets="http://www.loc.gov/METS/" xmlns:bib="http://www.loc.gov/mets/profiles/bibRecord" xmlns:lc="http://www.loc.gov/mets/profiles/" xmlns:xs="http://www.w3.org/2001/XMLSchema" PROFILE="lc:bibRecord" OBJID="loc.natlib.ihas.200021378">
   <mets:dmdSec ID="DMD">
      <mets:mdWrap MDTYPE="MODS">
         <mets:xmlData>
            <mods:mods ID="mods1">
               <mods:titleInfo>
                  <mods:title>TEMPO series
Ep: ANNIE ROSS - JAZZ SINGER</mods:title>
               </mods:titleInfo>
               <mods:titleInfo type="alternative">
                  <mods:nonSort>THE </mods:nonSort>
                  <mods:title>WORLD OF ANNIE ROSS</mods:title>
               </mods:titleInfo>
               <mods:name>
                  <mods:namePart>Joe McGrath</mods:namePart>
                  <mods:role>
                     <mods:roleTerm type="text">Director</mods:roleTerm>
                  </mods:role>
               </mods:name>
               <mods:originInfo>
                  <mods:copyrightDate>1963</mods:copyrightDate>
                  <mods:place>
                     <mods:placeTerm type="text">UK</mods:placeTerm>
                  </mods:place>
               </mods:originInfo>
               <mods:note type="Source">Information from: "Jazz on the Screen" by David Meeker. Used with permission.</mods:note>
               <mods:physicalDescription>
                  <mods:form authority="gmd">motion picture</mods:form>
               </mods:physicalDescription>
               <mods:note>Made-for-TV series.</mods:note>
               <mods:note>Short film (under 30 minutes).</mods:note>
               <mods:note type="Songs">"I feel pretty" by Stephen Sondheim, Leonard Bernstein; "Splanky", "Lil' darlin'" by Neal Hefti; "The best is yet to come" by Carolyn Leigh, Cy Coleman; "Twisted" by Annie Ross, Wardell Gray; "I can't get started" by Ira Gershwin, Vernon Duke; "Ass's song" by Tony Kinsey; "God bless the child" by Arthur Herzog Jr., Billie Holiday.</mods:note>
               <mods:note type="Personnel on Camera">Annie Ross, vocal, with The Tony Kinsey Sextet.</mods:note>
               <mods:note>Recorded 21st January 1963 and introduced by Leonard Maguire.</mods:note>
               <mods:identifier type="index">jots</mods:identifier>
               <mods:recordInfo>
                  <mods:recordContentSource>IHAS</mods:recordContentSource>
                  <mods:recordChangeDate encoding="marc">070719</mods:recordChangeDate>
                  <mods:recordIdentifier source="IHAS">loc.natlib.ihas.200021378</mods:recordIdentifier>
               </mods:recordInfo>
            </mods:mods>
         </mets:xmlData>
      </mets:mdWrap>
   </mets:dmdSec>
   <mets:structMap>
      <mets:div DMDID="mods1" TYPE="bib:bibRecord"/>
   </mets:structMap>
</mets:mets>