<?xml version="1.0" encoding="UTF-8"?>
<mods xmlns="http://www.loc.gov/mods/v3" xmlns:xsi="http://www.w3.org/2001/XMLSchema-instance" xmlns:xlink="http://www.w3.org/1999/xlink" xsi:schemaLocation="http://www.loc.gov/mods/v3 http://www.loc.gov/standards/mods/v3/mods-3-3.xsd" version="3.3">
<name type="corporate">
<namePart>United States Government Printing Office</namePart>
<role>
<roleTerm type="text" authority="marcrelator">printer</roleTerm>
<roleTerm type="code" authority="marcrelator">prt</roleTerm>
</role>
<role>
<roleTerm type="text" authority="marcrelator">distributor</roleTerm>
<roleTerm type="code" authority="marcrelator">dst</roleTerm>
</role>
</name>
<name type="corporate">
<namePart>United States</namePart>
<namePart>Congress</namePart>
<namePart>Senate</namePart>
<role>
<roleTerm type="text" authority="marcrelator">author</roleTerm>
<roleTerm type="code" authority="marcrelator">aut</roleTerm>
</role>
<description>Government Organization</description>
</name>
<name type="corporate">
<namePart>United States</namePart>
<namePart>Congress</namePart>
<namePart>House of Representatives</namePart>
<role>
<roleTerm type="text" authority="marcrelator">author</roleTerm>
<roleTerm type="code" authority="marcrelator">aut</roleTerm>
</role>
<description>Government Organization</description>
</name>
<typeOfResource>text</typeOfResource>
<genre authority="marcgt">government publication</genre>
<language>
<languageTerm authority="iso639-2b" type="code">eng</languageTerm>
</language>
<extension>
<collectionCode>BILLS</collectionCode>
<searchTitle>An act to amend the District of Columbia College Access Act of 1999 to permit individuals who graduated from a secondary school prior to 1998 and individuals who enroll in an institution of higher education more than 3 years after graduating from a secondary school to participate in the tuition assistance programs under such Act, and for other purposes.;
   		District of Columbia College Access Act Technical Corrections Act of 2001;H.R. 1499 (RFS)</searchTitle>
<category>Bills and Statutes</category>
<waisDatabaseName>107_cong_bills</waisDatabaseName>
<branch>legislative</branch>
</extension>
<titleInfo>
<title>An act to amend the District of Columbia College Access Act of 1999 to permit individuals who graduated from a secondary school prior to 1998 and individuals who enroll in an institution of higher education more than 3 years after graduating from a secondary school to participate in the tuition assistance programs under such Act, and for other purposes.</title>
</titleInfo>
<titleInfo type="alternative">
<title>District of Columbia College Access Act Technical Corrections Act of 2001</title>
</titleInfo>
<titleInfo type="alternative">
<title>H.R. 1499 (RFS)</title>
</titleInfo>
<originInfo>
<publisher>U.S. Government Printing Office</publisher>
<dateIssued encoding="w3cdtf">2001-08-02</dateIssued>
<issuance>monographic</issuance>
</originInfo>
<physicalDescription>
<note type="source content type">deposited</note>
<digitalOrigin>born digital</digitalOrigin>
</physicalDescription>
<classification authority="sudocs">Y 1.6:</classification>
<classification authority="sudocs">Y 1.4/6:</classification>
<identifier type="uri">http://www.gpo.gov/fdsys/pkg/BILLS-107hr1499rfs</identifier>
<identifier type="preferred citation">H.R. 1499</identifier>
<identifier type="stock number">021-610-00252-9</identifier>
<identifier type="Parent ILS system id">000501532</identifier>
<identifier type="Child ILS system id">000325573</identifier>
<identifier type="Parent ILS title">Congressional bills</identifier>
<identifier type="Child ILS title">House bills</identifier>
<identifier type="former package identifier">f:h1499rfs.txt</identifier>
<location>
<url access="object in context" displayLabel="Content Detail">http://www.gpo.gov/fdsys/pkg/BILLS-107hr1499rfs/content-detail.html</url>
<url access="raw object" displayLabel="PDF rendition">http://www.gpo.gov/fdsys/pkg/BILLS-107hr1499rfs/pdf/BILLS-107hr1499rfs.pdf</url>
<url access="raw object" displayLabel="HTML rendition">http://www.gpo.gov/fdsys/pkg/BILLS-107hr1499rfs/html/BILLS-107hr1499rfs.html</url>
</location>
<recordInfo>
<recordContentSource authority="marcorg">DGPO</recordContentSource>
<recordCreationDate encoding="w3cdtf">2009-01-08</recordCreationDate>
<recordChangeDate encoding="w3cdtf">2009-01-08</recordChangeDate>
<recordIdentifier source="DGPO">BILLS-107hr1499rfs</recordIdentifier>
<recordOrigin>machine generated</recordOrigin>
<languageOfCataloging>
<languageTerm authority="iso639-2b" type="code">eng</languageTerm>
</languageOfCataloging>
</recordInfo>
<name type="corporate">
<namePart>United States</namePart>
<namePart>Congress</namePart>
<namePart>Senate</namePart>
<namePart>Committee on Governmental Affairs</namePart>
<role>
<roleTerm type="text" authority="marcrelator">associated name</roleTerm>
<roleTerm type="code" authority="marcrelator">asn</roleTerm>
</role>
</name>
<relatedItem type="isReferencedBy">
<titleInfo>
<title>United States Code</title>
<partNumber>Title 20 Section 1091(a)(5)</partNumber>
<partNumber>Title 20 Chapter 1091</partNumber>
</titleInfo>
<identifier type="USC citation">20 U.S.C. 1091(a)(5)</identifier>
<identifier type="USC citation">20 U.S.C. Chapter 1091</identifier>
</relatedItem>
<relatedItem type="isReferencedBy">
<titleInfo>
<title>United States Statutes At large</title>
<partNumber>Volume 113 Page 1325</partNumber>
</titleInfo>
<identifier type="Statute citation">113 Stat.	1325</identifier>
</relatedItem>
<relatedItem>
<titleInfo>
<title>United States Public Law 106-98</title>
</titleInfo>
<identifier type="public law citation">Public Law 106-98</identifier>
</relatedItem>
<extension>
<docClass>hr</docClass>
<accessId>BILLS-107hr1499rfs</accessId>
<congress>107</congress>
<session>1</session>
<originChamber>HOUSE</originChamber>
<currentChamber>SENATE</currentChamber>
<billNumber>1499</billNumber>
<billVersion>rfs</billVersion>
<fileSuffix>rfs</fileSuffix>
<shortTitle>District of Columbia College Access Act Technical Corrections Act of 2001</shortTitle>
<action date="2001-07-31">Received</action>
<action date="2001-08-02">Read twice and referred to the Committee on Governmental Affairs</action>
<congCommittee authorityId="ssga00" chamber="S" congress="107" type="S">
          <name type="authority-standard">Committee on Governmental Affairs</name>
          <name type="authority-short">Governmental Affairs</name>
        </congCommittee>
<law congress="106" isPrivate="false" number="98"/>
<isPrivate>false</isPrivate>
<isAppropriation>false</isAppropriation>
<USCode title="20">
          <chapter number="1091"/>
          <section detail="(a)(5)" number="1091"/>
        </USCode>
<statuteAtLarge volume="113">
          <pages pages="1325"/>
        </statuteAtLarge>
</extension>
</mods>
