Table with row headers in column A and column headers in rows 9 through 10.,,,,,,,,
Census 2000 PHC-T-32.  Disability Status of the Civilian Noninstitutionalized Population by Sex and Selected Characteristics for the United States and Puerto Rico:  2000,,,,,,,,
Table 4.  Employment and Earnings by Disability Status for Civilian Noninstitutionalized Women 21 to 64 Years:  2000,,,,,,,,
"Source:  U.S. Census Bureau, Census 2000.",,,,,,,,
"Internet release date:  April 14, 2004.",,,,,,,,
ARKANSAS,,,,,,,,
(leading dots indicate sub-parts),,,,,,,,
"[Data based on a sample.  For information on confidentiality, sampling errors, nonsampling error, and definitions, see www.census.gov/prod/cen2000/doc/sf3.pdf]",,,,,,,,
Disability Status,Total,,Employed,,Worked year-round full-time in 1999/1,,,
,Number,Percent,Number,Percent,Number,Percent,Median earnings (dollars),Relative earnings/2 (US Med = 100)
,,,,,,,,
Women,"757,380",100.0,"486,925",64.3,"330,675",43.7,"$21,913",67.0
,,,,,,,,
.With any of six specified disabilities,"166,510",22.0,"78,480",47.1,"49,630",29.8,"$20,401",62.4
.None of six specified disabilities,"590,870",78.0,"408,440",69.1,"281,045",47.6,"$22,183",67.8
,,,,,,,,
.With a sensory disability,"21,265",2.8,"8,080",38.0,"4,925",23.2,"$20,293",62.0
.With a physical disability,"77,530",10.2,"21,275",27.4,"12,445",16.1,"$20,750",63.4
.With a mental disability,"38,170",5.0,"8,365",21.9,"4,240",11.1,"$18,071",55.2
.With a self-care disability,"21,605",2.9,3155,14.6,1670,7.7,"$18,948",57.9
.With a go-outside disability,"56,125",7.4,"19,755",35.2,"11,800",21.0,"$19,612",59.9
.With an employment disability,"100,320",13.2,"54,680",54.5,"34,815",34.7,"$20,277",62.0
,,,,,,,,
".With a sensory, physical, or mental disability","102,390",13.5,"32,165",31.4,"18,755",18.3,"$20,402",62.4
..All three disabilities,5040,0.7,630,12.5,265,5.3,"$18,333",56.0
..With two disabilities: sensory and physical,"4,980",0.7,1300,26.1,765,15.4,"$20,135",61.5
..With two disabilities: sensory and mental,1540,0.2,470,30.5,210,13.6,"$16,563",50.6
..With two disabilities: physical and mental,"17,970",2.4,2525,14.0,1350,7.5,"$18,740",57.3
..With sensory disability only,"9,700",1.3,"5,680",58.5,"3,685",38.0,"$20,645",63.1
..With physical disability only,"49,540",6.5,"16,820",34.0,"10,065",20.3,"$21,139",64.6
..With mental disability only,"13,620",1.8,"4,740",34.8,2415,17.7,"$17,724",54.2
,,,,,,,,
".With a sensory, physical, or mental disability","102,390",13.5,"32,165",31.4,"18,755",18.3,"$20,402",62.4
..With a go-outside or employment disability,"55,550",7.3,"10,925",19.7,"5,560",10.0,"$18,686",57.1
...Both go-outside and employment,"19,255",2.5,3530,18.3,1665,8.6,"$19,101",58.4
"...Go-outside, not employment",11815,1.6,1120,9.5,650,5.5,"$16,512",50.5
"...Employment, not go-outside","24,480",3.2,"6,275",25.6,3245,13.3,"$18,939",57.9
,,,,,,,,
".No sensory, physical, mental disability","654,990",86.5,"454,760",69.4,"311,925",47.6,"$21,993",67.2
..With a go-outside or employment disability,"63,660",8.4,"46,165",72.5,"30,785",48.4,"$20,405",62.4
...Both go-outside and employment,"17,975",2.4,"13,815",76.9,"8,600",47.8,"$19,927",60.9
"...Go-outside, not employment",7080,0.9,1290,18.3,885,12.5,"$19,468",59.5
"...Employment, not go-outside","38,610",5.1,"31,060",80.4,"21,305",55.2,"$20,632",63.1
,,,,,,,,
.With a self-care disability,"21,605",2.9,3155,14.6,1670,7.7,"$18,948",57.9
..With a sensory disability,3885,0.5,420,10.8,165,4.3,"$17,137",52.4
..With a physical disability,"18,840",2.5,2470,13.1,1285,6.8,"$18,788",57.4
..With a mental disability,"10,970",1.4,1135,10.4,570,5.2,"$17,813",54.4
..With a go-outside disability,"15,100",2.0,1805,12.0,965,6.4,"$19,712",60.2
..With an employment disability,"13,190",1.7,2080,15.8,1100,8.3,"$20,000",61.1
Footnotes:,,,,,,,,
/1Workers who worked 50 weeks or more and 35 or more hours per week in 1999 were classified and year-round full-time workers.,,,,,,,,
"/2Relative earnings of a given group equals the median earnings of the group divided by $32,717, the median earnings of the U.S. year-round full-time workers, times 100.",,,,,,,,
