<?xml version="1.0" encoding="UTF-8"?><mods:mods xmlns:mods="http://www.loc.gov/mods/v3" xmlns:lc="http://www.loc.gov/mets/profiles/" xmlns:xsi="http://www.w3.org/2001/XMLSchema-instance" xmlns:xlink="http://www.w3.org/1999/xlink" xmlns:mets="http://www.loc.gov/METS/" xmlns:photo="http://www.loc.gov/mets/profiles/photoObject" ID="ver01">
               <mods:titleInfo>
                  <mods:title>[Portrait of Charlie Ventura, William P. Gottlieb's home (table tennis room), N.Y., ca. Apr. 1947]</mods:title>
               </mods:titleInfo>
               <mods:titleInfo type="alternative" displayLabel="Caption from Down Beat:">
                  <mods:title>[from article] One such group has for the moment, crystallized into a semipermanent unit at the Three Deuces on 52nd St.  It's under Charlie Venturo[a], who's shown in an adjacent picture taken at a session in my table tennis room</mods:title>
               </mods:titleInfo>
               <mods:name type="personal">
                  <mods:namePart>Gottlieb, William P.</mods:namePart>
                  <mods:namePart type="date">1917-</mods:namePart>
                  <mods:role>
                     <mods:roleTerm authority="marcrelator" type="text">creator</mods:roleTerm>
                  </mods:role>
                  <mods:role>
                     <mods:roleTerm type="text">photographer.</mods:roleTerm>
                  </mods:role>
               </mods:name>
               <mods:typeOfResource>still image</mods:typeOfResource>
               <mods:genre authority="marc">photograph</mods:genre>
               <mods:genre authority="gmgpc">Portrait photographs-1940-1950.</mods:genre>
               <mods:genre authority="gmgpc">Film negatives-1940-1950.</mods:genre>
               <mods:originInfo>
                  <mods:place>
                     <mods:placeTerm type="code" authority="marccountry">xxu</mods:placeTerm>
                  </mods:place>
                  <mods:dateIssued encoding="marc">1947</mods:dateIssued>
                  <mods:issuance>monographic</mods:issuance>
               </mods:originInfo>
               <mods:physicalDescription>
                  <mods:form authority="gmd">graphic</mods:form>
                  <mods:extent>1 negative :  b&amp;w ; 3 1/4 x 4 1/4 in.</mods:extent>
               </mods:physicalDescription>
               <mods:note type="gottlieb assignment">Gottlieb Assignment No. 328</mods:note>
               <mods:note>Original negative not served.</mods:note>
               <mods:note>Reference print available in Music Division, Library of Congress.</mods:note>
               <mods:note>Purchase William P. Gottlieb</mods:note>
               <mods:note>In: The Record Changer, v. 6, no. 3 (May 47, 1947), p. 7.</mods:note>
               <mods:note type="version">Original negative</mods:note>
               <mods:subject>
                  <mods:name type="personal">
                     <mods:namePart>Ventura, Charlie</mods:namePart>
                  </mods:name>
               </mods:subject>
               <mods:subject>
                  <mods:topic>Jazz musicians</mods:topic>
                  <mods:temporal>1940-1950</mods:temporal>
               </mods:subject>
               <mods:subject>
                  <mods:topic>Saxophonists</mods:topic>
                  <mods:temporal>1940-1950</mods:temporal>
               </mods:subject>
               <mods:classification authority="lcc">LC-GLB13- 0884</mods:classification>
               <mods:location>
                  <mods:physicalLocation displayLabel="negative">Library of Congress Prints &amp; Photographs Division Washington D.C. 20540 USA</mods:physicalLocation>
               </mods:location>
               <mods:location>
                  <mods:physicalLocation displayLabel="reference print">Library of Congress Music Division Washington D.C. 20540 USA</mods:physicalLocation>
               </mods:location>
               <mods:identifier type="stock number">LC-GLB13-0884 DLC</mods:identifier>
               <mods:accessCondition type="restrictionOnAccess">Original negative not served.</mods:accessCondition>
               <mods:recordInfo>
                  <mods:recordContentSource authority="marcorg">DLC</mods:recordContentSource>
                  <mods:recordCreationDate encoding="marc">990119</mods:recordCreationDate>
                  <mods:recordChangeDate encoding="iso8601">19990520104721.0</mods:recordChangeDate>
                  <mods:recordIdentifier source="DLC">got99000884</mods:recordIdentifier>
               </mods:recordInfo>
            </mods:mods>