<?xml version="1.0" encoding="UTF-8"?>
<?xml-stylesheet type="text/xsl" href="billres.xsl"?>
<!--<?xml version="1.0" encoding="UTF-8"?>-->
<!--<?xml-stylesheet href="\billres.xsl" type="text/xsl"?>-->
<!--<!DOCTYPE bill PUBLIC "-//US Congress//DTDs/bill v2.8 20020720//EN" "http://xml.house.gov/bill.dtd">-->
<!DOCTYPE bill PUBLIC "-//US Congress//DTDs/bill v2.8 20020720//EN" "http://thomas.loc.gov/dtd/bill.dtd">
<bill bill-stage="Introduced-in-House" dms-id="HEF8918D4182247B494231104ECA9A9FB" public-private="public" bill-type="olc"> 
<metadata xmlns:dc="http://purl.org/dc/elements/1.1/">
<dublinCore>
<dc:title>109 HR 3189 IH: Central Asia Democracy and Human Rights Act of 2005</dc:title>
<dc:publisher>U.S. House of Representatives</dc:publisher>
<dc:date>2005-06-30</dc:date>
<dc:format>text/xml</dc:format>
<dc:language>EN</dc:language>
<dc:rights>Pursuant to Title 17 Section 105 of the United States Code, this file is not subject to copyright protection and is in the public domain.</dc:rights>
</dublinCore>
</metadata>
<form> 
<distribution-code display="yes">I</distribution-code> 
<congress>109th CONGRESS</congress>
<session>1st Session</session>
<legis-num>H. R. 3189</legis-num> 
<current-chamber>IN THE HOUSE OF REPRESENTATIVES</current-chamber> 
<action> 
<action-date date="20050630">June 30, 2005</action-date> 
<action-desc><sponsor name-id="S000522">Mr. Smith of New Jersey</sponsor> introduced the following bill; which was referred to the <committee-name committee-id="HFA00">Committee on International Relations</committee-name></action-desc>
</action> 
<legis-type>A BILL</legis-type> 
<official-title>To promote the development of democratic institutions and full respect for human rights in the countries of Central Asia.</official-title> 
</form> 
<legis-body id="H42B8D74999564A01977B5FF583C09135" style="OLC"> 
<section id="H147FB57ED70740A4BAF47944F477F043" section-type="section-one" display-inline="no-display-inline"><enum>1.</enum><header>Short title</header><text display-inline="no-display-inline"> This Act may be cited as the <quote><short-title>Central Asia Democracy and Human Rights Act of 2005</short-title></quote>.</text></section> 
<section id="HB924DD1E9DD7408888CF3FCBD1553CE7"><enum>2.</enum><header>Findings</header><text display-inline="no-display-inline"> Congress finds the following:</text> 
<paragraph id="HC58F1EBCB5DB4B2BA81EC85C22562CD8"><enum>(1)</enum><text>More than 13 years after independence, the five countries of Central Asia—Kazakhstan, Kyrgyzstan, Tajikistan, Turkmenistan, and Uzbekistan—are struggling, to varying degrees, with their transition from authoritarian rule to democratic societies that fully respect human rights and uphold their freely undertaken commitments as participating States in the Organization for Security and Cooperation in Europe (OSCE).</text></paragraph> 
<paragraph id="HF5E55EEDCA60493793A2145B2BFC07B3"><enum>(2)</enum><text>As OSCE participating States, the countries of Central Asia committed themselves in the Charter of Paris for a New Europe to <quote>build, consolidate and strengthen democracy as the only system of government of our nations</quote>. </text></paragraph> 
<paragraph id="H53DBD178F24B459A94157C46EEE7514"><enum>(3)</enum><text>In the Global War on Terrorism, the United States is increasingly engaged with the countries of Central Asia on a political, economic, and military basis.</text></paragraph> 
<paragraph id="H01EDB09339E8489EAAAED3F8F41F1D08"><enum>(4)</enum><text>In the Global War on Terrorism, policies that bolster authoritarian governments which suppress and terrorize their own people will ultimately be self defeating, as repression often breeds extremism and terrorism.</text></paragraph> 
<paragraph id="HFF162C1D949C45A684A3654F0062FAE"><enum>(5)</enum><text>The Final Report of the National Commission on Terrorist Attacks Upon the United States (commonly referred to as the <quote>9/11 Commission</quote>) recommended: <quote>The U.S. government must define what the message is, what it stands for. We should offer an example of moral leadership in the world, committed to treat people humanely, abide by the rule of law, and be generous and caring to our neighbors.</quote>.</text></paragraph> 
<paragraph id="HEDB757F1F56A4BE0BB41E5753596747B"><enum>(6)</enum><text>The September 2004 Final Report of the Defense Science Board Task Force on Strategic Communication stated: <quote>The perception of intimate U.S. support of tyrannies in the Muslim World is perhaps the critical vulnerability in American strategy. It strongly undercuts our message, while strongly promoting that of the enemy.</quote>.</text></paragraph> 
<paragraph id="H88916E6090D74EBC9189283CCAB97F00"><enum>(7)</enum><text display-inline="yes-display-inline">In a speech to the United Nations General Assembly on September 21, 2004, President George W. Bush stated: <quote>People everywhere are capable of freedom, and worthy of freedom . . . For too long, many nations, including my own, tolerated, even excused, oppression in the Middle East in the name of stability. Oppression became common, but stability never arrived. We must take a different approach.</quote>.</text></paragraph> 
<paragraph id="HEBEE82094445419EB8D137C2409ED8AE"><enum>(8)</enum><text>In keeping with the President’s objectives outlined in the September 21, 2004, speech to the United Nations General Assembly, the United States has a clear opportunity to implement short-term policies promoting stability in the countries of Central Asia, stand for human dignity, foster security, and build long-term popular support for the United States.</text></paragraph> 
<paragraph id="H789BFD625A584D1987B300D260F32FC"><enum>(9)</enum><text>The September 2002 National Security Strategy of the United States of America stated: <quote>America must stand firmly for the nonnegotiable demands of human dignity: the rule of law; limits on the absolute power of the state; free speech; freedom of worship; equal justice; respect for women; religious and ethnic tolerance; and respect for private property.</quote>.</text></paragraph> 
<paragraph id="H89B7FD8A7CAF45B38CF69E89007CA98D"><enum>(10)</enum><text>The National Security Strategy of the United States of America further elaborated that the United States must <quote>make freedom and the development of democratic institutions key themes in our bilateral relations, seeking solidarity and cooperation from other democracies while we press governments that deny human rights to move toward a better future</quote>.</text></paragraph> 
<paragraph id="H15D6A0C3DA524D479CA9BFAD2E4C94E4"><enum>(11)</enum><text display-inline="yes-display-inline">In his second inaugural address on January 20, 2005, President George W. Bush stated: <quote>For as long as whole regions of the world simmer in resentment and tyranny—prone to ideologies that feed hatred and excuse murder—violence will gather, and multiply in destructive power, and cross the most defended borders, and raise a mortal threat.</quote>. In this address, President Bush further declared: <quote>It is the policy of the United States to seek and support the growth of democratic movements and institutions in every nation and culture, with the ultimate goal of ending tyranny in our world.</quote>.</text></paragraph></section> 
<section id="H279109EDD9C243D0B26CD855B8D1B69"><enum>3.</enum><header>Sense of the Congress</header><text display-inline="no-display-inline">It is the sense of Congress that—</text> 
<paragraph id="H60EE3273124048629D4DF0EF19505289"><enum>(1)</enum><text>the United States should support those governments and individuals making substantial and sustained progress to establish democracy, guarantee the rule of law, and protect human rights;</text></paragraph> 
<paragraph id="HC08AB9316B5D4050A12233D8AA771DA"><enum>(2)</enum><text>the United States should use every means at its disposal to encourage the countries of Central Asia to provide greater respect for democracy, the rule of law, and human rights, thereby promoting the long-term stability and security of the Central Asian region, and ensure that all assistance programs for the Central Asian region support and communicate this goal; and</text></paragraph> 
<paragraph id="HFCD9EB83024A469C90057198A558A3D"><enum>(3)</enum><text>the United States should seek and support the growth of democratic movements and institutions in every nation and culture, with the ultimate goal of ending tyranny in our world.</text></paragraph></section> 
<section id="HD1BDC370B78B4FAFADEF4439DEB8043"><enum>4.</enum><header>Assistance to promote democracy, rule of law, and human rights in the countries of Central Asia</header> 
<subsection id="H88CBE9567D534660B3BD9E814EEAB78"><enum>(a)</enum><header>Purposes of assistance</header><text>The purposes of assistance under this section include—</text> 
<paragraph id="HEF1A2FF924834706A63B8D84A1533FC8"><enum>(1)</enum><text display-inline="yes-display-inline">to encourage free and fair presidential, parliamentary, and local elections in the countries of Central Asia, conducted in a manner consistent with Organization for Security and Cooperation in Europe (OSCE) and internationally accepted standards and under the supervision of international observers;</text></paragraph> 
<paragraph id="H65F153A8C24C4CD7B5AF47E77C1E5432"><enum>(2)</enum><text>to ensure in the countries of Central Asia the full respect for all human rights, including freedom of expression and the media, freedom of religion and association, prevention of torture, and the end of human trafficking from, to, and through the Central Asian region; and</text></paragraph> 
<paragraph id="HD70E1F46CF624B4ABA6FD32DAE38714D"><enum>(3)</enum><text>to develop rule of law, in particular independent judicial systems and professional law enforcement, and to combat corruption.</text></paragraph></subsection> 
<subsection id="HE9F792A23EF0421094D3EE8FC1AF64F7"><enum>(b)</enum><header>Authorization for assistance</header><text>To carry out the purposes of subsection (a), the President is authorized to provide assistance for the countries of Central Asia to support the activities described in subsection (c).</text></subsection> 
<subsection id="HEB54C3CBEBA04D688520C55149DFE019"><enum>(c)</enum><header>Activities supported</header><text>Activities that may be supported by assistance under subsection (b) include—</text> 
<paragraph id="HAEC8F60862DE4293AB395273CC431C82"><enum>(1)</enum><text>observing elections and promoting free and fair electoral processes;</text></paragraph> 
<paragraph id="H0C2F9F1B12114BE2BD783C7CCCF90022"><enum>(2)</enum><text>developing sustainable civic organizations, including democratic political parties;</text></paragraph> 
<paragraph id="HD68F3F8826AF4612B0ABFB874506436"><enum>(3)</enum><text>establishing nongovernmental organizations that promote democracy and support human rights;</text></paragraph> 
<paragraph id="HD866A11E4CE34C7C903CEADB77691BAB"><enum>(4)</enum><text>developing independent media to work in the countries of Central Asia, supported by nonstate-controlled printing facilities;</text></paragraph> 
<paragraph id="HB35F681EBE194F5A0001BC1DD80065D6"><enum>(5)</enum><text>independent radio and television broadcasting to and within the countries of Central Asia;</text></paragraph> 
<paragraph id="H8070836BBEE547318243559727D7058E"><enum>(6)</enum><text>encouraging the liberalization of laws affecting religious practice and their enforcement to promote greater freedoms for individuals to meet alone or in community with others, and in the sharing of beliefs;</text></paragraph> 
<paragraph id="HE89D48C5B7394D41895292CA9700F773"><enum>(7)</enum><text>educating law enforcement officials with respect to the existence and enforcement of legal prohibitions concerning torture;</text></paragraph> 
<paragraph id="H5CAE9DF44DBF4EDF865745064C1CADF9"><enum>(8)</enum><text>prosecuting human traffickers, as well as providing increased police training and education efforts;</text></paragraph> 
<paragraph id="H17CA17DE1144457E8CF318315BB21400"><enum>(9)</enum><text>training and assistance for judicial reform and development;</text></paragraph> 
<paragraph id="H2380BD00AD3E407F812FCF628582E160"><enum>(10)</enum><text>training in effective human rights and humanitarian law as a part of training programs for security forces of the countries of Central Asia;</text></paragraph> 
<paragraph id="HEAD0C0BD08CB474B9871E14BA63F69BC"><enum>(11)</enum><text>establishing programs to combat corruption and support good governance; and</text></paragraph> 
<paragraph id="H39C201FB818F4C4EA377919C3012BF72"><enum>(12)</enum><text>other activities consistent with the purposes of this section.</text></paragraph></subsection> 
<subsection id="HEA612277E9814700AD786929E711B936"><enum>(d)</enum><header>Report</header> 
<paragraph id="H759E7DBD09C64A0FB877071415D1B7BF"><enum>(1)</enum><header>In general</header><text display-inline="yes-display-inline">Not later than six months after the date of the enactment of this Act, and every six months thereafter, the President shall transmit to the appropriate congressional committees a report on assistance provided for the countries of Central Asia under this section for the six-month period ending 30 days prior to the transmission of the report.</text></paragraph> 
<paragraph id="HBB5A6F92C15F414BA9281D842BDE4506"><enum>(2)</enum><header>Contents</header><text>The report shall include with respect to each country of Central Asia a detailed description of each of the following:</text> 
<subparagraph id="HF15FAF65A49A4A71A0D63D321FAB59CB"><enum>(A)</enum><text display-inline="yes-display-inline">The types and amount of assistance provided under this section, including the types and amount of defense articles and defense services and the amount of financial assistance.</text></subparagraph> 
<subparagraph id="H7E9AA0E5DE4C4892B3CC8EFF0092DED"><enum>(B)</enum><text display-inline="yes-display-inline">The use of such assistance, including the use of defense articles, defense services, and financial assistance, by units of the armed forces, border guards, or other security forces of the country.</text> </subparagraph></paragraph></subsection> 
<subsection id="H72CFE3343E064B43BE797E6C9E1956A6"><enum>(e)</enum><header>Authorization of appropriations</header> 
<paragraph id="H3A4FFBC96EF7434E936D001D59D0300"><enum>(1)</enum><header>In general</header><text>There are authorized to be appropriated to the President to carry out this section not less than $188,000,000 for fiscal year 2006 and each subsequent fiscal year.</text></paragraph> 
<paragraph id="H034EF7385EC14FD0AD29D55637C8F001"><enum>(2)</enum><header>Availability</header><text>Amounts appropriated pursuant to the authorization of appropriations under paragraph (1) are authorized to remain available until expended.</text></paragraph> </subsection></section> 
<section id="H73F2BB14BBCF4EC4B6F7A5682B200BD"><enum>5.</enum><header>Radio broadcasting to the countries of Central Asia</header> 
<subsection id="HDA72DCC3073D43E2AC98E6BC82CBA276"><enum>(a)</enum><header>Purpose</header><text>The purpose of this section is to authorize increased support for surrogate radio broadcasting to the countries of Central Asia that will facilitate the unhindered dissemination of information in the Central Asian region.</text></subsection> 
<subsection id="HAC82CFC50B3B4BCEB79E65E5B2B92958"><enum>(b)</enum><header>Authorization of appropriations</header><text>In addition to such sums as are otherwise authorized to be appropriated, there are authorized to be appropriated not less than $15,000,000 for fiscal year 2006 and each subsequent fiscal year for Voice of America and RFE/RL, Incorporated for expanded radio broadcasting to the people of the countries of Central Asia in languages spoken in Central Asia.</text></subsection> 
<subsection id="HAB2FCFE70C124B0F8485E4CC4FE548A4"><enum>(c)</enum><header>Report</header><text>Not later than 120 days after the date of the enactment of this Act, the Secretary of State shall submit to the appropriate congressional committees a report on how funds are appropriated and allocated pursuant to the authorizations of appropriations under subsection (b) and section 4(d) will be used to provide AM and FM broadcasting that covers the Central Asian region and delivers independent and uncensored programming.</text></subsection></section> 
<section id="H83597A8B893743C3B975BF00814E485E" commented="no"><enum>6.</enum><header>Limitation on United States assistance to the countries of Central Asia</header> 
<subsection id="H7B0CA2FE8C9543F8AA00C3D872454E64" commented="no"><enum>(a)</enum><header>Limitation on assistance</header><text display-inline="yes-display-inline">Subject to paragraphs (1) through (3) of subsection (c), the full amount of assistance described in subsection (e) that is allocated for the government of a country of Central Asia for a fiscal year may be provided to the government of the country only if the President certifies to the appropriate congressional committees that the government of the country meets the requirements described in subsection (b).</text> </subsection> 
<subsection id="H4ADAB736B69B4B1C9E15C2FAC9CE00DE"><enum>(b)</enum><header>Requirements</header><text>The requirements described in this subsection are the following:</text> 
<paragraph id="HA29113D159D64B4DA1E4DCE9D4A6BA2"><enum>(1)</enum><header>Democratization</header><text>The government of the country is making substantial, sustained, and demonstrable progress toward democratization, such as the establishment of a legal framework, the conduct of free and fair elections (as determined by monitors of the Organization for Security and Cooperation in Europe (OSCE)), the establishment of political pluralism, and equal opportunity for women.</text></paragraph> 
<paragraph id="HF77E045CA2EC4A9FAC989C7BF729BE62" commented="no" display-inline="no-display-inline"><enum>(2)</enum><header>Freedom of expression and the media</header><text display-inline="yes-display-inline">The government of the country is making substantial, sustained, and demonstrable progress toward freedom of expression, such as the establishment of a legal framework, the elimination of suppressive government actions and the elimination of legal penalties for criticizing the government or government officials, and openness of media.</text></paragraph> 
<paragraph id="H03A7AA33517044DE8ED9524379D7C0E8"><enum>(3)</enum><header>Freedom of religion, association, and the right of peaceful assembly</header><text display-inline="yes-display-inline">The government of the country is making substantial, sustained, and demonstrable progress toward—</text> 
<subparagraph id="H781D862BD5754DCA0012537794606C4F"><enum>(A)</enum><text display-inline="yes-display-inline">freedom of religion, such as the ability of individuals and communities to freely profess and practice their faith, to share beliefs openly, the opportunity for religious organizations to gain legal status, and the ability or individuals and communities to congregate for worship or other functions openly;</text></subparagraph> 
<subparagraph id="H02D916C013CA41329E1B00C5A8D0DC29"><enum>(B)</enum><text>freedom of association; and</text></subparagraph> 
<subparagraph id="H7ADEA8766B884F3C94F89036287FCD10"><enum>(C)</enum><text>the right of peaceful assembly and the absence of prisoners of conscience.</text></subparagraph></paragraph> 
<paragraph id="H0977B974D2824A2486EF1316CF7C5B7"><enum>(4)</enum><header>Prevention of torture</header><text display-inline="yes-display-inline">The government of the country is making substantial, sustained, and demonstrable progress toward the establishment and enforcement of legal prohibitions against torture and cruel, inhuman, or degrading treatment or punishment, public denunciations of torture, cooperation with the International Committee of the Red Cross and the United Nations Special Rapporteur on Torture on these matters, as appropriate, and the prosecution of individuals accused of perpetrating acts of torture.</text></paragraph> 
<paragraph id="HCFB4452F617541F0A9265E11D784DB30"><enum>(5)</enum><header>Rule of law; nondiscrimination</header><text display-inline="yes-display-inline">The government of the country is making substantial, sustained, and demonstrable progress toward the establishment and enforcement of the right to a fair trial, independence of the judiciary, implementation of anti-corruption programs, efforts to combat trafficking in persons, and nondiscriminatory treatment of ethnic, religious and linguistic minorities.</text></paragraph> </subsection> 
<subsection id="H0CF5C75B3F504529B596273DFE3FA222"><enum>(c)</enum><header>Withholding of assistance</header> 
<paragraph id="H7CF4A6C20F314DF99BD734474D75DE4D"><enum>(1)</enum><header>First fiscal year</header><text>If the President does not certify under subsection (a) that the government of a country of Central Asia meets the requirements described in subsection (b) for a fiscal year, then 33 percent of the amount of assistance described in subsection (e) that is allocated for the government of the country for such fiscal year shall be withheld from obligation and expenditure.</text></paragraph> 
<paragraph id="H8A52847C47ED45AD803FF2ADF9824386"><enum>(2)</enum><header>Second fiscal year</header><text>If the President does not certify under subsection (a) that the government of a country of Central Asia meets the requirements described in subsection (b) for a second consecutive fiscal year, then 66 percent of the amount of assistance described in subsection (e) that is allocated for the government of the country for such fiscal year shall be withheld from obligation and expenditure.</text> </paragraph> 
<paragraph id="HE22F9E4A401A4822A73FBBE5F810F562"><enum>(3)</enum><header>Third and subsequent fiscal years</header> 
<subparagraph id="HE94A0246C8434A27812E896466463B65"><enum>(A)</enum><header>Withholding</header><text display-inline="yes-display-inline">If the President does not certify under subsection (a) that the government of a country of Central Asia meets the requirements described in subsection (b) for a third consecutive fiscal year, then 100 percent of the amount of assistance described in subsection (e) that is allocated for the government of the country for such fiscal year, and each consecutive subsequent fiscal year with respect to which a presidential certification under subsection (a) is not made, shall be withheld from obligation and expenditure.</text></subparagraph> 
<subparagraph id="H2E0D2AEE3B454B5BA8B09B65B703F4F4"><enum>(B)</enum><header>Waiver</header><text display-inline="yes-display-inline">The President may waive the application of subparagraph (A) with respect to a third consecutive fiscal year, or a consecutive subsequent fiscal year described in such subparagraph, if the President determines and certifies to the appropriate congressional committees that it is important to the national security of the United States to do so. If the President exercises the waiver authority under this subparagraph for a fiscal year, then 66 percent of the amount of assistance described in subsection (e) that is allocated for the government of the country for such fiscal year shall be withheld from obligation and expenditure.</text> </subparagraph></paragraph> 
<paragraph id="H59739BE323D043808F639E16274E7E72" commented="no"><enum>(4)</enum><header>Use of withheld assistance</header><text>Amounts withheld from obligation and expenditure under this subsection for a fiscal year are authorized to be made available for assistance under section 4 of this Act.</text></paragraph> </subsection> 
<subsection id="HC0CF001F6AC148E68463141CA2DC67A0" commented="no"><enum>(d)</enum><header>Reinstatement of assistance</header><text>If the President certifies under subsection (a) that the government of a country of Central Asia meets the requirements of subsection (b) for a fiscal year following a fiscal year with respect to which funds are withheld from obligation and expenditure under paragraph (1), (2), or (3) of subsection (c), then the amount of assistance described in subsection (e) that is allocated for the government of the country for such fiscal year, and each consecutive subsequent fiscal year with respect to which an additional presidential certification under subsection (a) is made, may be increased by 33 percent for each such fiscal year, not to exceed 100 percent of the amount of assistance described in subsection (e) that is allocated for the government of the country for any such fiscal year.</text> </subsection> 
<subsection id="H66767D79AD16473CA23469B8EFBDC16"><enum>(e)</enum><header>Assistance described</header><text>Assistance described in this subsection is the following:</text> 
<paragraph id="H381FFA3F402C41A0815EBA93AA3FFF86"><enum>(1)</enum><text display-inline="yes-display-inline">Assistance under the Foreign Assistance Act of 1961, including programs under title IV of chapter 2 of part I of such Act (relating to the Overseas Private Investment Corporation) and assistance under chapter 12 of part I of such Act (relating to support for the economic and political independence of the countries of the South Caucasus and Central Asia), other than—</text> 
<subparagraph id="H11CFA4D6E3254F1492FF46B15A055E9"><enum>(A)</enum><text>disaster relief assistance, including any assistance under chapter 9 of part I of that Act;</text></subparagraph> 
<subparagraph id="HA6BD6CC2357047FE98D5F8C007BCAF7"><enum>(B)</enum><text display-inline="yes-display-inline">assistance which involves the provision of food (including monetization of food) or medicine;</text></subparagraph> 
<subparagraph id="H87A60DB46F394499A40100AAE4EA766F"><enum>(C)</enum><text>assistance for refugees; and</text></subparagraph> 
<subparagraph id="H9BF9A10D65124EF7A4A2C9CF937216E"><enum>(D)</enum><text>assistance to combat HIV/AIDS, including any assistance under section 104A of that Act.</text></subparagraph></paragraph> 
<paragraph id="H7BB02494E0124C149C19C2757CC21CF7"><enum>(2)</enum><text display-inline="yes-display-inline">Sales, or financing on any terms, under the Arms Export Control Act.</text></paragraph> 
<paragraph id="HA617CBB31BD64B1100B78481C8C14C43"><enum>(3)</enum><text display-inline="yes-display-inline">Assistance made available by reason of the application of section 9009 of the Department of Defense Appropriations Act, 2005, or any related or successor provision of law.</text></paragraph> 
<paragraph id="H16BB88315142467B8CDB5800764B168C"><enum>(4)</enum><text display-inline="yes-display-inline">The provision of training, equipment, transportation, or other support for the armed forces under any provision of law, other than assistance under programs and activities specified in section 1501(b) of the National Defense Authorization Act for Fiscal Year 1997 (relating to Cooperative Threat Reduction programs).</text></paragraph> </subsection> 
<subsection id="H76F63D0DC02140DFA953384612C3CBB2"><enum>(f)</enum><header>Effective date</header><text>The requirements of this section apply with respect to funds appropriated for assistance for the governments of the countries of Central Asia for fiscal year 2006 and subsequent fiscal years.</text></subsection></section> 
<section id="H4909963C4C38420BB711DAFDD3AD6C98"><enum>7.</enum><header>Definitions</header> <text display-inline="no-display-inline">In this Act:</text> 
<paragraph id="HB0DA2B3333DD4F4D9910C248A530FECD"><enum>(1)</enum><header>Appropriate congressional committees</header><text display-inline="yes-display-inline">The term <quote>appropriate congressional committees</quote> means—</text> 
<subparagraph id="HF75AE16C603246E3A62C5BA0022CD87C"><enum>(A)</enum><text>the Committee on Appropriations and the Committee on International Relations of the House of Representatives; and</text></subparagraph> 
<subparagraph id="H173B6048E98149AA8CDBB8411BD8CB21"><enum>(B)</enum><text>the Committee on Appropriations and the Committee on Foreign Relations of the Senate.</text> </subparagraph></paragraph> 
<paragraph id="HB06AAF3C2C6D4B05ACFB9F388B006871"><enum>(2)</enum><header>Countries of central asia</header><text>The term <term>countries of Central Asia</term> means Kazakhstan, Kyrgyzstan, Tajikistan, Turkmenistan, and Uzbekistan.</text></paragraph></section> 
</legis-body> 
</bill> 


