<?xml version="1.0" encoding="UTF-8"?>
<mods xmlns:xlink="http://www.w3.org/1999/xlink" xmlns:xsi="http://www.w3.org/2001/XMLSchema-instance" xmlns="http://www.loc.gov/mods/v3" version="3.3" xsi:schemaLocation="http://www.loc.gov/mods/v3 http://www.loc.gov/standards/mods/v3/mods-3-3.xsd" ID="id-02-811">
<name type="corporate">
<namePart>United States Government Printing Office</namePart>
<role>
<roleTerm authority="marcrelator" type="text">printer</roleTerm>
<roleTerm authority="marcrelator" type="code">prt</roleTerm>
</role>
<role>
<roleTerm authority="marcrelator" type="text">distributor</roleTerm>
<roleTerm authority="marcrelator" type="code">dst</roleTerm>
</role>
</name>
<name type="corporate">
<namePart>United States</namePart>
<namePart>National Archives and Records Administration</namePart>
<namePart>Federal Register Office</namePart>
<role>
<roleTerm authority="marcrelator" type="text">author</roleTerm>
<roleTerm authority="marcrelator" type="code">aut</roleTerm>
</role>
<description>Government Organization</description>
</name>
<typeOfResource>text</typeOfResource>
<genre authority="marcgt">government publication</genre>
<language>
<languageTerm type="code" authority="iso639-2b">eng</languageTerm>
</language>
<extension>
<collectionCode>FR</collectionCode>
<category>Regulatory Information</category>
<waisDatabaseName>2002_register</waisDatabaseName>
<branch>executive</branch>
</extension>
<genre authority="marcgt">article</genre>
<titleInfo>
<title>Processing, Detention, and Release of Juveniles</title>
<partName>Proposed Rules</partName>
</titleInfo>
<name type="corporate">
<namePart>United States</namePart>
<namePart>Department of Justice</namePart>
<role>
<roleTerm authority="marcrelator" type="text">originator</roleTerm>
<roleTerm authority="marcrelator" type="code">org</roleTerm>
</role>
<description>United States Government Agency or Subagency</description>
</name>
<name type="corporate">
<namePart>United States</namePart>
<namePart>Immigration and Naturalization Service</namePart>
<role>
<roleTerm authority="marcrelator" type="text">originator</roleTerm>
<roleTerm authority="marcrelator" type="code">org</roleTerm>
</role>
<description>United States Government Agency or Subagency</description>
</name>
<abstract>On July 24, 1998, at 64 FR 39759, the Immigration and Naturalization Service (Service) published a proposed rule in the Federal Register proposing to establish procedures for processing juveniles in Service custody. Specifically, the proposed rule set forth proposed service policy for the release of juveniles from custody, as well as standards regarding the placement of juveniles in Service custody into state-licensed programs and detention facilities. The rule also proposed amendments concerning the transportation and transfer of juveniles in Service custody. The original comment period for the proposed rule closed on September 22, 1998. This document reopens the comment period to March 15, 2002. The Service is reopening the comment period to hear from the public on the following issues: determinations of who speaks for the child with respect to immigration matters, circumstances under which detention in a secure juvenile facility is necessary, and any additional ideas that may be helpful to minimize the number of juveniles who must be placed in Service custody.</abstract>
<identifier type="FR citation">67 FR 1670</identifier>
<identifier type="uri">http://www.gpo.gov/fdsys/granule/FR-2002-01-14/02-811</identifier>
<identifier type="FR Doc No.">02-811</identifier>
<identifier type="former granule identifier">fr14ja02-18</identifier>
<identifier type="rin">RIN 1115-AF05</identifier>
<identifier type="billing code">4410-10-M</identifier>
<identifier type="department code">INS Order No. 1906-98</identifier>
<location>
<url displayLabel="Content Detail" access="object in context">http://www.gpo.gov/fdsys/granule/FR-2002-01-14/02-811/content-detail.html</url>
<url displayLabel="PDF rendition" access="raw object">http://www.gpo.gov/fdsys/pkg/FR-2002-01-14/pdf/02-811.pdf</url>
<url displayLabel="HTML rendition" access="raw object">http://www.gpo.gov/fdsys/pkg/FR-2002-01-14/html/02-811.html</url>
</location>
<physicalDescription>
<extent>1 p.</extent>
</physicalDescription>
<part type="Proposed Rules">
<extent unit="pages">
<start>1670</start>
<end>1670</end>
</extent>
</part>
<identifier type="preferred citation">67 FR 1670</identifier>
<relatedItem type="isReferencedBy">
<titleInfo>
<title>Code of Federal Regulations</title>
<partNumber>Title 8 Part 236</partNumber>
</titleInfo>
<identifier type="CFR citation">8 CFR  236</identifier>
</relatedItem>
<relatedItem type="isReferencedBy">
<identifier type="regulation ID number">RIN1115-AF05</identifier>
</relatedItem>
<extension>
<searchTitle>Processing, Detention, and Release of Juveniles; Federal Register Vol. 67, Issue </searchTitle>
<granuleClass>PRORULE</granuleClass>
<accessId>02-811</accessId>
<agency order="1">DEPARTMENT OF JUSTICE</agency>
<agency order="2">Immigration and Naturalization Service</agency>
<commentDate>2002-03-15</commentDate>
<departmentDoc>INS Order No. 1906-98</departmentDoc>
<rin number="1115-AF05"/>
<billingCode>4410-10-M</billingCode>
<frDocNumber>02-811</frDocNumber>
<action>Proposed rule; reopening of comment period.</action>
<summary>On July 24, 1998, at 64 FR 39759, the Immigration and Naturalization Service (Service) published a proposed rule in the Federal Register proposing to establish procedures for processing juveniles in Service custody. Specifically, the proposed rule set forth proposed service policy for the release of juveniles from custody, as well as standards regarding the placement of juveniles in Service custody into state-licensed programs and detention facilities. The rule also proposed amendments concerning the transportation and transfer of juveniles in Service custody. The original comment period for the proposed rule closed on September 22, 1998. This document reopens the comment period to March 15, 2002. The Service is reopening the comment period to hear from the public on the following issues: determinations of who speaks for the child with respect to immigration matters, circumstances under which detention in a secure juvenile facility is necessary, and any additional ideas that may be helpful to minimize the number of juveniles who must be placed in Service custody.</summary>
<dates>Written comments must be submitted on or before March 15, 2002.</dates>
<contact>Mark A. Matese, Director, Juvenile Affairs Division, Headquarters Office of Detention and Removal, Immigration and Naturalization, 425 I Street, NW., Washington, DC 20536, 202-305-2734 or 202-353-8228.</contact>
<cfr title="8">
            <part number="236"/>
          </cfr>
<tocSubject1>Immigration:</tocSubject1>
<tocDoc>Processing, detention, and release of juveniles, </tocDoc>
<emailRef>insregs@usdoj.gov</emailRef>
<urlRef>http://frwebgate.access.gpo.gov/cgi-bin/getdoc.cgi?dbname=1998</urlRef>
</extension>
<relatedItem type="host" ID="" xlink:href="http://www.gpo.gov/fdsys/pkg/FR-2002-01-14/mods.xml">
<titleInfo>
<title>Federal Register</title>
<partNumber>Vol. 67, no. 9</partNumber>
</titleInfo>
<originInfo>
<publisher>Office of the Federal Register, National Archives and Records Administration</publisher>
<dateIssued encoding="w3cdtf">2002-01-14</dateIssued>
<issuance>continuing</issuance>
<frequency>daily</frequency>
</originInfo>
<physicalDescription>
<note type="source content type">deposited</note>
<digitalOrigin>born digital</digitalOrigin>
<extent>256 p.</extent>
</physicalDescription>
<tableOfContents xlink:href="http://www.gpo.gov/fdsys/pkg/FR-2002-01-14/toc.html">
    Table of Contents: 
  </tableOfContents>
<classification authority="sudocs">AE 2.7:</classification>
<classification authority="sudocs">GS 4.107:</classification>
<classification authority="sudocs">AE 2.106:</classification>
<classification authority="lcc">KF70.A2</classification>
<identifier type="uri">http://www.gpo.gov/fdsys/pkg/FR-2002-01-14</identifier>
<identifier type="issn">0097-6326</identifier>
<identifier type="issn">0042-1219</identifier>
<identifier type="issn">0364-1406</identifier>
<identifier type="stock number">769-004-00000-9</identifier>
<identifier type="ILS system id">000582072</identifier>
<identifier type="former identifier">fr14ja02</identifier>
<location>
<url displayLabel="Content Detail" access="object in context">http://www.gpo.gov/fdsys/pkg/FR-2002-01-14/content-detail.html</url>
<url displayLabel="PDF rendition" access="raw object">http://www.gpo.gov/fdsys/pkg/FR-2002-01-14/pdf/FR-2002-01-14.pdf</url>
</location>
<part type="issue">
<extent unit="pages">
<start>1603</start>
<end>1858</end>
</extent>
</part>
<recordInfo>
<recordContentSource authority="marcorg">DGPO</recordContentSource>
<recordCreationDate encoding="w3cdtf">2009-01-09</recordCreationDate>
<recordChangeDate encoding="w3cdtf">2009-01-09</recordChangeDate>
<recordIdentifier source="DGPO">FR-2002-01-14</recordIdentifier>
<recordOrigin>machine generated</recordOrigin>
<languageOfCataloging>
<languageTerm type="code" authority="iso639-2b">eng</languageTerm>
</languageOfCataloging>
</recordInfo>
<extension>
<docClass>FR</docClass>
<accessId>FR-2002-01-14</accessId>
<volume>67</volume>
<issue>9</issue>
</extension>
</relatedItem>
</mods>
