<?xml version="1.0" encoding="UTF-8"?>
<mods xmlns:xlink="http://www.w3.org/1999/xlink" xmlns:xsi="http://www.w3.org/2001/XMLSchema-instance" xmlns="http://www.loc.gov/mods/v3" version="3.3" xsi:schemaLocation="http://www.loc.gov/mods/v3 http://www.loc.gov/standards/mods/v3/mods-3-3.xsd" ID="id-01-25083">
<name type="corporate">
<namePart>United States Government Printing Office</namePart>
<role>
<roleTerm authority="marcrelator" type="text">printer</roleTerm>
<roleTerm authority="marcrelator" type="code">prt</roleTerm>
</role>
<role>
<roleTerm authority="marcrelator" type="text">distributor</roleTerm>
<roleTerm authority="marcrelator" type="code">dst</roleTerm>
</role>
</name>
<name type="corporate">
<namePart>United States</namePart>
<namePart>National Archives and Records Administration</namePart>
<namePart>Federal Register Office</namePart>
<role>
<roleTerm authority="marcrelator" type="text">author</roleTerm>
<roleTerm authority="marcrelator" type="code">aut</roleTerm>
</role>
<description>Government Organization</description>
</name>
<typeOfResource>text</typeOfResource>
<genre authority="marcgt">government publication</genre>
<language>
<languageTerm type="code" authority="iso639-2b">eng</languageTerm>
</language>
<extension>
<collectionCode>FR</collectionCode>
<category>Regulatory Information</category>
<waisDatabaseName>2001_register</waisDatabaseName>
<branch>executive</branch>
</extension>
<genre authority="marcgt">article</genre>
<titleInfo>
<title>Proposed [Preliminary] Airworthiness Criteria for Airworthiness Certification of Transport Category Airships</title>
<partName>Notices</partName>
</titleInfo>
<name type="corporate">
<namePart>United States</namePart>
<namePart>Department of Transportation</namePart>
<role>
<roleTerm authority="marcrelator" type="text">originator</roleTerm>
<roleTerm authority="marcrelator" type="code">org</roleTerm>
</role>
<description>United States Government Agency or Subagency</description>
</name>
<name type="corporate">
<namePart>United States</namePart>
<namePart>Federal Aviation Administration</namePart>
<role>
<roleTerm authority="marcrelator" type="text">originator</roleTerm>
<roleTerm authority="marcrelator" type="code">org</roleTerm>
</role>
<description>United States Government Agency or Subagency</description>
</name>
<abstract>This notice announces the initiation of a Federal Aviation Administration (FAA) proposed airworthiness criteria for transport category airships. This notice advises the public, and especially manufacturers and potential manufacturers of transport category airships, that the FAA intends to develop an airworthiness criteria for transport category airships. This notice includes the Transport Airship Requirement (TAR) as developed by the Inspectie Verkeer en Waterstaat-- Divisie Luchtvaart (CAA-NL), the civil aviation authority of the Netherlands, and the Luftfahrt Bundesamt (LBA), the civil aviation authority for Germany. The TAR is based on 14 CFR part 25 transport airplane requirements and FAA-P-8110-2 Airship Design Criteria. It is intended that the TAR will form the core of a United States airworthiness criteria for transport category airships. While considering the TAR as the core criteria for the certification of transport airships, the FAA may propose alternate or additional requirements for some portions of the TAR. This notice is necessary to advise the public of the development of this proposed airworthiness criteria and give all interested persons an opportunity to present their views on it.</abstract>
<identifier type="FR citation">66 FR 51090</identifier>
<identifier type="uri">http://www.gpo.gov/fdsys/granule/FR-2001-10-05/01-25083</identifier>
<identifier type="FR Doc No.">01-25083</identifier>
<identifier type="former granule identifier">fr05oc01-152</identifier>
<identifier type="billing code">4910-13-P</identifier>
<location>
<url displayLabel="Content Detail" access="object in context">http://www.gpo.gov/fdsys/granule/FR-2001-10-05/01-25083/content-detail.html</url>
<url displayLabel="PDF rendition" access="raw object">http://www.gpo.gov/fdsys/pkg/FR-2001-10-05/pdf/01-25083.pdf</url>
<url displayLabel="HTML rendition" access="raw object">http://www.gpo.gov/fdsys/pkg/FR-2001-10-05/html/01-25083.html</url>
</location>
<physicalDescription>
<extent>3 p.</extent>
</physicalDescription>
<part type="Notices">
<extent unit="pages">
<start>51090</start>
<end>51092</end>
</extent>
</part>
<identifier type="preferred citation">66 FR 51090</identifier>
<extension>
<searchTitle>Proposed [Preliminary] Airworthiness Criteria for Airworthiness Certification of Transport Category Airships; Federal Register Vol. 66, Issue </searchTitle>
<granuleClass>NOTICE</granuleClass>
<accessId>01-25083</accessId>
<agency order="1">DEPARTMENT OF TRANSPORTATION</agency>
<agency order="2">Federal Aviation Administration</agency>
<commentDate>2002-02-05</commentDate>
<billingCode>4910-13-P</billingCode>
<frDocNumber>01-25083</frDocNumber>
<action>Notice of availability; request for comments.</action>
<summary>This notice announces the initiation of a Federal Aviation Administration (FAA) proposed airworthiness criteria for transport category airships. This notice advises the public, and especially manufacturers and potential manufacturers of transport category airships, that the FAA intends to develop an airworthiness criteria for transport category airships. This notice includes the Transport Airship Requirement (TAR) as developed by the Inspectie Verkeer en Waterstaat-- Divisie Luchtvaart (CAA-NL), the civil aviation authority of the Netherlands, and the Luftfahrt Bundesamt (LBA), the civil aviation authority for Germany. The TAR is based on 14 CFR part 25 transport airplane requirements and FAA-P-8110-2 Airship Design Criteria. It is intended that the TAR will form the core of a United States airworthiness criteria for transport category airships. While considering the TAR as the core criteria for the certification of transport airships, the FAA may propose alternate or additional requirements for some portions of the TAR. This notice is necessary to advise the public of the development of this proposed airworthiness criteria and give all interested persons an opportunity to present their views on it.</summary>
<dates>Send your comments by February 5, 2002.</dates>
<contact>Mike Reyer or Karl Schletzbaum, Federal Aviation Administration, Small Airplane Directorate, Regulations &amp; Policy, ACE-111, 901 Locust Street, Room 301, Kansas City, Missouri 64106; telephone: (816) 329-4131 (M. Reyer); or (816) 329-4146 (K. Schletzbaum); fax: (816) 329-4090; e-mail: karl.schletzbaum@faa.gov or michael.reyer@faa.gov.</contact>
<tocSubject1 quality="low">Reports and guidance documents; availability, etc.:</tocSubject1>
<tocSubject2>Special conditions</tocSubject2>
<tocDoc>Transport category airships; airworthiness criteria, </tocDoc>
<emailRef>9-ACE-airships@faa.gov</emailRef>
<emailRef>karl.schletzbaum@faa.gov</emailRef>
<emailRef>michael.reyer@faa.gov</emailRef>
<urlRef>http://www.faa.gov/</urlRef>
</extension>
<relatedItem type="host" ID="" xlink:href="http://www.gpo.gov/fdsys/pkg/FR-2001-10-05/mods.xml">
<titleInfo>
<title>Federal Register</title>
<partNumber>Vol. 66, no. 194</partNumber>
</titleInfo>
<originInfo>
<publisher>Office of the Federal Register, National Archives and Records Administration</publisher>
<dateIssued encoding="w3cdtf">2001-10-05</dateIssued>
<issuance>continuing</issuance>
<frequency>daily</frequency>
</originInfo>
<physicalDescription>
<note type="source content type">deposited</note>
<digitalOrigin>born digital</digitalOrigin>
<extent>481 p.</extent>
</physicalDescription>
<tableOfContents xlink:href="http://www.gpo.gov/fdsys/pkg/FR-2001-10-05/toc.html">
    Table of Contents: 
  </tableOfContents>
<classification authority="sudocs">AE 2.7:</classification>
<classification authority="sudocs">GS 4.107:</classification>
<classification authority="sudocs">AE 2.106:</classification>
<classification authority="lcc">KF70.A2</classification>
<identifier type="uri">http://www.gpo.gov/fdsys/pkg/FR-2001-10-05</identifier>
<identifier type="issn">0097-6326</identifier>
<identifier type="issn">0042-1219</identifier>
<identifier type="issn">0364-1406</identifier>
<identifier type="stock number">769-004-00000-9</identifier>
<identifier type="ILS system id">000582072</identifier>
<identifier type="former identifier">fr05oc01</identifier>
<location>
<url displayLabel="Content Detail" access="object in context">http://www.gpo.gov/fdsys/pkg/FR-2001-10-05/content-detail.html</url>
<url displayLabel="PDF rendition" access="raw object">http://www.gpo.gov/fdsys/pkg/FR-2001-10-05/pdf/FR-2001-10-05.pdf</url>
</location>
<part type="issue">
<extent unit="pages">
<start>50809</start>
<end>51289</end>
</extent>
</part>
<recordInfo>
<recordContentSource authority="marcorg">DGPO</recordContentSource>
<recordCreationDate encoding="w3cdtf">2009-01-09</recordCreationDate>
<recordChangeDate encoding="w3cdtf">2009-01-09</recordChangeDate>
<recordIdentifier source="DGPO">FR-2001-10-05</recordIdentifier>
<recordOrigin>machine generated</recordOrigin>
<languageOfCataloging>
<languageTerm type="code" authority="iso639-2b">eng</languageTerm>
</languageOfCataloging>
</recordInfo>
<extension>
<docClass>FR</docClass>
<accessId>FR-2001-10-05</accessId>
<volume>66</volume>
<issue>194</issue>
</extension>
</relatedItem>
</mods>
