<?xml version="1.0" encoding="UTF-8"?>
<?xml-stylesheet type="text/xsl" href="billres.xsl"?>
<!--<?xml version="1.0"?>-->
<!--<!DOCTYPE resolution PUBLIC "-//US Congress//DTDs/res.dtd//EN" "C:\Program Files\Blast Radius\rules\res.dtd" []>-->
<!DOCTYPE resolution PUBLIC "-//US Congress//DTDs/res v2.8 20020720//EN" "http://thomas.loc.gov/dtd/res.dtd">
<resolution dms-id="H38BD5AB474174D919C4B7138AB00E45" key="H" public-private="public" resolution-stage="Introduced-in-House" resolution-type="house-concurrent" star-print="no-star-print">
	<metadata xmlns:dc="http://purl.org/dc/elements/1.1/">
<dublinCore>
<dc:title>111 HCON 21 IH: Commending the 39th Infantry Brigade Combat Team of the Arkansas National Guard upon its completion of a second deployment in support of Operation Iraqi Freedom.</dc:title>
<dc:publisher>U.S. House of Representatives</dc:publisher>
<dc:date>2009-01-14</dc:date>
<dc:format>text/xml</dc:format>
<dc:language>EN</dc:language>
<dc:rights>Pursuant to Title 17 Section 105 of the United States Code, this file is not subject to copyright protection and is in the public domain.</dc:rights>
</dublinCore>
</metadata>
<form>
		<distribution-code display="yes">IV</distribution-code>
		<congress display="yes">111th CONGRESS</congress>
		<session display="yes">1st Session</session>
		<legis-num>H. CON. RES. 21</legis-num>
		<current-chamber>IN THE HOUSE OF REPRESENTATIVES</current-chamber>
		<action display="yes">
			<action-date date="20090114">January 14, 2009</action-date>
			<action-desc><sponsor name-id="B000420">Mr. Berry</sponsor> (for
			 himself, <cosponsor name-id="B001236">Mr. Boozman</cosponsor>,
			 <cosponsor name-id="R000573">Mr. Ross</cosponsor>, and
			 <cosponsor name-id="S000672">Mr. Snyder</cosponsor>) submitted the following
			 concurrent resolution; which was referred to the
			 <committee-name committee-id="HAS00">Committee on Armed
			 Services</committee-name></action-desc>
		</action>
		<legis-type>CONCURRENT RESOLUTION</legis-type>
		<official-title display="yes">Commending the 39th Infantry Brigade Combat
		  Team of the Arkansas National Guard upon its completion of a second deployment
		  in support of Operation Iraqi Freedom.</official-title>
	</form>
	<preamble>
		<whereas><text>Whereas the 39th Infantry Brigade Combat Team, known as
			 the Bowie Brigade, of the Arkansas National Guard is headquartered in Little
			 Rock, Arkansas, and is made up of some 3,200 selfless, brave, and dedicated
			 Arkansans from all four congressional districts and every major city of the
			 State;</text>
		</whereas><whereas><text>Whereas the 39th Infantry Brigade Combat Team has a
			 distinguished history of service to the United States, beginning with World War
			 I and continuing through Hurricane Katrina relief and recovery efforts;</text>
		</whereas><whereas><text>Whereas the 39th Infantry Brigade Combat Team was most
			 recently mobilized in January 2008 and departed for Iraq in March 2008 becoming
			 the first National Guard Brigade Combat Team to be recalled and deployed twice
			 in support of Operation Iraqi Freedom;</text>
		</whereas><whereas><text>Whereas while deployed, the 39th Infantry Brigade Combat
			 Team logged over 2,000,000 convoy security miles;</text>
		</whereas><whereas><text>Whereas while deployed, the 39th Infantry Brigade Combat
			 Team searched over 2,000,000 vehicles at entry control points;</text>
		</whereas><whereas><text>Whereas the 39th Infantry Brigade lost no members in
			 combat and suffered only two non-combat related causalities;</text>
		</whereas><whereas><text>Whereas the members of the 39th Infantry Brigade Combat
			 Team are now returning to Arkansas to their proud families and to an
			 appreciative and admiring Nation;</text>
		</whereas><whereas><text>Whereas the strength and unflinching support of the
			 families of the members of the 39th Brigade Combat Team have made the United
			 States as strong as it is today; and</text>
		</whereas><whereas><text>Whereas the 39th Brigade Combat Team has served with
			 courage and compassion, with selflessness and service, and earned the respect
			 of not only Arkansans, but Americans everywhere: Now, therefore, be it</text>
		</whereas></preamble>
	<resolution-body id="H65C86D951C8146A8849EA6A1CCC27CFE" style="traditional">
		<section display-inline="yes-display-inline" id="H2037C2F924484663B2A4AD8BD2649249" section-type="undesignated-section"><enum></enum><text display-inline="yes-display-inline">That Congress—</text>
			<paragraph id="H6CC0613A07AF4322A283734791A5C1F"><enum>(1)</enum><text>commends the
			 members of the 39th Brigade Combat Team of the Arkansas National Guard for
			 their exemplary service to the United States and the completion of their second
			 deployment in support of Operation Iraqi Freedom; and</text>
			</paragraph><paragraph id="H107512BB552B4E9993EDEFA335AB76BB"><enum>(2)</enum><text display-inline="yes-display-inline">recognizes the service and sacrifice of the
			 39th Brigade Combat Team members and their families.</text>
			</paragraph></section></resolution-body>
</resolution>


