<?xml version="1.0" encoding="UTF-8"?>
<?xml-stylesheet type="text/xsl" href="billres.xsl"?>
<!--<?xml version="1.0" encoding="UTF-8"?>-->
<!--<?xml-stylesheet href="\billres.xsl" type="text/xsl"?>-->
<!--<!DOCTYPE bill PUBLIC "-//US Congress//DTDs/bill v2.8 20020720//EN" "http://thomas.loc.gov/dtd/bill.dtd">-->
<!DOCTYPE bill PUBLIC "-//US Congress//DTDs/bill v2.8 20020720//EN" "http://thomas.loc.gov/dtd/bill.dtd">
<bill bill-stage="Introduced-in-House" dms-id="H53FF83612DCA465891D9A1416C783D38" public-private="public" bill-type="olc"> 
<metadata xmlns:dc="http://purl.org/dc/elements/1.1/">
<dublinCore>
<dc:title>109 HR 4582 IH: Aircraft Repair Station Security Enhancement Act of 2005</dc:title>
<dc:publisher>U.S. House of Representatives</dc:publisher>
<dc:date>2005-12-16</dc:date>
<dc:format>text/xml</dc:format>
<dc:language>EN</dc:language>
<dc:rights>Pursuant to Title 17 Section 105 of the United States Code, this file is not subject to copyright protection and is in the public domain.</dc:rights>
</dublinCore>
</metadata>
<form> 
<distribution-code display="yes">I</distribution-code> 
<congress>109th CONGRESS</congress>
<session>1st Session</session>
<legis-num>H. R. 4582</legis-num> 
<current-chamber>IN THE HOUSE OF REPRESENTATIVES</current-chamber> 
<action> 
<action-date date="20051216">December 16, 2005</action-date> 
<action-desc><sponsor name-id="A000210">Mr. Andrews</sponsor> introduced the following bill; which was referred to the <committee-name committee-id="HPW00">Committee on Transportation and Infrastructure</committee-name></action-desc>
</action> 
<legis-type>A BILL</legis-type> 
<official-title>To amend title 49, United States Code, to require employment investigations for employees of aircraft repair stations, and for other purposes.</official-title> 
</form> 
<legis-body id="H9E5149CEAF1146C3AC23E6382361F67B" style="OLC"> 
<section id="HB2573FFCDFB343B58103DB9B446985DF" section-type="section-one"><enum>1.</enum><header>Short title</header><text display-inline="no-display-inline">This Act may be cited as the <quote><short-title>Aircraft Repair Station Security Enhancement Act of 2005</short-title></quote>. </text></section> 
<section id="H0844779AC6954E068361331C9468A826"><enum>2.</enum><header>Security of aircraft repair stations</header> 
<subsection id="H80E8918456ED451EB513B9B752156938"><enum>(a)</enum><header>Employment investigation requirement</header><text><external-xref legal-doc="usc" parsable-cite="usc/49/44936">Section 44936(a)</external-xref> of title 49, United States Code, is amended—</text> 
<paragraph id="H69AA9D3179624673BBFC1F10001447FC"><enum>(1)</enum><text>by redesignating subparagraphs (C) and (D) as subparagraphs (D) and (E), respectively;</text></paragraph> 
<paragraph id="H1E7B20A1564D4C2AB8AD78FF0EEFAF1"><enum>(2)</enum><text>by inserting after subparagraph (B) the following:</text> 
<quoted-block style="USC" id="HAE7A0902ED954953979B077DF0F3A6F2" display-inline="no-display-inline"> 
<subparagraph id="HCA91BF3CD49C49E481001BF6B93978FB"><enum>(C)</enum><header>Repair station employees</header><text display-inline="yes-display-inline">The Under Secretary shall require by regulation that an employment investigation (including a criminal history record check and a review of available law enforcement data bases and records of other governmental and international agencies to the extent determined practicable by the Under Secretary) be conducted for individuals at repair stations who perform maintenance on aircraft or components (or both) used in conducting operations under part 121 of title 14, Code of Federal Regulations (or any successor regulation).</text></subparagraph><after-quoted-block>; and</after-quoted-block></quoted-block></paragraph> 
<paragraph id="H3C8CC03AF24F44FE8D00FB53E318BE98"><enum>(3)</enum><text>in subparagraph (D)(i) (as redesignated by paragraph (1) of this subsection) by inserting before the period at the end the following: <quote>and any individual who is employed in a position described in subparagraph (C) on the date of enactment of the Aircraft Repair Station Security Enhancement Act of 2005</quote>.</text></paragraph></subsection> 
<subsection id="H3AD5A8BA3AEC45D1A300648D9B20E669"><enum>(b)</enum><header>Repair station operators</header> 
<paragraph id="HC2A504473B484E4691A65B4E6ED00030"><enum>(1)</enum><header>Requirements applicable to employers</header><text>Section 44936 of such title is amended in each of subsections (a)(2), (b)(1), and (b)(3) by inserting <quote>repair station operator,</quote> after <quote>airport operator,</quote>.</text></paragraph> 
<paragraph id="HA4A1DFBDE5B14044B060E01197F964B3"><enum>(2)</enum><header>Repair station defined</header><text>Section 44936 of such title is amended by adding at the end the following:</text> 
<quoted-block style="OLC" id="HF7CB42BB917F4477B652820095080038" display-inline="no-display-inline"> 
<subsection id="H91EF5A5E340142089ED7328F45C7544E"><enum>(f)</enum><header>Repair station defined</header><text display-inline="yes-display-inline">In this section, the term <quote>repair station</quote> means a domestic or foreign repair station certificated under part 145 of title 14, Code of Federal Regulations (or any successor regulation), a fixed base operator, a maintenance repair or overhaul facility, an aircraft manufacturer (including a subsidiary), an airframe or engine manufacturer, and a structural or component manufacturer.</text></subsection><after-quoted-block>.</after-quoted-block></quoted-block></paragraph></subsection></section> 
</legis-body> 
</bill> 


