<?xml version="1.0" encoding="UTF-8"?><mets:mets xmlns:mods="http://www.loc.gov/mods/v3" xmlns:xlink="http://www.w3.org/1999/xlink" xmlns:mets="http://www.loc.gov/METS/" xmlns:bib="http://www.loc.gov/mets/profiles/bibRecord" xmlns:lc="http://www.loc.gov/mets/profiles/" xmlns:xs="http://www.w3.org/2001/XMLSchema" PROFILE="lc:bibRecord" OBJID="loc.natlib.ihas.200015734">
   <mets:dmdSec ID="DMD">
      <mets:mdWrap MDTYPE="MODS">
         <mets:xmlData>
            <mods:mods ID="mods1">
               <mods:titleInfo>
                  <mods:title>THE GIRL CAN'T HELP IT</mods:title>
               </mods:titleInfo>
               <mods:name>
                  <mods:namePart>Frank Tashlin</mods:namePart>
                  <mods:role>
                     <mods:roleTerm type="text">Director</mods:roleTerm>
                  </mods:role>
               </mods:name>
               <mods:name>
                  <mods:namePart>Lionel Newman</mods:namePart>
                  <mods:role>
                     <mods:roleTerm type="text">Music Director and/or Conductor</mods:roleTerm>
                  </mods:role>
               </mods:name>
               <mods:name>
                  <mods:namePart>Lionel Newman</mods:namePart>
                  <mods:role>
                     <mods:roleTerm type="text">Music Supervisor</mods:roleTerm>
                  </mods:role>
               </mods:name>
               <mods:originInfo>
                  <mods:copyrightDate>1956</mods:copyrightDate>
                  <mods:place>
                     <mods:placeTerm type="text">USA</mods:placeTerm>
                  </mods:place>
               </mods:originInfo>
               <mods:note type="Source">Information from: "Jazz on the Screen" by David Meeker. Used with permission.</mods:note>
               <mods:physicalDescription>
                  <mods:form authority="gmd">motion picture</mods:form>
               </mods:physicalDescription>
               <mods:note>Feature film (over 60 minutes).</mods:note>
               <mods:note type="Songs">"The girl can't help it", "Rock around the rock pile", "You got it made" by Bobby Troup; "Blue Monday" by Fats Domino, Dave Bartholomew, performed by Fats Domino; "Cry me a river" by Arthur Hamilton, performed by Julie London;  "Tempo's tempo" by Nino Tempo.</mods:note>
               <mods:note type="Personnel on Camera">Ray Anthony and his Orchestra; Fats Domino and his Combo (including, on camera only, Plas Johnson, ts); Julie London, Abbey Lincoln, The Treniers, Nino Tempo, The Platters.</mods:note>
               <mods:identifier type="index">jots</mods:identifier>
               <mods:recordInfo>
                  <mods:recordContentSource>IHAS</mods:recordContentSource>
                  <mods:recordChangeDate encoding="marc">070719</mods:recordChangeDate>
                  <mods:recordIdentifier source="IHAS">loc.natlib.ihas.200015734</mods:recordIdentifier>
               </mods:recordInfo>
            </mods:mods>
         </mets:xmlData>
      </mets:mdWrap>
   </mets:dmdSec>
   <mets:structMap>
      <mets:div DMDID="mods1" TYPE="bib:bibRecord"/>
   </mets:structMap>
</mets:mets>