<?xml version="1.0" encoding="UTF-8"?> 
<asset xmlns="http://nix2.larc.nasa.gov/XMLSchema/1.0" 
  xmlns:xsi="http://www.w3.org/2001/XMLSchema-instance"
  xsi:schemaLocation="http://nix2.larc.nasa.gov/XMLSchema/1.0
                          http://nix2.larc.nasa.gov/XMLSchema/1.0/nasamm.xsd">
 <text> 
    <title>KSC-03PD-1884</title>
    <description>
KENNEDY SPACE CENTER, FLA. Workers in the Space Station Processing Facility attempt to open the hatch on the Italian- built Node 2, a future element of the International Space Station. Node 2 arrived at KSC June 1. The second of three Station connecting modules, the module attaches to the end of the U.S. Lab and provides attach locations for the Japanese laboratory, European laboratory, the Centrifuge Accommodation Module and, later, Multipurpose Logistics Modules. It will provide the primary docking location for the Shuttle when a pressurized mating adapter is attached to Node 2. Installation of the module will complete the U.S. Core of the ISS. Node 2 is the designated payload for mission STS-120. No orbiter or launch date has been determined yet.Installation of the module will complete the U.S. Core of the ISS. Node 2 is the designated payload for mission STS-120. No orbiter or launch date has been determined yet. 
    </description>
    <date>2003-06-06</date>
    <id>KSC-03PD-1884</id>
    <org>
      <name>NASA Kennedy Space Center</name>
      <acronym>NASA-KSC</acronym>
      <url>http://images.ksc.nasa.gov/</url>
    </org>
  </text>
  <image>
    <!-- Thumbnail image -->
    <thumbimage>
      <url>http://images.ksc.nasa.gov/photos/2003/thumb/KSC-03PD-1884.gif</url>
      <format>GIF</format>
      <width>100</width>
      <height>66</height>
      <size>8288</size>
    </thumbimage>

    <!-- Screen image -->
    <screenimage>
      <url>http://images.ksc.nasa.gov/photos/2003/low/KSC-03PD-1884.gif</url>
      <format>GIF</format>
      <width>320</width>
      <height>212</height>
      <size>77727</size>
      </screenimage>

    <!-- Other image -->
    <otherimage>
      <url>http://images.ksc.nasa.gov/photos/2003/medium/KSC-03PD-1884.jpg</url>
      <format>JPEG</format>
      <width>1024</width>
      <height>680</height>
      <size>204527</size>
      </otherimage>


    <!-- Other image -->
    <otherimage>
      <url>http://images.ksc.nasa.gov/photos/2003/high/KSC-03PD-1884.jpg</url>
      <format>JPEG</format>
      <width>3000</width>
      <height>1995</height>
      <size>2117981</size>
      </otherimage>

  </image>
</asset>


