<?xml version="1.0" encoding="UTF-8"?>
<mods xmlns:xlink="http://www.w3.org/1999/xlink" xmlns:xsi="http://www.w3.org/2001/XMLSchema-instance" xmlns="http://www.loc.gov/mods/v3" version="3.3" xsi:schemaLocation="http://www.loc.gov/mods/v3 http://www.loc.gov/standards/mods/v3/mods-3-3.xsd" ID="id-03-32214">
<name type="corporate">
<namePart>United States Government Printing Office</namePart>
<role>
<roleTerm authority="marcrelator" type="text">printer</roleTerm>
<roleTerm authority="marcrelator" type="code">prt</roleTerm>
</role>
<role>
<roleTerm authority="marcrelator" type="text">distributor</roleTerm>
<roleTerm authority="marcrelator" type="code">dst</roleTerm>
</role>
</name>
<name type="corporate">
<namePart>United States</namePart>
<namePart>National Archives and Records Administration</namePart>
<namePart>Federal Register Office</namePart>
<role>
<roleTerm authority="marcrelator" type="text">author</roleTerm>
<roleTerm authority="marcrelator" type="code">aut</roleTerm>
</role>
<description>Government Organization</description>
</name>
<typeOfResource>text</typeOfResource>
<genre authority="marcgt">government publication</genre>
<language>
<languageTerm type="code" authority="iso639-2b">eng</languageTerm>
</language>
<extension>
<collectionCode>FR</collectionCode>
<category>Regulatory Information</category>
<waisDatabaseName>2003_register</waisDatabaseName>
<branch>executive</branch>
</extension>
<genre authority="marcgt">article</genre>
<titleInfo>
<title>Preliminary Effluent Guidelines Program Plan for 2004/2005</title>
<partName>Notices</partName>
</titleInfo>
<name type="corporate">
<namePart>United States</namePart>
<namePart>Environmental Protection Agency</namePart>
<role>
<roleTerm authority="marcrelator" type="text">originator</roleTerm>
<roleTerm authority="marcrelator" type="code">org</roleTerm>
</role>
<description>United States Government Agency or Subagency</description>
</name>
<abstract>Today's notice presents and invites comment on EPA's preliminary Effluent Guidelines Program Plan for 2004/2005. Under the Clean Water Act (CWA), EPA establishes technology-based national regulations, termed ``effluent guidelines,'' to reduce pollutant discharges from industrial facilities to waters of the United States. Section 304(m) of the Clean Water Act (CWA) requires EPA to publish an Effluent Guidelines Program Plan every two years. Today's notice has three purposes. First, it presents the results of EPA's annual review of the effluent guidelines that EPA has promulgated under CWA section 304(b). Second, it solicits public comment on the preliminary Effluent Guidelines Program Plan. Third, it describes and solicits comment on the analytical framework that EPA has employed to date in performing the annual review for 2003 and in developing today's preliminary Effluent Guidelines Program Plan. EPA had articulated an early form of this evolving analytical framework in the draft Strategy for National Clean Water Industrial Regulations, which EPA hopes to finalize concurrently with the Effluent Guidelines Program Plan in 2004.</abstract>
<identifier type="FR citation">68 FR 75515</identifier>
<identifier type="uri">http://www.gpo.gov/fdsys/granule/FR-2003-12-31/03-32214</identifier>
<identifier type="FR Doc No.">03-32214</identifier>
<identifier type="former granule identifier">fr31de03-72</identifier>
<identifier type="rin">RIN 2040-ACXX</identifier>
<identifier type="billing code">6560-50-P</identifier>
<identifier type="department code">FRL-7604-7</identifier>
<location>
<url displayLabel="Content Detail" access="object in context">http://www.gpo.gov/fdsys/granule/FR-2003-12-31/03-32214/content-detail.html</url>
<url displayLabel="PDF rendition" access="raw object">http://www.gpo.gov/fdsys/pkg/FR-2003-12-31/pdf/03-32214.pdf</url>
<url displayLabel="HTML rendition" access="raw object">http://www.gpo.gov/fdsys/pkg/FR-2003-12-31/html/03-32214.html</url>
</location>
<physicalDescription>
<extent>17 p.</extent>
</physicalDescription>
<part type="Notices">
<extent unit="pages">
<start>75515</start>
<end>75531</end>
</extent>
</part>
<identifier type="preferred citation">68 FR 75515</identifier>
<relatedItem type="isReferencedBy">
<identifier type="regulation ID number">RIN2040-ACXX</identifier>
</relatedItem>
<extension>
<searchTitle>Preliminary Effluent Guidelines Program Plan for 2004/2005; Federal Register Vol. 68, Issue </searchTitle>
<granuleClass>NOTICE</granuleClass>
<accessId>03-32214</accessId>
<agency order="1">ENVIRONMENTAL PROTECTION AGENCY</agency>
<commentDate>2004-02-17</commentDate>
<publicMeetingDate>2004-01-28</publicMeetingDate>
<departmentDoc>FRL-7604-7</departmentDoc>
<rin number="2040-ACXX" quality="medium"/>
<billingCode>6560-50-P</billingCode>
<frDocNumber>03-32214</frDocNumber>
<action>Notice of preliminary effluent guidelines plan; request for comments.</action>
<summary>Today's notice presents and invites comment on EPA's preliminary Effluent Guidelines Program Plan for 2004/2005. Under the Clean Water Act (CWA), EPA establishes technology-based national regulations, termed ``effluent guidelines,'' to reduce pollutant discharges from industrial facilities to waters of the United States. Section 304(m) of the Clean Water Act (CWA) requires EPA to publish an Effluent Guidelines Program Plan every two years. Today's notice has three purposes. First, it presents the results of EPA's annual review of the effluent guidelines that EPA has promulgated under CWA section 304(b). Second, it solicits public comment on the preliminary Effluent Guidelines Program Plan. Third, it describes and solicits comment on the analytical framework that EPA has employed to date in performing the annual review for 2003 and in developing today's preliminary Effluent Guidelines Program Plan. EPA had articulated an early form of this evolving analytical framework in the draft Strategy for National Clean Water Industrial Regulations, which EPA hopes to finalize concurrently with the Effluent Guidelines Program Plan in 2004.</summary>
<dates>EPA must receive comments on the preliminary Effluent Guidelines Program Plan for 2004/2005 by February 17, 2004. EPA will conduct a public meeting on Wednesday, January 28, 2004, from 9 a.m. to 12 p.m. Eastern Standard Time. For information on the location of the public</dates>
<contact>Mr. Carey A. Johnston at (202) 566- 1014 or johnston.carey@epa.gov, or Mr. Tom Wall at (202) 566-1060 or wall.tom@epa.gov.</contact>
<tocSubject1>Water pollution control:</tocSubject1>
<tocSubject2>Clean Water Act</tocSubject2>
<tocDoc>Effluent guidelines program plan (2004-2005 ), </tocDoc>
<emailRef>harrigan.patricia@epa.gov</emailRef>
<emailRef>johnston.carey@epa.gov</emailRef>
<emailRef>OW-Docket@epa.gov</emailRef>
<emailRef>wall.tom@epa.gov</emailRef>
<urlRef>http://epa.gov/guide/aquaculture/</urlRef>
<urlRef>http://epa.gov/guide/construction/</urlRef>
<urlRef>http://epa.gov/guide/mpp/</urlRef>
<urlRef>http://www.epa.gov/edocket</urlRef>
<urlRef>http://www.epa.gov/edocket/</urlRef>
<urlRef>http://www.epa.gov/fedrgstr/</urlRef>
<urlRef>http://www.epa.gov/guide/plan.html</urlRef>
</extension>
<relatedItem type="host" ID="" xlink:href="http://www.gpo.gov/fdsys/pkg/FR-2003-12-31/mods.xml">
<titleInfo>
<title>Federal Register</title>
<partNumber>Vol. 68, no. 250</partNumber>
</titleInfo>
<originInfo>
<publisher>Office of the Federal Register, National Archives and Records Administration</publisher>
<dateIssued encoding="w3cdtf">2003-12-31</dateIssued>
<issuance>continuing</issuance>
<frequency>daily</frequency>
</originInfo>
<physicalDescription>
<note type="source content type">deposited</note>
<digitalOrigin>born digital</digitalOrigin>
<extent>411 p.</extent>
</physicalDescription>
<tableOfContents xlink:href="http://www.gpo.gov/fdsys/pkg/FR-2003-12-31/toc.html">
    Table of Contents: 
  </tableOfContents>
<classification authority="sudocs">AE 2.7:</classification>
<classification authority="sudocs">GS 4.107:</classification>
<classification authority="sudocs">AE 2.106:</classification>
<classification authority="lcc">KF70.A2</classification>
<identifier type="uri">http://www.gpo.gov/fdsys/pkg/FR-2003-12-31</identifier>
<identifier type="issn">0097-6326</identifier>
<identifier type="issn">0042-1219</identifier>
<identifier type="issn">0364-1406</identifier>
<identifier type="stock number">769-004-00000-9</identifier>
<identifier type="ILS system id">000582072</identifier>
<identifier type="former identifier">fr31de03</identifier>
<location>
<url displayLabel="Content Detail" access="object in context">http://www.gpo.gov/fdsys/pkg/FR-2003-12-31/content-detail.html</url>
<url displayLabel="PDF rendition" access="raw object">http://www.gpo.gov/fdsys/pkg/FR-2003-12-31/pdf/FR-2003-12-31.pdf</url>
</location>
<part type="issue">
<extent unit="pages">
<start>75385</start>
<end>75795</end>
</extent>
</part>
<recordInfo>
<recordContentSource authority="marcorg">DGPO</recordContentSource>
<recordCreationDate encoding="w3cdtf">2009-01-09</recordCreationDate>
<recordChangeDate encoding="w3cdtf">2009-01-09</recordChangeDate>
<recordIdentifier source="DGPO">FR-2003-12-31</recordIdentifier>
<recordOrigin>machine generated</recordOrigin>
<languageOfCataloging>
<languageTerm type="code" authority="iso639-2b">eng</languageTerm>
</languageOfCataloging>
</recordInfo>
<extension>
<docClass>FR</docClass>
<accessId>FR-2003-12-31</accessId>
<volume>68</volume>
<issue>250</issue>
</extension>
</relatedItem>
</mods>
