<?xml version="1.0" encoding="UTF-8"?>
<mets:mets xmlns:mods="http://www.loc.gov/mods/v3" xmlns:mets="http://www.loc.gov/METS/" xmlns:bib="http://www.loc.gov/mets/profiles/bibRecord" xmlns:xsi="http://www.w3.org/2001/XMLSchema-instance" xmlns:rights="http://www.loc.gov/rights/" xmlns:lc="http://www.loc.gov/mets/profiles" xmlns:xlink="http://www.w3.org/1999/xlink" OBJID="loc.natlib.sm1871.12828" xsi:schemaLocation="http://www.loc.gov/METS/ http://www.loc.gov/standards/mets/mets.xsd http://www.loc.gov/mods/v3 http://www.loc.gov/standards/mods/v3/mods-3-2.xsd" PROFILE="lc:bibRecord">
    <mets:dmdSec ID="dmd1">
        <mets:mdWrap MDTYPE="MODS">
            <mets:xmlData>
                <mods:mods ID="mods1" version="3.2">
                    <mods:titleInfo>
                        <mods:title>Orange flower mazurka</mods:title>
                    </mods:titleInfo>
                    <mods:titleInfo type="alternative">
                        <mods:title>Music for a nation: American sheet music, 1870-1885</mods:title>
                    </mods:titleInfo>
                    <mods:name type="personal">
                        <mods:namePart>Wyman, Addison P.</mods:namePart>
                        <mods:role>
                            <mods:roleTerm authority="marcrelator" type="text">creator</mods:roleTerm>
                        </mods:role>
                    </mods:name>
                    <mods:typeOfResource>notated music</mods:typeOfResource>
                    <mods:originInfo>
                        <mods:place>
                            <mods:placeTerm authority="marccountry" type="code">nyu</mods:placeTerm>
                        </mods:place>
                        <mods:place>
                            <mods:placeTerm type="text">Brooklyn</mods:placeTerm>
                        </mods:place>
                        <mods:publisher>Holmes, D. S.</mods:publisher>
                        <mods:dateIssued>1871</mods:dateIssued>
                        <mods:issuance>monographic</mods:issuance>
                    </mods:originInfo>
                    <mods:physicalDescription>
                        <mods:form authority="marcform">print</mods:form>
                        <mods:form authority="smd">remote</mods:form>
                        <mods:extent>1 score</mods:extent>
                    </mods:physicalDescription>
                    <mods:note type="statement of responsibility">by Addison P. Wyman.</mods:note>
                    <mods:note type="additional physical form">Also available through the Library of Congress Web Site as facsimile page images.</mods:note>
                    <mods:subject authority="lcsh">
                        <mods:topic>Mazurkas</mods:topic>
                    </mods:subject>
                    <mods:subject authority="lcsh">
                        <mods:topic>Piano music</mods:topic>
                    </mods:subject>
                    <mods:classification authority="lcc">M2.3.U6A44</mods:classification>
                    <mods:relatedItem type="host">
                        <mods:titleInfo>
                            <mods:title>American 19th-century sheet music. Copyright deposits, 1870-1885</mods:title>
                        </mods:titleInfo>
                        <mods:identifier type="local">(DLC)   93703496 </mods:identifier>
                    </mods:relatedItem>
                    <mods:identifier type="hdl">hdl:loc.music/sm1871.12828</mods:identifier>
                    <mods:location>
                        <mods:url>http://hdl.loc.gov/loc.music/sm1871.12828</mods:url>
                    </mods:location>
                    <mods:location>
                        <mods:physicalLocation>Library of Congress. Music Division.</mods:physicalLocation>
                    </mods:location>
                    <mods:recordInfo>
                        <mods:recordContentSource authority="marcorg">DLC</mods:recordContentSource>
                        <mods:recordCreationDate encoding="marc">980624</mods:recordCreationDate>
                        <mods:recordChangeDate encoding="iso8601">19990811104721.0</mods:recordChangeDate>
                        <mods:recordIdentifier source="DLC">sm187112828</mods:recordIdentifier>
                    </mods:recordInfo>
                </mods:mods>
            </mets:xmlData>
        </mets:mdWrap>
    </mets:dmdSec>
    <mets:structMap>
        <mets:div DMDID="mods1" TYPE="bib:bibRecord"/>
    </mets:structMap>
</mets:mets>