<?xml version="1.0" encoding="UTF-8"?>
<mods xmlns:xlink="http://www.w3.org/1999/xlink" xmlns:xsi="http://www.w3.org/2001/XMLSchema-instance" xmlns="http://www.loc.gov/mods/v3" version="3.3" xsi:schemaLocation="http://www.loc.gov/mods/v3 http://www.loc.gov/standards/mods/v3/mods-3-3.xsd" ID="id-CREC-2006-09-22-pt1-PgH-FrontMatter">
<name type="corporate">
<namePart>United States Government Printing Office</namePart>
<role>
<roleTerm authority="marcrelator" type="text">printer</roleTerm>
<roleTerm authority="marcrelator" type="code">prt</roleTerm>
</role>
<role>
<roleTerm authority="marcrelator" type="text">distributor</roleTerm>
<roleTerm authority="marcrelator" type="code">dst</roleTerm>
</role>
</name>
<name type="corporate">
<namePart>United States</namePart>
<namePart>Congress</namePart>
<role>
<roleTerm authority="marcrelator" type="text">author</roleTerm>
<roleTerm authority="marcrelator" type="code">aut</roleTerm>
</role>
<description>Government Organization</description>
</name>
<typeOfResource>text</typeOfResource>
<genre authority="marcgt">government publication</genre>
<language>
<languageTerm type="code" authority="iso639-2b">eng</languageTerm>
</language>
<extension>
<collectionCode>CREC</collectionCode>
<category>Proceedings of Congress and General Congressional Publications</category>
<waisDatabaseName>2006_record</waisDatabaseName>
<branch>legislative</branch>
</extension>
<titleInfo>
<title>H O U S E O F R E P R E S E N T A T I V E S</title>
<partName>House</partName>
</titleInfo>
<identifier type="congressional record citation">152 Cong. Rec. S10011</identifier>
<identifier type="uri">http://www.gpo.gov/fdsys/granule/CREC-2006-09-22/CREC-2006-09-22-pt1-PgH-FrontMatter</identifier>
<identifier type="former granule identifier">cr22se06-8</identifier>
<location>
<url displayLabel="Content Detail" access="object in context">http://www.gpo.gov/fdsys/granule/CREC-2006-09-22/CREC-2006-09-22-pt1-PgH-FrontMatter/content-detail.html</url>
<url displayLabel="PDF rendition" access="raw object">http://www.gpo.gov/fdsys/pkg/CREC-2006-09-22/pdf/CREC-2006-09-22-pt1-PgH-FrontMatter.pdf</url>
<url displayLabel="HTML rendition" access="raw object">http://www.gpo.gov/fdsys/pkg/CREC-2006-09-22/html/CREC-2006-09-22-pt1-PgH-FrontMatter.html</url>
</location>
<physicalDescription>
<extent>1 p.</extent>
</physicalDescription>
<part type="article">
<extent unit="pages">
<start>S10011</start>
<end>S10011</end>
</extent>
</part>
<identifier type="preferred citation">152 Cong. Rec. S10011</identifier>
<extension>
<searchTitle>H O U S E O F R E P R E S E N T A T I V E S; Weekly Compilation of Presidential Documents Vol. 152, No. 120</searchTitle>
<granuleClass>HOUSE</granuleClass>
<accessId>CREC-2006-09-22-pt1-PgH-FrontMatter</accessId>
<subGranuleClass>FRONTMATTER</subGranuleClass>
<pagePrefix>S</pagePrefix>
<bookNumber>1</bookNumber>
<chamber>HOUSE</chamber>
<granuleDate>2006-09-22</granuleDate>
</extension>
<relatedItem type="host" ID="">
<titleInfo>
<title>Congressional Record</title>
<partNumber>Vol. 152, no. 120</partNumber>
</titleInfo>
<location>
<url displayLabel="Content Detail" access="object in context">http://www.gpo.gov/fdsys/pkg/CREC-2006-09-22/content-detail.html</url>
<url displayLabel="PDF rendition" access="raw object">http://www.gpo.gov/fdsys/pkg/CREC-2006-09-22/pdf/CREC-2006-09-22.pdf</url>
</location>
<part type="issue">
<extent unit="pages">
<start>H10011</start>
<end>H10011</end>
</extent>
<extent>
<start>S10011</start>
<end>S10050</end>
</extent>
<extent>
<start>D1015</start>
<end>D1020</end>
</extent>
</part>
<tableOfContents xlink:href="http://www.gpo.gov/fdsys/pkg/CREC-2006-09-22/toc.html">Table of Contents:</tableOfContents>
<originInfo>
<publisher>U.S. Government Printing Office</publisher>
<dateIssued encoding="w3cdtf">2006-09-22</dateIssued>
<issuance>continuing</issuance>
<frequency authority="marcfrequency">daily</frequency>
</originInfo>
<physicalDescription>
<note type="source content type">deposited</note>
<digitalOrigin>born digital</digitalOrigin>
<extent>48 p.</extent>
</physicalDescription>
<classification authority="sudocs">X 1.1/A:</classification>
<classification authority="sudocs">X/A.</classification>
<identifier type="uri">http://www.gpo.gov/fdsys/pkg/CREC-2006-09-22</identifier>
<identifier type="stock number">752-002-00000-2</identifier>
<identifier type="former package identifier">cr22se06</identifier>
<recordInfo>
<recordContentSource authority="marcorg">DGPO</recordContentSource>
<recordCreationDate encoding="w3cdtf">2009-01-07</recordCreationDate>
<recordChangeDate encoding="w3cdtf">2009-01-07</recordChangeDate>
<recordIdentifier source="DGPO">CREC-2006-09-22</recordIdentifier>
<recordOrigin>machine generated</recordOrigin>
<languageOfCataloging>
<languageTerm type="code" authority="iso639-2b">eng</languageTerm>
</languageOfCataloging>
</recordInfo>
<extension>
<docClass>CREC</docClass>
<accessId>CREC-2006-09-22</accessId>
<volume>152</volume>
<issue>120</issue>
<congress>109</congress>
<session>2</session>
<bookCount>2</bookCount>
</extension>
</relatedItem>
</mods>
