<?xml version="1.0" encoding="ISO-8859-1"?><mods xmlns="http://www.loc.gov/mods/v3" version="3.2">
	<titleInfo>
		<title>Forum: The Crisis in Darfur</title>
	</titleInfo>
	<typeOfResource>text</typeOfResource>
	<genre>Web site</genre>
	<originInfo>
		<dateCaptured encoding="iso8601" point="start">20060320</dateCaptured>
		<dateCaptured encoding="iso8601" point="end">20060619</dateCaptured>
	</originInfo>
	<language>
		<languageTerm authority="iso639-2b" type="code">eng</languageTerm>
	</language>
	<physicalDescription>
		<internetMediaType>application/msword</internetMediaType>
		<internetMediaType>application/octet-stream</internetMediaType>
		<internetMediaType>application/pdf</internetMediaType>
		<internetMediaType>application/vnd</internetMediaType>
		<internetMediaType>application/x-javascript</internetMediaType>
		<internetMediaType>application/zip</internetMediaType>
		<internetMediaType>audio/mpeg</internetMediaType>
		<internetMediaType>audio/x-wav</internetMediaType>
		<internetMediaType>image/gif</internetMediaType>
		<internetMediaType>image/jpeg</internetMediaType>
		<internetMediaType>text/html</internetMediaType>
		<internetMediaType>text/plain</internetMediaType>
	</physicalDescription>
	<abstract>Kennedy Library Public Forum on Darfur with Jennifer Leaning, Eric Reeves, Alex de
		Waal, William Schulz</abstract>
	<subject authority="keyword">
		<topic>Kennedy, Library, forum, Darfur, Africa, Sudan, Human rights, genocide,
		Rwanda</topic>
	</subject>
	<subject>
		<geographic>Sudan</geographic>
		<topic>History</topic>
		<temporal>Darfur Conflict, 2003-</temporal>
	</subject>
	<subject>
		<topic>Humanitarian intervention</topic>
	</subject>
	<subject>
		<topic>Genocide</topic>
	</subject>
	<relatedItem type="host">
		<titleInfo>
			<title>Crisis in Darfur, Sudan Web Archive, 2006</title>
		</titleInfo>
		<location>
			<url>http://hdl.loc.gov/loc.natlib/collnatlib.00000011</url>
		</location>
	</relatedItem>
	<identifier>hdl:loc.natlib/mrva0011.0074</identifier>
	<note type="system details">www.cs.umb.edu/~rwhealan/jfk/forum_darfur.html</note>

	<location>
		<url displayLabel="Archived site">http://loc.archive.org/darfur/2006*/www.cs.umb.edu/~rwhealan/jfk/forum_darfur.html</url>
	</location>
	<location>
		<url usage="primary display">http://hdl.loc.gov/loc.natlib/mrva0011.0074</url>
	</location>
	<accessCondition>Access restricted to on-site users at the Library of Congress.</accessCondition>
	<recordInfo>
		<recordCreationDate encoding="iso8601">20070516</recordCreationDate>
		<recordIdentifier source="dlc">mrva0011.0074</recordIdentifier>
	</recordInfo>
</mods>