<?xml version="1.0" encoding="UTF-8"?>
<mods xmlns="http://www.loc.gov/mods/v3" xmlns:xsi="http://www.w3.org/2001/XMLSchema-instance" xmlns:xlink="http://www.w3.org/1999/xlink" xsi:schemaLocation="http://www.loc.gov/mods/v3 http://www.loc.gov/standards/mods/v3/mods-3-3.xsd" version="3.3">
<name type="corporate">
<namePart>United States Government Printing Office</namePart>
<role>
<roleTerm type="text" authority="marcrelator">printer</roleTerm>
<roleTerm type="code" authority="marcrelator">prt</roleTerm>
</role>
<role>
<roleTerm type="text" authority="marcrelator">distributor</roleTerm>
<roleTerm type="code" authority="marcrelator">dst</roleTerm>
</role>
</name>
<name type="corporate">
<namePart>United States</namePart>
<namePart>Congress</namePart>
<namePart>House Of Representatives</namePart>
<namePart>Committee on Resources</namePart>
<role>
<roleTerm type="text" authority="marcrelator">author</roleTerm>
<roleTerm type="code" authority="marcrelator">aut</roleTerm>
</role>
<description>Government Organization</description>
</name>
<typeOfResource>text</typeOfResource>
<genre authority="marcgt">government publication</genre>
<language>
<languageTerm authority="iso639-2b" type="code">eng</languageTerm>
</language>
<extension>
<collectionCode>CRPT</collectionCode>
<category>Congressional Committee Materials</category>
<waisDatabaseName>104_cong_reports</waisDatabaseName>
<branch>legislative</branch>
</extension>
<titleInfo>
<title>BLM REAUTHORIZATION ACT OF 1995</title>
</titleInfo>
<originInfo>
<publisher>U.S. Government Printing Office</publisher>
<dateIssued encoding="w3cdtf">1995-06-22</dateIssued>
<issuance>monographic</issuance>
</originInfo>
<physicalDescription>
<note type="source content type">deposited</note>
<digitalOrigin>born digital</digitalOrigin>
</physicalDescription>
<classification authority="sudocs">Y 1.1/8:</classification>
<identifier type="uri">http://www.gpo.gov/fdsys/pkg/CRPT-104hrpt155</identifier>
<identifier type="former package identifier">f:hr155.104</identifier>
<recordInfo>
<recordContentSource authority="marcorg">DGPO</recordContentSource>
<recordCreationDate encoding="w3cdtf">2009-01-06</recordCreationDate>
<recordChangeDate encoding="w3cdtf">2009-01-06</recordChangeDate>
<recordIdentifier source="DGPO">CRPT-104hrpt155</recordIdentifier>
<recordOrigin>machine generated</recordOrigin>
<languageOfCataloging>
<languageTerm authority="iso639-2b" type="code">eng</languageTerm>
</languageOfCataloging>
</recordInfo>
<extension>
<docClass>HRPT</docClass>
<accessId>CRPT-104hrpt155</accessId>
<chamber>HOUSE</chamber>
<congress>104</congress>
<number>155</number>
<session>1</session>
<isConferenceReport>false</isConferenceReport>
</extension>
<location>
<url access="object in context" displayLabel="Content Detail">http://www.gpo.gov/fdsys/pkg/CRPT-104hrpt155/content-detail.html</url>
<url access="raw object" displayLabel="PDF rendition">http://www.gpo.gov/fdsys/pkg/CRPT-104hrpt155/pdf/CRPT-104hrpt155.pdf</url>
<url access="raw object" displayLabel="HTML rendition">http://www.gpo.gov/fdsys/pkg/CRPT-104hrpt155/pdf/CRPT-104hrpt155.html</url>
</location>
<identifier type="congressional report citation">H. Rept. 104-155</identifier>
<identifier type="preferred citation">H. Rept. 104-155</identifier>
<abstract>The Committee on Resources, to whom was referred the bill (H.R. 1077) to authorize the Bureau of Land Management, having considered the same, report favorably thereon with an amendment and recommend that the bill as amended do pass.</abstract>
<extension>
<searchTitle>BLM REAUTHORIZATION ACT OF 1995;H. Rept. 104-155</searchTitle>
<granuleClass>FIRSTPART</granuleClass>
<accessId>CRPT-104hrpt155</accessId>
<action date="1995-06-22">Committed to the Committee of the Whole House on the State of the Union and ordered to be printed</action>
<session>1</session>
<shortTitle>BLM Reauthorization Act of 1995</shortTitle>
<recommendation>The Committee on Resources, to whom was referred the bill (H.R. 1077) to authorize the Bureau of Land Management, having considered the same, report favorably thereon with an amendment and recommend that the bill as amended do pass.</recommendation>
<submittedStatement>Mr. Young of Alaska, from the Committee on Resources, submitted the following</submittedStatement>
<bill congress="104" context="OTHER" number="1077" type="HR"/>
<bill congress="104" context="PRIMARY" number="1077" type="HR"/>
<bill congress="104" context="OTHER" number="1603" type="HR"/>
<bill congress="104" context="OTHER" number="2530" type="HR"/>
<congCommittee authorityId="hsii00" chamber="H" congress="104" type="S">
            <name type="authority-standard">Committee on Resources</name>
            <name type="authority-short">Resources</name>
          </congCommittee>
<congMember authorityId="1256" chamber="H" congress="104" party="R" role="SUBMITTEDBY" state="AK">
            <name type="parsed">Mr. Young of Alaska</name>
            <name type="authority-fnf">Don Young</name>
            <name type="authority-lnf">Young, Don</name>
            <name type="authority-other">Don E. Young</name>
          </congMember>
<USCode title="43">
            <chapter number="1701"/>
            <chapter number="1748"/>
            <section detail="et seq." number="1701"/>
            <section detail="(a)" number="1748"/>
          </USCode>
</extension>
<name type="personal">
<namePart>Don Young</namePart>
<affiliation>United States House of Representatives</affiliation>
<role>
<roleTerm type="text" authority="marcrelator">sponsor</roleTerm>
<roleTerm type="code" authority="marcrelator">spn</roleTerm>
</role>
<description>United States Congress Member</description>
</name>
<name type="corporate">
<namePart>United States</namePart>
<namePart>Congress</namePart>
<namePart>House of Representatives</namePart>
<namePart>Committee on Resources</namePart>
<role>
<roleTerm type="text" authority="marcrelator">associated name</roleTerm>
<roleTerm type="code" authority="marcrelator">asn</roleTerm>
</role>
<description>Government Organization</description>
</name>
<relatedItem type="isReferencedBy">
<titleInfo>
<title>United States House Bill 1077  (104th Congress)</title>
</titleInfo>
<identifier type="Congressional Bill citation">H.R. 1077</identifier>
<extension>
<congress>104</congress>
<context>OTHER</context>
</extension>
</relatedItem>
<relatedItem type="isReferencedBy">
<titleInfo>
<title>United States House Bill 1077  (104th Congress)</title>
</titleInfo>
<identifier type="Congressional Bill citation">H.R. 1077</identifier>
<extension>
<congress>104</congress>
<context>PRIMARY</context>
</extension>
</relatedItem>
<relatedItem type="isReferencedBy">
<titleInfo>
<title>United States House Bill 1603  (104th Congress)</title>
</titleInfo>
<identifier type="Congressional Bill citation">H.R. 1603</identifier>
<extension>
<congress>104</congress>
<context>OTHER</context>
</extension>
</relatedItem>
<relatedItem type="isReferencedBy">
<titleInfo>
<title>United States House Bill 2530  (104th Congress)</title>
</titleInfo>
<identifier type="Congressional Bill citation">H.R. 2530</identifier>
<extension>
<congress>104</congress>
<context>OTHER</context>
</extension>
</relatedItem>
<relatedItem type="isReferencedBy">
<titleInfo>
<title>United States Code</title>
<partNumber>Title 43 Section 1701et seq.</partNumber>
<partNumber>Title 43 Section 1748(a)</partNumber>
<partNumber>Title 43 Chapter 1701</partNumber>
<partNumber>Title 43 Chapter 1748</partNumber>
</titleInfo>
<identifier type="USC citation">43 U.S.C. 1701et seq.</identifier>
<identifier type="USC citation">43 U.S.C. 1748(a)</identifier>
<identifier type="USC citation">43 U.S.C. Chapter 1701</identifier>
<identifier type="USC citation">43 U.S.C. Chapter 1748</identifier>
</relatedItem>
</mods>
