<?xml version="1.0"?>

<cdidata>
  <cdi type="zip">
    <location name="Bir-al-Jir::Wahran::Algeria">
      <cdi>5.2537</cdi>
      <nresp>1</nresp>
      <dist>6</dist>
      <lat>35.72</lat>
      <lon>-0.57</lon>
      <suspect></suspect>
      <name>Bir-al-Jir</name>
    </location>
    <location name="Muaskar::Muaskar::Algeria">
      <cdi>3.0916</cdi>
      <nresp>1</nresp>
      <dist>73</dist>
      <lat>35.4</lat>
      <lon>0.14</lon>
      <suspect></suspect>
      <name>Muaskar</name>
    </location>
    <location name="Wahran::Wahran::Algeria">
      <cdi>5.2537</cdi>
      <nresp>5</nresp>
      <dist>11</dist>
      <lat>35.7</lat>
      <lon>-0.62</lon>
      <suspect></suspect>
      <name>Wahran</name>
    </location>
  </cdi>
</cdidata>
