<?xml version='1.0' encoding='ISO-8859-1' ?>
<TEI TEIform="TEI">
  <teiHeader>
    <fileDesc>
      <titleStmt>
        <title>York County
250th Anniversary Celebrations
        </title>
      </titleStmt>
      <editionStmt>
        <edition>Reformatted content from Library of Congress Bicentennial Local Legacies project</edition>
      </editionStmt>
      <publicationStmt>
        <distributor>Library Of Congress</distributor>
        <pubPlace>Washington, DC</pubPlace>
      </publicationStmt>
      <sourceDesc>
        <bibl>Library of Congress Community Roots selection: York County 250th Anniversary Celebrations.  Sponsored by: William F. Goodling,
Representative (19th District)
        </bibl>
      </sourceDesc>
    </fileDesc>
  </teiHeader>
  <text>
    <body>
      <div>
        <head>
          <p>York County 250th Anniversary Celebration</p>
        </head>
					
					
        <p>
						
          <figure url="i0001.jpg">
            <head>
							
              <caption>Kids display patriotism at Library Day 
                <emph>Photo courtesy York County 200th Anniversary Commission</emph>
              </caption>
						
            </head>
            <figDesc>Kids wave flags at Library Day</figDesc>
          </figure>This year-long celebration in 1999, marked 250
years of historic York County with songs, raised banners, newly
published books, restored monuments, and planted trees. York County
residents gave thanks for blessings bestowed on them, and
commemorated former residents who had worked to build the county
and the country. A rail trail was completed that connected York
with Maryland, and a relay race ran through each municipality in
York County. At the close of August's "peak week" of activities,
5,000 celebrants marched in the largest parade in the community's
history.
        </p>
					
        <p>Legacy documentation includes three volumes of York
County history, prepared by the York County 250th Anniversary
Commission; commemorative programs and brochures; an article and
brochure about the 250th anniversary quilt; a bibliography of York
County history in print; and three videos, including a musical.
        </p>
					
					
        <p>
          <xref url="http://www.allaboutyork.com/">Online at:</xref>
        </p>
				
      </div>
    </body>
    <back>
      <div>
        <note type="stateCode">PA</note>
        <note type="stateName">Pennsylvania</note>
        <note type="digitalID">200003477</note>
        <note type="sponsor">William F. Goodling,
Representative (19th District)
        </note>
      </div>
    </back>
  </text>
</TEI>