<?xml version="1.0" encoding="UTF-8"?><mets:mets xmlns:mets="http://www.loc.gov/METS/" xmlns:lc="http://www.loc.gov/mets/profiles" xmlns:xsi="http://www.w3.org/2001/XMLSchema-instance" xmlns:xlink="http://www.w3.org/1999/xlink" xmlns:rights="http://www.loc.gov/rights/" xmlns:mods="http://www.loc.gov/mods/v3" xmlns:pm="http://www.loc.gov/mets/profiles/printMaterial" OBJID="loc.natlib.ihas.100010459" xsi:schemaLocation="http://www.loc.gov/METS/ http://www.loc.gov/standards/mets/mets.xsd http://www.loc.gov/mods/v3 http://www.loc.gov/standards/mods/mods.xsd" PROFILE="lc:printMaterial"><mets:dmdSec ID="DMD"><mets:mdWrap MDTYPE="MODS"><mets:xmlData><mods:mods version="3.2" ID="MODS1" xsi:schemaLocation="http://www.loc.gov/mods/v3 http://www.loc.gov/standards/mods/mods.xsd"><mods:titleInfo><mods:nonSort>[</mods:nonSort><mods:title>Song 566] Anacreontic Society</mods:title></mods:titleInfo><mods:name type="personal"><mods:namePart>Tomlinson, Ralph, Esq.</mods:namePart><mods:role><mods:roleTerm type="text" authority="marcrelator">Author</mods:roleTerm></mods:role></mods:name><mods:typeOfResource>text</mods:typeOfResource><mods:originInfo><mods:place><mods:placeTerm type="text">London</mods:placeTerm></mods:place><mods:publisher>J. Harrison for J. Bew</mods:publisher><mods:dateIssued>1778</mods:dateIssued><mods:issuance>monographic</mods:issuance></mods:originInfo><mods:physicalDescription><mods:reformattingQuality>access</mods:reformattingQuality><mods:digitalOrigin>reformatted digital</mods:digitalOrigin></mods:physicalDescription><mods:targetAudience authority="marctarget">adult</mods:targetAudience><mods:note type="Content">Published in "The vocal magazine," pages 147 and 148</mods:note><mods:note>First dated printing of the poem "To Anacreon in Heav'n" (no music).</mods:note><mods:note>B1 in Star Spangled Books.</mods:note><mods:subject authority="lcsh"><mods:topic>Drinking songs</mods:topic></mods:subject><mods:classification>M1738.V85 (case)</mods:classification><mods:identifier type="local" displayLabel="IHASDigitalID">100010459</mods:identifier><mods:identifier type="local" displayLabel="IHASMODSID">332</mods:identifier><mods:identifier type="membership">patriotic</mods:identifier><mods:identifier type="index">IHAS</mods:identifier><mods:location><mods:physicalLocation authority="marcorg">DLC</mods:physicalLocation></mods:location><mods:recordInfo><mods:recordContentSource>IHAS</mods:recordContentSource><mods:recordChangeDate encoding="marc">08051314</mods:recordChangeDate><mods:recordIdentifier source="IHAS">loc.natlib.ihas.100010459</mods:recordIdentifier></mods:recordInfo></mods:mods></mets:xmlData></mets:mdWrap></mets:dmdSec><mets:fileSec><mets:fileGrp USE="MASTER"><mets:file MIMETYPE="image/tiff" GROUPID="G1" ID="FN10024"><mets:FLocat LOCTYPE="URL" xlink:href="http://lcweb2.loc.gov/natlib/ihas/warehouse/ssbanner/100010459/0001.tif"/></mets:file><mets:file MIMETYPE="image/tiff" GROUPID="G2" ID="FN10029"><mets:FLocat LOCTYPE="URL" xlink:href="http://lcweb2.loc.gov/natlib/ihas/warehouse/ssbanner/100010459/0002.tif"/></mets:file></mets:fileGrp><mets:fileGrp USE="SERVICE"><mets:file MIMETYPE="image/jpeg" GROUPID="G1" ID="FN10052"><mets:FLocat LOCTYPE="URL" xlink:href="http://lcweb2.loc.gov/natlib/ihas/service/ssbanner/100010459/0001v.jpg"/></mets:file><mets:file MIMETYPE="image/jpeg" GROUPID="G2" ID="FN10070"><mets:FLocat LOCTYPE="URL" xlink:href="http://lcweb2.loc.gov/natlib/ihas/service/ssbanner/100010459/0002v.jpg"/></mets:file></mets:fileGrp></mets:fileSec><mets:structMap><mets:div TYPE="pm:printMaterialObject" DMDID="MODS1"><mets:div TYPE="pm:printMaterial"><mets:div TYPE="pm:page"><mets:fptr FILEID="FN10024"/><mets:fptr FILEID="FN10052"/></mets:div><mets:div TYPE="pm:page"><mets:fptr FILEID="FN10029"/><mets:fptr FILEID="FN10070"/></mets:div></mets:div></mets:div></mets:structMap></mets:mets>