table with row headers in column A and column headers in row 3 (leading dots indicate sub-parts),,,,,
"Table 5.  Nebraska Population Estimates by Sex, Race and Hispanic or Latino Origin:  April 1, 2000 to July 1, 2002",,,,,
"Sex, Race and Hispanic or Latino Origin","July 1, 2002 Population","July 1, 2001 Population","July 1, 2000 Population","April 1, 2000 Population Estimates Base",Ccnsus 2000 Population
TOTAL POPULATION,,,,,
.BOTH SEXES,,,,,
..Total,"1,729,180","1,720,039","1,713,375","1,711,263","1,711,263"
...White alone,"1,594,647","1,589,287","1,586,804","1,585,617","1,585,617"
...Black or African American alone,"72,079","70,892","70,013","70,043","70,043"
...American Indian and Alaska Native alone,"16,280","16,032","15,718","15,634","15,634"
...Asian alone,"26,431","24,841","22,673","22,528","22,528"
...Native Hawaiian and Other Pacific Islander alone,"1,176","1,120","1,046",993,993
..Two or more races,"18,567","17,867","17,121","16,448","16,448"
..Race alone or in combination with one or more races:,,,,,
...White,"1,611,693","1,605,667","1,602,494","1,600,576","1,600,576"
...Black or African American,"80,073","78,437","77,112","76,726","76,726"
...American Indian and Alaska Native,"23,283","22,997","22,668","22,645","22,645"
...Asian,"31,537","29,712","27,245","26,970","26,970"
...Native Hawaiian and Other Pacific Islander,"1,964","1,875","1,758","1,809","1,809"
.MALE,,,,,
..Total,"853,495","848,421","844,521","843,351","843,351"
...White alone,"787,607","784,330","782,366","781,603","781,603"
...Black or African American alone,"35,625","35,029","34,649","34,652","34,652"
...American Indian and Alaska Native alone,"8,005","7,882","7,745","7,714","7,714"
...Asian alone,"12,643","11,943","10,934","10,864","10,864"
...Native Hawaiian and Other Pacific Islander alone,633,605,567,538,538
..Two or more races,"8,982","8,632","8,260","7,980","7,980"
..Race alone or in combination with one or more races:,,,,,
...White,"795,856","792,250","789,936","788,868","788,868"
...Black or African American,"39,521","38,697","38,089","37,921","37,921"
...American Indian and Alaska Native,"11,376","11,229","11,081","11,087","11,087"
...Asian,"15,082","14,273","13,120","13,010","13,010"
...Native Hawaiian and Other Pacific Islander,"1,025",979,924,946,946
.FEMALE,,,,,
..Total,"875,685","871,618","868,854","867,912","867,912"
...White alone,"807,040","804,957","804,438","804,014","804,014"
...Black or African American alone,"36,454","35,863","35,364","35,391","35,391"
...American Indian and Alaska Native alone,"8,275","8,150","7,973","7,920","7,920"
...Asian alone,"13,788","12,898","11,739","11,664","11,664"
...Native Hawaiian and Other Pacific Islander alone,543,515,479,455,455
..Two or more races,"9,585","9,235","8,861","8,468","8,468"
..Race alone or in combination with one or more races:,,,,,
...White,"815,837","813,417","812,558","811,708","811,708"
...Black or African American,"40,552","39,740","39,023","38,805","38,805"
...American Indian and Alaska Native,"11,907","11,768","11,587","11,558","11,558"
...Asian,"16,455","15,439","14,125","13,960","13,960"
...Native Hawaiian and Other Pacific Islander,939,896,834,863,863
NOT HISPANIC OR LATINO ORIGIN,,,,,
.BOTH SEXES,,,,,
..Total,"1,625,600","1,621,049","1,618,214","1,616,838","1,616,838"
...White alone,"1,497,514","1,496,439","1,497,548","1,497,111","1,497,111"
...Black or African American alone,"69,962","68,965","68,266","68,311","68,311"
...American Indian and Alaska Native alone,"14,216","13,970","13,634","13,568","13,568"
...Asian alone,"25,925","24,355","22,205","22,083","22,083"
...Native Hawaiian and Other Pacific Islander alone,826,790,729,685,685
..Two or more races,"17,157","16,530","15,832","15,080","15,080"
..Race alone or in combination with one or more races:,,,,,
...White,"1,513,266","1,511,594","1,512,056","1,510,872","1,510,872"
...Black or African American,"77,428","76,020","74,911","74,524","74,524"
...American Indian and Alaska Native,"20,406","20,145","19,793","19,757","19,757"
...Asian,"30,806","29,015","26,582","26,229","26,229"
...Native Hawaiian and Other Pacific Islander,"1,571","1,511","1,408","1,389","1,389"
.MALE,,,,,
..Total,"797,168","794,492","792,616","791,913","791,913"
...White alone,"734,682","733,634","733,568","733,284","733,284"
...Black or African American alone,"34,488","33,987","33,699","33,713","33,713"
...American Indian and Alaska Native alone,"6,916","6,799","6,651","6,628","6,628"
...Asian alone,"12,394","11,702","10,702","10,644","10,644"
...Native Hawaiian and Other Pacific Islander alone,420,403,373,353,353
..Two or more races,"8,268","7,967","7,623","7,291","7,291"
..Race alone or in combination with one or more races:,,,,,
...White,"742,269","740,936","740,547","739,941","739,941"
...Black or African American,"38,107","37,403","36,907","36,735","36,735"
...American Indian and Alaska Native,"9,898","9,772","9,614","9,608","9,608"
...Asian,"14,717","13,928","12,793","12,644","12,644"
...Native Hawaiian and Other Pacific Islander,793,764,719,707,707
.FEMALE,,,,,
..Total,"828,432","826,557","825,598","824,925","824,925"
...White alone,"762,832","762,805","763,980","763,827","763,827"
...Black or African American alone,"35,474","34,978","34,567","34,598","34,598"
...American Indian and Alaska Native alone,"7,300","7,171","6,983","6,940","6,940"
...Asian alone,"13,531","12,653","11,503","11,439","11,439"
...Native Hawaiian and Other Pacific Islander alone,406,387,356,332,332
..Two or more races,"8,889","8,563","8,209","7,789","7,789"
..Race alone or in combination with one or more races:,,,,,
...White,"770,997","770,658","771,509","770,931","770,931"
...Black or African American,"39,321","38,617","38,004","37,789","37,789"
...American Indian and Alaska Native,"10,508","10,373","10,179","10,149","10,149"
...Asian,"16,089","15,087","13,789","13,585","13,585"
...Native Hawaiian and Other Pacific Islander,778,747,689,682,682
HISPANIC OR LATINO ORIGIN,,,,,
.BOTH SEXES,,,,,
..Total,"103,580","98,990","95,161","94,425","94,425"
...White alone,"97,133","92,848","89,256","88,506","88,506"
...Black or African American alone,"2,117","1,927","1,747","1,732","1,732"
...American Indian and Alaska Native alone,"2,064","2,062","2,084","2,066","2,066"
...Asian alone,506,486,468,445,445
...Native Hawaiian and Other Pacific Islander alone,350,330,317,308,308
..Two or more races,"1,410","1,337","1,289","1,368","1,368"
..Race alone or in combination with one or more races:,,,,,
...White,"98,427","94,073","90,438","89,704","89,704"
...Black or African American,"2,645","2,417","2,201","2,202","2,202"
...American Indian and Alaska Native,"2,877","2,852","2,875","2,888","2,888"
...Asian,731,697,663,741,741
...Native Hawaiian and Other Pacific Islander,393,364,350,420,420
.MALE,,,,,
..Total,"56,327","53,929","51,905","51,438","51,438"
...White alone,"52,925","50,696","48,798","48,319","48,319"
...Black or African American alone,"1,137","1,042",950,939,939
...American Indian and Alaska Native alone,"1,089","1,083","1,094","1,086","1,086"
...Asian alone,249,241,232,220,220
...Native Hawaiian and Other Pacific Islander alone,213,202,194,185,185
..Two or more races,714,665,637,689,689
..Race alone or in combination with one or more races:,,,,,
...White,"53,587","51,314","49,389","48,927","48,927"
...Black or African American,"1,414","1,294","1,182","1,186","1,186"
...American Indian and Alaska Native,"1,478","1,457","1,467","1,479","1,479"
...Asian,365,345,327,366,366
...Native Hawaiian and Other Pacific Islander,232,215,205,239,239
.FEMALE,,,,,
..Total,"47,253","45,061","43,256","42,987","42,987"
...White alone,"44,208","42,152","40,458","40,187","40,187"
...Black or African American alone,980,885,797,793,793
...American Indian and Alaska Native alone,975,979,990,980,980
...Asian alone,257,245,236,225,225
...Native Hawaiian and Other Pacific Islander alone,137,128,123,123,123
..Two or more races,696,672,652,679,679
..Race alone or in combination with one or more races:,,,,,
...White,"44,840","42,759","41,049","40,777","40,777"
...Black or African American,"1,231","1,123","1,019","1,016","1,016"
...American Indian and Alaska Native,"1,399","1,395","1,408","1,409","1,409"
...Asian,366,352,336,375,375
...Native Hawaiian and Other Pacific Islander,161,149,145,181,181
"NOTE: 'In combination' means in combination with one or more other races.  The sum of the five race groups adds to more than the total population because individuals may report more than one race.  The April 1, 2000 Population Estimates Base reflects modifications to the Census 2000 population as documented in the Count Question Resolution program, updates from the Boundary and Annexation Survey, and geographic program revisions.  Dash (-) represents zero or rounds to zero.  Data may not sum to National Estimates, released separately, due to controlled rounding.",,,,,
Suggested Citation:,,,,,
Table ST-EST2002-ASRO-05-31 - State Characteristic Estimates,,,,,
"Source: Population Division, U.S. Census Bureau",,,,,
"Release Date: September 18, 2003",,,,,
