"Table 35.  Imports of Crude Oil and Petroleum Products by PAD District, February 2007",,,,,,,,,,
,,,"     (Thousand Barrels, Except Where Noted)",,,,,,,
Commodity,,,,PAD Districts,,,,,U.S. Totals,
,,,,1,2,3,4,5,Total,Daily Average
"Crude Oila,b",,,,"39,979","43,297","137,900","7,663","24,533","253,372","9,049"
Natural Gas Liquids and LRG's,,,,"2,102","2,949",892,497,125,"6,565",234
,Pentanes Plus,,,0,24,260,0,0,284,10
,Liquefied Petroleum Gases,,,"2,102","2,925",632,497,125,"6,281",224
,,Ethane,,0,0,0,0,0,0,0
,,Ethylene,,0,10,0,0,0,10,0
,,Propane,,"1,642","2,349",0,476,83,"4,550",163
,,Propylene,,174,340,0,0,0,514,18
,,Normal Butane,,286,107,450,21,42,906,32
,,Butylene,,0,11,0,0,0,11,0
,,Isobutane,,0,108,182,0,0,290,10
,,Isobutylene,,0,0,0,0,0,0,0
Other Liquids,,,,"21,868",8,"11,894",0,"3,168","36,938","1,319"
,Other Hydrocarbons/Oxygenates,,,860,1,3,0,171,"1,035",37
,,Other Hydrocarbons/Hydrogen,,0,0,3,0,93,96,3
,,Oxygenates,,860,1,0,0,78,939,34
,, ,Fuel Ethanol,860,1,0,0,78,939,34
,,,MTBE,0,0,0,0,0,0,0
,,,Other Oxygenatesc,0,0,0,0,0,0,0
,Unfinished Oilsa,,,"6,034",0,"11,486",0,"1,722","19,242",687
,,Naphthas and Lighter,,"1,795",0,"2,025",0,266,"4,086",146
,,Kerosene and Light Gas Oils,,0,0,0,0,0,0,0
,,Heavy Gas Oils,,"3,038",0,"6,458",0,"1,456","10,952",391
,,Residuum,,"1,201",0,"3,003",0,0,"4,204",150
,Motor Gasoline Blending Components,,,"14,974",7,405,0,"1,275","16,661",595
,,Reformulated,,"7,411",0,0,0,0,"7,411",265
,,,GTAB,195,0,0,0,0,195,7
,,,RBOB for Blending with Ether,0,0,0,0,0,0,0
,,,RBOB for Blending with Alcohol,"7,216",0,0,0,0,"7,216",258
,,Conventional,,"7,563",7,405,0,"1,275","9,250",330
,,,CBOB for Blending with Alcohol,0,0,0,0,100,100,4
,,,GTAB,710,0,0,0,0,710,25
,,,Other,"6,853",7,405,0,"1,175","8,440",301
,Aviation Gasoline Blending Components,,,0,0,0,0,0,0,0
Finished Petroleum Products,,,,"24,244",568,"10,379",352,"8,273","43,816","1,565"
,Finished Motor Gasoline,,,"7,626",40,"1,177",2,"1,575","10,420",372
,,Reformulated,,0,0,0,0,0,0,0
,,,Reformulated Blended with Ether,0,0,0,0,0,0,0
,,,Reformulated Blended with Alcohol,0,0,0,0,0,0,0
,,,Reformulated (Non-Oxygenated),0,0,0,0,0,0,0
,,Conventional,,"7,626",40,"1,177",2,"1,575","10,420",372
,,,Conventional Blended with Alcohol,0,17,0,0,0,17,1
,,,Conventional Other,"7,626",23,"1,177",2,"1,575","10,403",372
,Finished Aviation Gasoline,,,1,1,0,0,0,2,0
,Kerosene-Type Jet Fuel,,,"2,824",0,7,75,"3,437","6,343",227
,,Bonded Aircraft Fuel,,81,0,0,75,"1,053","1,209",43
,,Other,,"2,743",0,7,0,"2,384","5,134",183
,Kerosene,,,99,0,0,0,0,99,4
,Distillate Fuel Oil,,,"7,027",182,459,174,"1,505","9,347",334
,,15 ppm sulfur and under,,"3,447",55,63,93,"1,077","4,735",169
,,,Bonded,0,0,0,0,27,27,1
,,,Other,"3,447",55,63,93,"1,050","4,708",168
,,Greater than 15 ppm to 500 ppm sulfur,,261,113,0,65,263,702,25
,,,Bonded,0,24,0,0,0,24,1
,,,Other,261,89,0,65,263,678,24
,,Greater than 500 ppm to 2000 ppm sulfur,,"1,937",0,396,16,165,"2,514",90
,,,Bonded,0,0,0,0,0,0,0
,,,Other,"1,937",0,396,16,165,"2,514",90
,,Greater than 2000 ppm,,"1,382",14,0,0,0,"1,396",50
,,,Bonded,0,0,0,0,0,0,0
,,,Other,"1,382",14,0,0,0,"1,396",50
,Residual Fuel Oil,,,"5,238",121,"1,760",0,"1,668","8,787",314
,,Less than 0.31 percent sulfur,,"1,798",0,0,0,66,"1,864",67
,,0.31 to 1.00 percent sulfur,,616,112,721,0,0,"1,449",52
,,Greater than 1.00 percent sulfur,,"2,824",9,"1,039",0,"1,602","5,474",196
,Petrochemical Feedstocks,,,44,112,"6,462",0,0,"6,618",236
,,Naphtha for Petro. Feed. Use,,39,54,"2,941",0,0,"3,034",108
,,Other Oils for Petro. Feed. Use,,5,58,"3,521",0,0,"3,584",128
,Special Naphthas,,,0,26,125,0,0,151,5
,Lubricants,,,41,37,112,0,23,213,8
,Waxes,,,15,1,9,0,1,26,1
,Petroleum Coke (Marketable),,,453,27,268,0,25,773,28
,Asphalt and Road Oil,,,876,15,0,101,39,"1,031",37
,Miscellaneous Products,,,0,6,0,0,0,6,0
Total,,,,"88,193","46,822","161,065","8,512","36,099","340,691","12,168"
