<?xml version="1.0" encoding="UTF-8"?>
<?xml-stylesheet type="text/xsl" href="billres.xsl"?>
<!--<?xml version="1.0" encoding="UTF-8"?>-->
<!--<?xml-stylesheet href="\billres.xsl" type="text/xsl"?>-->
<!--<!DOCTYPE bill PUBLIC "-//US Congress//DTDs/bill v2.8 20020720//EN" "http://thomas.loc.gov/dtd/bill.dtd">-->
<!DOCTYPE bill PUBLIC "-//US Congress//DTDs/bill v2.8 20020720//EN" "http://thomas.loc.gov/dtd/bill.dtd">
<bill bill-stage="Introduced-in-House" dms-id="H2CA37777AA324A9490C31B9C4465CAC2" public-private="public" bill-type="olc"> 
<metadata xmlns:dc="http://purl.org/dc/elements/1.1/">
<dublinCore>
<dc:title>110 HR 2494 IH: To amend title 18, United States Code, to increase from 1 year to 2 years the post-employment restrictions of Members and elected officers of either House of Congress.</dc:title>
<dc:publisher>U.S. House of Representatives</dc:publisher>
<dc:date>2007-05-24</dc:date>
<dc:format>text/xml</dc:format>
<dc:language>EN</dc:language>
<dc:rights>Pursuant to Title 17 Section 105 of the United States Code, this file is not subject to copyright protection and is in the public domain.</dc:rights>
</dublinCore>
</metadata>
<form> 
<distribution-code display="yes">I</distribution-code> 
<congress>110th CONGRESS</congress>
<session>1st Session</session>
<legis-num>H. R. 2494</legis-num> 
<current-chamber>IN THE HOUSE OF REPRESENTATIVES</current-chamber> 
<action> 
<action-date date="20070524">May 24, 2007</action-date> 
<action-desc><sponsor name-id="B001258">Mrs. Boyda of Kansas</sponsor> introduced the following bill; which was referred to the <committee-name committee-id="HJU00">Committee on the Judiciary</committee-name></action-desc>
</action> 
<legis-type>A BILL</legis-type> 
<official-title>To amend title 18, United States Code, to increase from 1 year to 2 years the post-employment restrictions of Members and elected officers of either House of Congress.</official-title> 
</form> 
<legis-body id="HF6EF27F6054448828D10ACDDFDAFF292" style="OLC"> 
<section id="H4F0D3A21398849DD8545581C68961932" section-type="section-one"><enum>1.</enum><header>Extension of post-employment restrictions</header>
<subsection id="H6AC2AFA990AA49CEA2EEF5661D929839"><enum>(a)</enum><header>Extension</header><text><external-xref legal-doc="usc" parsable-cite="usc/18/207">Section 207(e)(1)(A)</external-xref> of title 18, United States Code, is amended by striking <quote>1 year</quote> and inserting <quote>2 years</quote>.</text></subsection>
<subsection id="HC9D782C74CB9448CB454A734CCBA4953"><enum>(b)</enum><header>Effective date</header><text>The amendment made by subsection (a) shall apply to any individual who leaves office (to which the restrictions in <external-xref legal-doc="usc" parsable-cite="usc/18/207">section 207(e)(1)(A)</external-xref> of title 18, United States apply) more than 120 days after the date of the enactment of this Act.</text> </subsection></section> 
</legis-body> 
</bill> 


