<?xml version="1.0" encoding="ISO-8859-1"?>
<metadata>
<idinfo>
<citation>
<citeinfo>
<origin>U.S. Geological Survey (USGS), Coastal and Marine Geology (CMG)</origin>
<pubdate>20090217</pubdate>
<title>
Data of field activity 94023 (H-18-94-RI) in Rhode Island
Block Island Sound from 07/29/1994 to 08/08/1994
</title>
<pubinfo>
<publish>U.S. Geological Survey (USGS), Coastal and Marine Geology (CMG)</publish>
</pubinfo>
<onlink>http://walrus.wr.usgs.gov/infobank/gos/h-18-94-ri.fmeta.xml</onlink>
<onlink>http://walrus.wr.usgs.gov/infobank/h/h1894ri/html/h-18-94-ri.meta.html</onlink>
</citeinfo>
</citation>
<descript>
<abstract>
United States Geological Survey, Woods Hole, Massachusetts.
Chief Scientists: Dave Twichell, Neal Driscoll. Data
(navigation) of field activity 94023 (H-18-94-RI) in Rhode
Island Block Island Sound from 07/29/1994 to 08/08/1994,
http://walrus.wr.usgs.gov/infobank/h/h1894ri/html/h-18-94-ri.meta.html.
</abstract>
<purpose>
These data and information are intended for science
researchers, students from elementary through
college, policy makers, and general public.
</purpose>
<supplinf>

Equipment Used -

navigation                    data directory exists

Publications -

H1894RI  Cruise Report exists at Woods Hole

Similar information is available for thousands
of other USGS/CMG-related Activities.

If known, available are Activity-specific
navigation, gravity, magnetics, bathymetry,
seismic, and sampling data; track maps; and
equipment information; as well as summary
overviews, crew lists, and information
about analog materials.

If available, access to physical samples is
described in the &quot;WR CMG Sample Distribution
Policy&quot; at:
http://walrus.wr.usgs.gov/infobank/programs/html/main/sample-dist-policy.html

Primary access to the USGS/CMG Information
Bank&apos;s digital data, analog data, and
metadata is provided through...
http://walrus.wr.usgs.gov/infobank/

This page accomodates a variety of search
approaches (e.g., by platform, by region,
by scientist, by equipment type, etc.).
</supplinf>
</descript>
<timeperd>
<timeinfo>
<rngdates>
<begdate>19940729</begdate>
<enddate>19940808</enddate>
</rngdates>
</timeinfo>
<current>ground condition</current>
</timeperd>
<status>
<progress>Complete</progress>
<update>As needed</update>
</status>
<spdom>
<bounding>
<westbc>-71.95000</westbc>
<eastbc>-71.65000</eastbc>
<northbc>41.30000</northbc>
<southbc>41.10000</southbc>
</bounding>
</spdom>
<keywords>
<theme>
<themekt>ISO 19115 Topic Category</themekt>
<themekey>geoscientificinformation</themekey>
<themekey>oceans</themekey>
</theme>
<theme>
<themekt>USGS CMG InfoBank</themekt>
<themekey>Marine Geology</themekey>
</theme>
<place>
<placekt>USGS CMG InfoBank</placekt>
<placekey>East Coast</placekey>
<placekey>Long Island Sound</placekey>
<placekey>Middle East Coast</placekey>
<placekey>New York Bight</placekey>
<placekey>North Atlantic Ocean</placekey>
<placekey>Northern Atlantic Ocean</placekey>
<placekey>RI</placekey>
<placekey>Rhode Island</placekey>
<placekey>Rhode Island Block Island Sound</placekey>
<placekey>USA</placekey>
</place>
</keywords>
<accconst>
Physical materials are under controlled on-site access.

If available, access to physical samples is described
in the &quot;WR CMG Sample Distribution Policy&quot; at:
http://walrus.wr.usgs.gov/infobank/programs/html/main/sample-dist-policy.html
</accconst>
<useconst>
Please recognize the U.S. Geological Survey (USGS) as
the source of this information.

Physical materials are under controlled on-site access.

Some USGS information accessed through this means
may be preliminary in nature and presented without
the approval of the Director of the USGS.  This
information is provided with the understanding
that it is not guaranteed to be correct or complete
and conclusions drawn from such information are
the responsibility of the user.

This information is not intended for navigational
purposes.

Any use of trade, firm, or product names is for
descriptive purposes only and does not imply
endorsement by the U.S. Government.
</useconst>
<ptcontac>
<cntinfo>
<cntorgp>
<cntorg>U.S. Geological Survey (USGS), Coastal and Marine Geology (CMG)</cntorg>
<cntper>Clint Steele</cntper>
</cntorgp>
<cntpos>Data Acquisition, Processing, and Storage (DAPS) Group Leader</cntpos>
<cntaddr>
<addrtype>mailing and physical address</addrtype>
<address>USGS, MailStop 999, 345 Middlefield Road</address>
<city>Menlo Park</city>
<state>CA</state>
<postal>94025-3561</postal>
<country>USA</country>
</cntaddr>
<cntvoice>(650) 329-5055</cntvoice>
<cntfax>(650) 329-5190</cntfax>
<cntemail>csteele@usgs.gov</cntemail>
</cntinfo>
</ptcontac>
<browse>
<browsen>http://walrus.wr.usgs.gov/infobank/h/h1894ri/html/h-18-94-ri.nav.gif</browsen>
<browsed>Trackline map of H-18-94-RI</browsed>
<browset>GIF</browset>
</browse>
<datacred>
Dave Twichell (Chief Scientist, USGS Woods Hole);
Neal Driscoll (Chief Scientist, LDEO);
Mathew Hawkins (Captain, Cape Henlopen);
Barry Irwin (Unspecified, USGS Woods Hole);
Dave Nichols (Unspecified, USGS Woods Hole);
Eric Schmuck (Unspecified, USGS Woods Hole);
Elizabeth Elliot (Unspecified, Wesleyan);
Parker Hackett (Unspecified, UVM);
Barbara Hecker (Unspecified, HEC);
John Ladd (Unspecified, HHM);
Earl Young (Unspecified, WHOI)
</datacred>
<native>Digital, ASCII</native>
<crossref>
<citeinfo>
<origin>U.S. Geological Survey (USGS), Coastal and Marine Geology (CMG)</origin>
<pubdate>Unknown</pubdate>
<title>USGS/CMG Information Bank</title>
<pubinfo>
<publish>U.S. Geological Survey (USGS), Coastal and Marine Geology (CMG)</publish>
</pubinfo>
<othercit>Updated daily</othercit>
<othercit>H1894RI  Cruise Report exists at Woods Hole</othercit>
<onlink>http://walrus.wr.usgs.gov/infobank/</onlink>
</citeinfo>
</crossref>
</idinfo>
<dataqual>
<attracc>
<attraccr>Identified as best available version.</attraccr>
</attracc>
<logic>Unspecified</logic>
<complete>
Start and end date/times of data
&gt;Navigation Data (h-18-94-ri.050 [SINS])
&gt;YYYYMMDDHHMMSST    YYYYMMDDHHMMSST
&gt;199401010101000    199401050101000
&gt;YYYYMMDDHHMMSST    YYYYMMDDHHMMSST
</complete>
<posacc>
<horizpa>
<horizpar>Unspecified</horizpar>
</horizpa>
<vertacc>
<vertaccr>Unspecified</vertaccr>
</vertacc>
</posacc>
<lineage>
<procstep>
<procdesc>
Navigation Data
Unknown
</procdesc>
<procdate>20060306</procdate>
<proccont>
<cntinfo>
<cntorgp>
<cntorg>U.S. Geological Survey (USGS), Coastal and Marine Geology (CMG)</cntorg>
<cntper>Clint Steele</cntper>
</cntorgp>
<cntpos>Data Acquisition, Processing, and Storage (DAPS) Group Leader</cntpos>
<cntaddr>
<addrtype>mailing and physical address</addrtype>
<address>USGS, MailStop 999, 345 Middlefield Road</address>
<city>Menlo Park</city>
<state>CA</state>
<postal>94025-3561</postal>
<country>USA</country>
</cntaddr>
<cntvoice>(650) 329-5055</cntvoice>
<cntfax>(650) 329-5190</cntfax>
<cntemail>csteele@usgs.gov</cntemail>
</cntinfo>
</proccont>
</procstep>
</lineage>
</dataqual>
<spdoinfo>
<indspref>Rhode Island Block Island Sound</indspref>
<direct>Point</direct>
<ptvctinf>
<sdtsterm>
<sdtstype>Point</sdtstype>
</sdtsterm>
</ptvctinf>
</spdoinfo>
<spref>
<horizsys>
<geograph>
<latres>0.00001</latres>
<longres>0.00001</longres>
<geogunit>Decimal degrees</geogunit>
</geograph>
<geodetic>
<horizdn>North American Datum of 1983</horizdn>
<ellips>Geodetic Reference System 80</ellips>
<semiaxis>6378137</semiaxis>
<denflat>298.257</denflat>
</geodetic>
</horizsys>
<vertdef>
<depthsys>
<depthdn>Local surface</depthdn>
<depthres>0.1</depthres>
<depthdu>meters</depthdu>
<depthem>Attribute values</depthem>
</depthsys>
</vertdef>
</spref>
<eainfo>
<overview>
<eaover>Navigation with Time Stamp</eaover>
<eadetcit>
Integrated navigation (SINS) data
&gt;Mnemonic:       (Year, DayOfYear, UTCHour, Min, Sec, Tenths, Latitude, Longitude)
&gt;FORTRAN format: (i4.4, i3.3, 3i2.2, i1.1, t16, f9.5, t26, f10.5)
&gt;C format:       (%4.4i%3.3i%2.2i%2.2i%2.2i%1.1i %9.5f %10.5f\n)
&gt;Naming:         .050
</eadetcit>
</overview>
</eainfo>
<distinfo>
<distrib>
<cntinfo>
<cntorgp>
<cntorg>U.S. Geological Survey (USGS), Coastal and Marine Geology (CMG)</cntorg>
<cntper>Clint Steele</cntper>
</cntorgp>
<cntpos>Data Acquisition, Processing, and Storage (DAPS) Group Leader</cntpos>
<cntaddr>
<addrtype>mailing and physical address</addrtype>
<address>USGS, MailStop 999, 345 Middlefield Road</address>
<city>Menlo Park</city>
<state>CA</state>
<postal>94025-3561</postal>
<country>USA</country>
</cntaddr>
<cntvoice>(650) 329-5055</cntvoice>
<cntfax>(650) 329-5190</cntfax>
<cntemail>csteele@usgs.gov</cntemail>
</cntinfo>
</distrib>
<resdesc>Downloadable Data 94023 (H-18-94-RI) data set</resdesc>
<distliab>
Please recognize the U.S. Geological Survey (USGS) as
the source of this information.

Physical materials are under controlled on-site access.

Some USGS information accessed through this means
may be preliminary in nature and presented without
the approval of the Director of the USGS.  This
information is provided with the understanding
that it is not guaranteed to be correct or complete
and conclusions drawn from such information are
the responsibility of the user.

This information is not intended for navigational
purposes.

Any use of trade, firm, or product names is for
descriptive purposes only and does not imply
endorsement by the U.S. Government.
</distliab>
<stdorder>
<digform>
<digtinfo>
<formname>ASCII</formname>
<filedec>No compression applied</filedec>
<transize>0.1</transize>
</digtinfo>
<digtopt>
<onlinopt>
<computer>
<networka>
<networkr>http://walrus.wr.usgs.gov/infobank/h/h1894ri/html/h-18-94-ri.nav.html</networkr>
</networka>
</computer>
</onlinopt>
</digtopt>
</digform>
<fees>None</fees>
</stdorder>
</distinfo>
<metainfo>
<metd>20090217</metd>
<metc>
<cntinfo>
<cntorgp>
<cntorg>U.S. Geological Survey (USGS), Coastal and Marine Geology (CMG)</cntorg>
<cntper>Clint Steele</cntper>
</cntorgp>
<cntpos>Data Acquisition, Processing, and Storage (DAPS) Group Leader</cntpos>
<cntaddr>
<addrtype>mailing and physical address</addrtype>
<address>USGS, MailStop 999, 345 Middlefield Road</address>
<city>Menlo Park</city>
<state>CA</state>
<postal>94025-3561</postal>
<country>USA</country>
</cntaddr>
<cntvoice>(650) 329-5055</cntvoice>
<cntfax>(650) 329-5190</cntfax>
<cntemail>csteele@usgs.gov</cntemail>
</cntinfo>
</metc>
<metstdn>FGDC Content Standards for Digital Geospatial Metadata</metstdn>
<metstdv>FGDC-STD-001-1998</metstdv>
<mettc>universal time</mettc>
<metac>none</metac>
<metuc>none</metuc>
</metainfo>
</metadata>
