<?xml version="1.0" encoding="UTF-8"?>
<?xml-stylesheet type="text/xsl" href="billres.xsl"?>
<!--<?xml version="1.0"?>-->
<!--<!DOCTYPE resolution PUBLIC "-//US Congress//DTDs/res.dtd//EN" "C:\Program Files\Corel\rules\res.dtd" []>-->
<!DOCTYPE resolution PUBLIC "-//US Congress//DTDs/res v2.8 20020720//EN" "http://thomas.loc.gov/dtd/res.dtd">
<resolution dms-id="HD9214B6F90214C4A8E65EE9EB5B69B4E" key="H" public-private="public" resolution-stage="Introduced-in-House" resolution-type="house-concurrent" star-print="no-star-print">
<metadata xmlns:dc="http://purl.org/dc/elements/1.1/">
<dublinCore>
<dc:title>110 HCON 51 IH: Supporting the goals and ideals of National
</dc:title>
<dc:publisher>U.S. House of Representatives</dc:publisher>
<dc:date>2007-01-31</dc:date>
<dc:format>text/xml</dc:format>
<dc:language>EN</dc:language>
<dc:rights>Pursuant to Title 17 Section 105 of the United States Code, this file is not subject to copyright protection and is in the public domain.</dc:rights>
</dublinCore>
</metadata>
	<form>
		<distribution-code display="yes">IV</distribution-code>
		<congress display="yes">110th CONGRESS</congress>
		<session display="yes">1st Session</session>
		<legis-num>H. CON. RES. 51</legis-num>
		<current-chamber>IN THE HOUSE OF REPRESENTATIVES</current-chamber>
		<action display="yes">
			<action-date date="20070131">January 31, 2007</action-date>
			<action-desc><sponsor name-id="M000714">Ms.
			 Millender-McDonald</sponsor> submitted the following concurrent resolution;
			 which was referred to the <committee-name committee-id="HIF00">Committee on
			 Energy and Commerce</committee-name></action-desc>
		</action>
		<legis-type>CONCURRENT RESOLUTION</legis-type>
		<official-title display="yes">Supporting the goals and ideals of National
		  Wear Red Day.</official-title>
	</form>
	<preamble>
		<whereas><text>Whereas heart disease is the leading cause of death for
			 women in the United States;</text>
		</whereas><whereas><text>Whereas it is estimated that 42.1 million American women
			 have 1 or more types of heart disease, including high blood pressure, coronary
			 heart disease, congestive heart failure, stroke, and congenital heart
			 defects;</text>
		</whereas><whereas><text>Whereas extensive clinical and statistical studies have
			 identified major and contributing factors that increase the risk of heart
			 disease;</text>
		</whereas><whereas><text>Whereas these studies have identified the following as
			 major risk factors that cannot be changed: age (the risk of developing heart
			 disease gradually increases as people age; advanced age significantly increases
			 the risk); gender (women’s risk rises sharply after menopause; each year more
			 women than men have a stroke); and heredity (children of parents with heart
			 disease are more likely to develop it themselves; African Americans have more
			 severe high blood pressure than Caucasians and therefore are at higher risk;
			 the risk is also higher among Latina Americans, some Asian Americans, and
			 Native Americans and other indigenous populations);</text>
		</whereas><whereas><text>Whereas these studies have identified the following as
			 major risk factors that American women can modify, treat or control by changing
			 their lifestyle or seeking appropriate medical treatment: high blood pressure,
			 high blood cholesterol, smoking tobacco products and exposure to tobacco smoke,
			 physical inactivity, obesity, and diabetes mellitus;</text>
		</whereas><whereas><text>Whereas these studies have identified the following as
			 contributing risk factors that American women can also take action to modify,
			 treat or control by changing their lifestyle or seeking appropriate medical
			 treatment: individual response to stress, excessive consumption of alcoholic
			 beverages, use of certain illegal drugs, and hormone replacement
			 therapy;</text>
		</whereas><whereas><text>Whereas more than 39 million American women have high
			 blood pressure;</text>
		</whereas><whereas><text>Whereas more than 19.7 million America women have
			 cholesterol levels in excess of 240 mg/dL, the level at which it becomes a
			 major risk factor;</text>
		</whereas><whereas><text>Whereas an estimated 21 million American women put
			 themselves at risk for heart disease every day by smoking cigarettes;</text>
		</whereas><whereas><text>Whereas data released by the Centers for Disease Control
			 and Prevention shows that more than 60 percent of American adults do not get
			 enough physical activity, and more than 25 percent are not physically active at
			 all;</text>
		</whereas><whereas><text>Whereas 62 percent of Americans women are overweight or
			 obese;</text>
		</whereas><whereas><text>Whereas it is estimated that more than 10 million American
			 women have diabetes and that 65 percent of those so afflicted will die of some
			 form of heart disease;</text>
		</whereas><whereas><text>Whereas the American Heart Association projects that in
			 2007 485,000 American women will have a first or recurrent heart attack and
			 that 45 percent of these women will die as a result;</text>
		</whereas><whereas><text>Whereas 35 percent of American women who suffer a heart
			 attack in 2007 will suffer a recurrent attack within 6 years;</text>
		</whereas><whereas><text>Whereas 38 percent of American women who suffer their
			 first heart attack in 2007 will die within 1 year;</text>
		</whereas><whereas><text>Whereas in 2007 approximately 374,000 American women will
			 suffer a new or recurrent stroke and 92,000 of these women will die as a
			 result;</text>
		</whereas><whereas><text>Whereas advances in medical research have significantly
			 improved the capacity of American women to fight heart disease by providing
			 greater knowledge about its causes, innovative diagnostic tools to detect the
			 disease, and new and improved treatments that help people survive and recover
			 from this disease;</text>
		</whereas><whereas><text>Whereas National Wear Red Day is sponsored by the National
			 Heart, Lung, and Blood Institute, part of the National Institutes of Health of
			 the Department of Health and Human Services, as an annual event held on the
			 first Friday in February to increase awareness among American women about their
			 risk of heart disease; and</text>
		</whereas><whereas><text>Whereas National Wear Red Day 2007 will be observed on
			 Friday, February 2, 2007: Now, therefore, be it</text>
		</whereas></preamble>
	<resolution-body id="H2D375E9056CE4C7DB99D1B12B67E02E9" style="traditional">
		<section display-inline="yes-display-inline" id="H24A6BA3899FA44639F49CFCDC4B4ACAA" section-type="undesignated-section"><enum></enum><text>That the Congress—</text>
			<paragraph id="H78170FF8E3F9466D9CE5B03387218F17"><enum>(1)</enum><text display-inline="yes-display-inline">supports the goals and ideals of National
			 Wear Red Day;</text>
			</paragraph><paragraph id="H02DC90ACD7904797BCB97442A00075A2"><enum>(2)</enum><text display-inline="yes-display-inline">encourages Americans nationwide to take
			 women's health to heart by wearing red on National Wear Red Day 2007 to show
			 their support for women's heart disease awareness;</text>
			</paragraph><paragraph id="HF23F9EF233264BBC83D1F7B0E6C321A1"><enum>(3)</enum><text>encourages
			 Americans nationwide to support The Heart Truth, the national awareness
			 campaign designed by the National Heart, Lung, and Blood Institute to alert
			 women about their risk for heart disease;</text>
			</paragraph><paragraph id="H0627E6B05FB34D0DB047442C18B38F30"><enum>(4)</enum><text>encourages all
			 American women, especially women ages 40 to 60, the time when a woman's risk of
			 heart disease starts to rise, to embrace the goals of The Heart Truth campaign
			 and take action to modify, prevent, and control their risk factors for heart
			 disease;</text>
			</paragraph><paragraph id="HF0B579F4F41D4AF99BAC62E1BAE263A5"><enum>(5)</enum><text>encourages all
			 Americans, men and women alike, to take to heart the 4 simple healthy life,
			 healthy heart goals identified by the HealthierUS Initiative of the Department
			 of Health and Human Services: exercise regularly and maintain a healthy weight;
			 develop good eating habits; avoid tobacco products, drugs and excessive
			 alcohol; and have regular medical checkups to take advantage of screenings that
			 can detect heart-disease related problems early;</text>
			</paragraph><paragraph id="H0AA0278D73D34F398B30E91ED503695D"><enum>(6)</enum><text>recognizes and
			 reaffirms our Nation’s commitment to fighting heart disease by promoting
			 awareness about its causes, risks, and prevention and by promoting new
			 education programs, supporting research, and expanding access to medical
			 treatment; and</text>
			</paragraph><paragraph id="H4321180206EE440EB3E5C57200302101"><enum>(7)</enum><text>recognizes all
			 Americans battling heart disease, expresses gratitude to their family members
			 and friends who are a source of love and encouragement as they combat this
			 disease, and salutes the health care professionals and medical researchers who
			 provide assistance to those so afflicted and continue to work to find cures and
			 improve treatments.</text>
			</paragraph></section></resolution-body>
</resolution>


