<?xml version="1.0" encoding="UTF-8"?>
<?xml-stylesheet type="text/xsl" href="billres.xsl"?>
<!--<?xml version="1.0"?>-->
<!--<!DOCTYPE resolution PUBLIC "-//US Congress//DTDs/res.dtd//EN" "C:\Program Files\Blast Radius\rules\res.dtd" []>-->
<!DOCTYPE resolution PUBLIC "-//US Congress//DTDs/res v2.8 20020720//EN" "http://thomas.loc.gov/dtd/res.dtd">
<resolution dms-id="HDEC6919B78B445369318EFF200C877EB" key="H" public-private="public" resolution-stage="Introduced-in-House" resolution-type="house-concurrent" star-print="no-star-print">
<metadata xmlns:dc="http://purl.org/dc/elements/1.1/">
<dublinCore>
<dc:title>110 HCON 324 IH: Expressing the sense of Congress relating
</dc:title>
<dc:publisher>U.S. House of Representatives</dc:publisher>
<dc:date>2008-04-08</dc:date>
<dc:format>text/xml</dc:format>
<dc:language>EN</dc:language>
<dc:rights>Pursuant to Title 17 Section 105 of the United States Code, this file is not subject to copyright protection and is in the public domain.</dc:rights>
</dublinCore>
</metadata>
	<form>
		<distribution-code display="yes">IV</distribution-code>
		<congress display="yes">110th CONGRESS</congress>
		<session display="yes">2d Session</session>
		<legis-num>H. CON. RES. 324</legis-num>
		<current-chamber>IN THE HOUSE OF REPRESENTATIVES</current-chamber>
		<action display="yes">
			<action-date date="20080408">April 8, 2008</action-date>
			<action-desc><sponsor name-id="K000009">Ms. Kaptur</sponsor> (for
			 herself and <cosponsor name-id="K000172">Mr. Kildee</cosponsor>) submitted the
			 following concurrent resolution; which was referred to the
			 <committee-name committee-id="HWM00">Committee on Ways and
			 Means</committee-name></action-desc>
		</action>
		<legis-type>CONCURRENT RESOLUTION</legis-type>
		<official-title display="yes">Expressing the sense of Congress relating
		  to the trade promotion agreement between the United States and
		  Colombia.</official-title>
	</form>
	<resolution-body id="H0D153F2B25064DF49922296FAA41A4DB" style="traditional">
		<section display-inline="yes-display-inline" id="HAC8ABC9B6FE84046B9F3DD02B660083B" section-type="undesignated-section"><enum></enum><text>That it is the sense of Congress that
			 Congress should not approve the trade promotion agreement between the United
			 States and Colombia signed on November 22, 2006.</text>
		</section></resolution-body>
</resolution>


