<?xml version="1.0" encoding="UTF-8"?>
<?xml-stylesheet type="text/xsl" href="billres.xsl"?>
<!--<?xml version="1.0" encoding="UTF-8"?>-->
<!--<?xml-stylesheet href="\billres.xsl" type="text/xsl"?>-->
<!--<!DOCTYPE bill PUBLIC "-//US Congress//DTDs/bill v2.8 20020720//EN" "http://xml.house.gov/bill.dtd">-->
<!DOCTYPE bill PUBLIC "-//US Congress//DTDs/bill v2.8 20020720//EN" "http://thomas.loc.gov/dtd/bill.dtd">
<bill bill-stage="Introduced-in-House" dms-id="H1E1A2B634AA24EA784CCE29148389374" public-private="public" bill-type="olc"> 
<metadata xmlns:dc="http://purl.org/dc/elements/1.1/">
<dublinCore>
<dc:title>109 HR 4714 IH: Phone Records Protection Act of 2006</dc:title>
<dc:publisher>U.S. House of Representatives</dc:publisher>
<dc:date>2006-02-08</dc:date>
<dc:format>text/xml</dc:format>
<dc:language>EN</dc:language>
<dc:rights>Pursuant to Title 17 Section 105 of the United States Code, this file is not subject to copyright protection and is in the public domain.</dc:rights>
</dublinCore>
</metadata>
<form> 
<distribution-code display="yes">I</distribution-code> 
<congress>109th CONGRESS</congress>
<session>2d Session</session>
<legis-num>H. R. 4714</legis-num> 
<current-chamber>IN THE HOUSE OF REPRESENTATIVES</current-chamber> 
<action> 
<action-date date="20060208">February 8, 2006</action-date> 
<action-desc><sponsor name-id="B000652">Mr. Boswell</sponsor> introduced the following bill; which was referred to the <committee-name committee-id="HJU00">Committee on the Judiciary</committee-name></action-desc>
</action> 
<legis-type>A BILL</legis-type> 
<official-title>To make the sale or fraudulent transfer of telephone records a criminal offense.</official-title> 
</form> 
<legis-body id="H0B246089E1854819A549FAF35DE71F6E" style="OLC"> 
<section id="H6DD1F06FBF42407288CB751ED4FB5400" section-type="section-one" display-inline="no-display-inline"><enum>1.</enum><header>Short title</header><text display-inline="no-display-inline">This Act may be cited as the <quote><short-title>Phone Records Protection Act of 2006</short-title></quote>.</text></section> 
<section id="HEA164CFAF7DD4CA1BBDFCAAFB5004C35"><enum>2.</enum><header>Prohibition on sale or transfer of telephone records</header> 
<subsection id="H71A9D04EBC824AB3A2007615E518B159"><enum>(a)</enum><header>In general</header><text>Title 18, United States Code, is amended by inserting after chapter 123 the following new chapter:</text> 
<quoted-block id="HD7D0F0C3162545369D86AA78C48BF7F8" style="USC"> 
<chapter id="H0FA208E707D940798E000839C3020522"><enum>124</enum><header>Telephone records</header> 
<toc regeneration="no-regeneration"> 
<toc-entry level="section">Sec.</toc-entry> 
<toc-entry level="section">2801. Prohibition on sale or transfer of telephone records.</toc-entry></toc> 
<section id="HE5A61422576B46A189A1F2EB2CFF73C"><enum>2801.</enum><header>Prohibition on sale or transfer of telephone records</header> 
<subsection id="H00593136E37745018F22ABCBC70053EB"><enum>(a)</enum><header>Criminal violation</header><text display-inline="yes-display-inline">Whoever knowingly and intentionally sells or fraudulently transfers or uses, or attempts to sell or fraudulently transfer or use, the records of a customer of a telephone service provider shall be fined in accordance with this title, imprisoned for not more than 10 years, or both.</text></subsection> 
<subsection id="HE9348800E0524C7C926567B986E4FB10"><enum>(b)</enum><header>Nonapplicability to law enforcement agencies</header><text>Subsection (a) shall not prevent any action by a law enforcement agency, or any officer, employee, or agent of such agency, to obtain the records of a customer of a telephone service provider in connection with the performance of the official duties of the agency.</text></subsection> 
<subsection id="H524EF6170574486FBAC723483694CA71"><enum>(c)</enum><header>Exception for law enforcement requests</header><text>A telephone service provider, or any employee thereof, shall not be in violation of subsection (a) if such provider, upon request, transfers or otherwise provides to a law enforcement agency, or any officer, employee, or agent of such agency the records of a customer of such provider.</text></subsection> 
<subsection id="H22FDD54D47834558966B03BE159BFDA3"><enum>(d)</enum><header>Definitions</header><text>In this section:</text> 
<paragraph id="HAE301127003549DC99F78195EAEA6CBC"><enum>(1)</enum><header>Records of a customer</header><text>The term <quote>records of a customer</quote> means any data or information associated with an individual contained in a database, networked or integrated databases, or other data system of a telephone service provider.</text></paragraph> 
<paragraph id="HCAF941BF67864053B4F3151BC83ECE00"><enum>(2)</enum><header>Telephone service</header><text>The term <quote>telephone service</quote>—</text> 
<subparagraph id="H33F53C41947C45D9A2686C1BD57C973B"><enum>(A)</enum><text>has the same meaning given the term <quote>telecommunications service</quote> in section 3 of the Communications Act of 1934 (<external-xref legal-doc="usc" parsable-cite="usc/47/153">47 U.S.C. 153</external-xref>); and</text></subparagraph> 
<subparagraph id="H6FCB737BB43148F7928D66C700B4BDEB"><enum>(B)</enum><text>includes any form of wireless telephone service, including—</text> 
<clause id="H0C7902D06F194FE68FA34D54E521C00"><enum>(i)</enum><text>cellular telephone service;</text></clause> 
<clause id="H7CE4DC9818AF4538AAC3171173000054"><enum>(ii)</enum><text>broadband Personal Communication Service (<quote>PCS</quote>) telephone service;</text></clause> 
<clause id="H93CA35F8E87C42C6A582DC8D716FB08F"><enum>(iii)</enum><text>Covered Specialized Mobile Radio (<quote>SMR</quote>) service; and</text></clause> 
<clause id="H5AFE0B570A984BDFAA733BDDB2E3588D"><enum>(iv)</enum><text>any successor service to such service (including so-called next generation or third generation service).</text></clause></subparagraph></paragraph> 
<paragraph id="HABF341543106410CBF69374DB16182F0"><enum>(3)</enum><header>Telephone service provider</header><text>The term <quote>telephone service provider</quote> has the same meaning given the term <quote>telecommunications carrier</quote> in section 3 of the Communications Act of 1934 (<external-xref legal-doc="usc" parsable-cite="usc/47/153">47 U.S.C. 153</external-xref>).</text></paragraph></subsection></section></chapter><after-quoted-block>.</after-quoted-block></quoted-block></subsection> 
<subsection id="HCF63FA19A8AF414EB881DC60D396A91E"><enum>(b)</enum><header>Amendment to part analysis</header><text>The table of chapters at the beginning of part I of title 18, United States Code, is amended by inserting after the item relating to chapter 123 the following new item:</text> 
<quoted-block style="USC" id="H5D2B116C3AA44CD7B25F4651E5443C90" display-inline="no-display-inline">
<toc regeneration="no-regeneration">
<multi-column-toc-entry level="section" bold="on"><toc-enum>124.</toc-enum><level-header level="section" bold="on">Prohibition on sale of telephone records</level-header><target>2801</target></multi-column-toc-entry></toc><after-quoted-block>.</after-quoted-block></quoted-block></subsection></section> 
</legis-body> 
</bill> 

