<?xml version = '1.0' encoding = 'UTF-8'?>
<VOEvent xmlns:xlink="http://www.w3.org/1999/xlink" xmlns="http://www.ivoa.net/xml/VOEvent/v1.1" xmlns:schemaLocation=" http://www.ivoa/net/xml/STC/stc-v1.30.xsd http://hea-www.harvard.edu/~arots/nvometa/v1.30/stc-v1.30.xsd http://www.ivoa.net/xml/VOEvent/v1.1 http://www.ivoa.net/internal/IVOA/IvoaVOEvent/VOEvent-v1.1.xsd" role="observation" xmlns:stc="http://www.ivoa.net/xml/STC/stc-v1.30.xsd" version="1.0" id="ivo://talons.lanl/gcn.gsfc#swift/20441561a" xmlns:xsi="http://www.w3.org/2001/XMLSchema-instance" >
 <Citations>
  <EventID cite="followup" >ivo://talons.lanl/gcn.gsfc#swift/20441563</EventID>
  <EventID cite="supersedes" >ivo://talons.lanl/gcn.gsfc#swift/20441561</EventID>
 </Citations>
 <Who>
  <PublisherID>ivo://gcn.gsfc/swift/</PublisherID>
  <Date>2006-04-08T07:34:24</Date>
 </Who>
 <What>
  <Param value="61" name="PACKET_TYPE" />
  <Param value="204415" name="TRIG_NO" />
  <Param value="13833" name="BURST_TJD" />
  <Param value="47742.871" name="BURST_SOD" />
  <Group name="Burst Alert Telescope Trigger Details" >
   <Param unit="events" value="0" name="burst fluence" />
   <Param unit="counts" value="1248" name="burst ipeak" />
   <Param unit="msec" value="16000" name="integration time" />
   <Param unit="centi-sigma" value="562" name="image significance (sig/noise)" />
   <Param unit="centi-sigma" value="0" name="rate significance (sig/noise)" />
   <Param unit="counts" value="0" name="background fluence" />
   <Param unit="centi-secs" value="-1.12" name="background start" />
   <Param unit="centi-secs" value="0.00" name="background duration" />
  </Group>
 </What>
 <WhereWhen>
  <stc:ObsDataLocation>
   <stc:ObservatoryLocation id="CenterOfTheEarth" />
   <stc:ObservationLocation>
    <stc:AstroCoordSystem id="FK5-UTC-TOPO" />
    <stc:AstroCoords coord_system_id="FK5-UTC-TOPO" >
     <stc:Time unit="s" >
      <stc:TimeInstant>
       <stc:ISOTime>2006-04-08T13:15:42</stc:ISOTime>
      </stc:TimeInstant>
     </stc:Time>
     <stc:Position2D unit="deg" >
      <stc:Value2>
       <stc:C1>278.9420</stc:C1>
       <stc:C2>-33.1189</stc:C2>
      </stc:Value2>
      <stc:Error2Radius>0.0500</stc:Error2Radius>
     </stc:Position2D>
    </stc:AstroCoords>
   </stc:ObservationLocation>
  </stc:ObsDataLocation>
 </WhereWhen>
 <How>
  <Description>Swift Satellite</Description>
  <Reference uri="http://swift.gsfc.nasa.gov/docs/swift/swiftsc.html" type="url" />
 </How>
 <Why importance="0.0" >
  <Inference probability="0.0" >
   <Concept></Concept>
   <Name></Name>
  </Inference>
 </Why>
 <Description>
		Ground generated alert
		Target is point source
		Target is of interest
		Target is NOT in catalog
		Target was image triggered
	</Description>
</VOEvent>
