"Table 12.  U.S. Petroleum Balance Sheet, Week Ending 06/17/2005",,,,,,,,,,,,
,,,,,,,   Cumulative,,,,,
,,,,       Week,,, Daily Averages,,,,,
Petroleum Supply,,,,      Ending,,,     167 Days,,,,,
(Thousand Barrels per Day),,,,06/17/05,06/10/05,Diff,2005,2004,Diff,,,
------------------------------------------------------------------------------------,,,,,,,,,,,,
Crude Oil Production,,,,,,,,,,,,
Domestic Production (1),,,,"5,541","5,542",-1,"5,471","5,587",-116,,,
Net Imports (Incl SPR) (2),,,,"10,160","10,600",-440,"10,122","9,854",268,,,
 ,Gross Imports (Excl SPR),,,"10,177","10,617",-440,"10,147","9,879",268,,,
 ,SPR Imports,,,0,0,0,0,0,0,,,
 ,Exports,,,17,17,0,25,25,0,,,
SPR Stocks W/D or Added ,,,,-90,-142,52,-123,-140,17,,,
Other Stocks W/D or Added ,,,,226,255,-29,-256,-204,-52,,,
Product Supplied and Losses,,,,0,0,0,0,0,0,,,
Unaccounted-for Crude Oil (3),,,,118,87,31,183,176,7,,,
,,,,,,,,,
Crude Oil Input to Refineries,,,,"15,955","16,341",-386,"15,396","15,273",123
,,,,,,,,,
Other Supply,,,,,,,,,
Natural Gas Liquids Prod. (4),,,,"2,082","2,082",0,"2,141","2,263",-122
Other Liquids New Supply,,,,213,213,0,131,-43,174
Crude Oil Product Supplied,,,,0,0,0,0,0,0
Processing Gain,,,,"1,043","1,069",-26,"1,010","1,023",-13
Net Product Imports (5),,,,"1,817","1,952",-135,"1,916","1,727",189
 ,Gross Product Imports (5),,,"2,957","3,092",-135,"3,003","2,712",291
 ,Product Exports (5),,,"1,140","1,140",0,"1,087",985,102
Prod Stocks W/D or Added (6)(7),,,,-640,-658,18,-31,61,-92
,,,,,,,,,
Total Prod Supplied for Domestic Use,,,,"20,471","20,998",-527,"20,563","20,304",259
,,,,,,,,,
Products Supplied,,,,,,,,,
Finished Motor Gasoline (4),,,,"9,313","9,528",-215,"9,059","8,950",109,,,,
Kerosene-Type Jet Fuel,,,,"1,691","1,705",-14,"1,619","1,579",40,,,,
Distillate Fuel Oil,,,,"4,010","4,206",-196,"4,195","4,115",80,,,,
Residual Fuel Oil,,,,866,628,238,871,800,71,,,,
Propane/Propylene,,,,"1,134",831,303,"1,309","1,324",-15,,,,
Other Oils (8),,,,"3,456","4,101",-645,"3,510","3,536",-26,,,,
,,,,,,,,,,,,,
Total Products Supplied,,,,"20,471","20,998",-527,"20,563","20,304",259,,,,
,,,,,,,,,,,,,
Total Net Imports,,,,"11,977","12,552",-575,"12,038","11,581",457,,,,
------------------------------------------------------------------------------------,,,,,,,,,,,,,
Petroleum Stocks,,,,,,,, Difference fr ,,,,,
(Million Barrels),,,,06/17/05,06/10/05,06/17/04,, Week , Yr Ago ,,,,
------------------------------------------------------------------------------------,,,,,,,,,,,,,
Crude Oil (Excluding SPR) (9),,,,327.4,329.0,303.2,,-1.6,24.2,,,,
Total Motor Gasoline,,,,215.9,215.7,206.7,,0.2,9.2,,,,
,Reformulated,,,25.2,25.0,23.7,,0.2,1.5
,Conventional,,,115.3,116.2,115.7,,-0.9,-0.4
,Blending Components,,,75.5,74.6,67.4,,0.9,8.1
Kerosene-Type Jet Fuel,,,,42.1,41.0,38.5,,1.1,3.6
Distillate Fuel Oil (7),,,,111.5,110.2,110.7,,1.3,0.8
,15 ppm and Under ,,,1.0,1.0,1.5,,0.0,-0.5
,> 15 ppm sulfur to 500 ppm,,,68.4,68.7,69.0,,-0.3,-0.6
,> 500 ppm sulfur ,,,42.2,40.4,40.1,,1.8,2.1
Residual Fuel Oil,,,,36.3,36.8,36.9,,-0.5,-0.6
Propane/Propylene,,,,47.0,46.1,39.3,,0.9,7.7
Unfinished Oils,,,,86.0,85.7,91.3,,0.3,-5.3
Other Oils (10),,,,138.0,137.0,127.1,,1.0,10.9
,,,,,,,,,
Total Stocks (Excl SPR) (7),,,,"1,004.3","1,001.4",953.5,,2.9,50.8
Crude Oil in SPR (11),,,,695.6,694.9,661.9,,0.7,33.7
Total Stocks (Incl SPR) (7),,,,"1,699.8","1,696.3","1,615.4",,3.5,84.4
,,,,,,,,,
1,,Includes lease condensate.,,,,,,,
2,,Net Imports = Gross Imports (line 3) + Strategic Petroleum Reserve (SPR) ,,,,,,,
,,Imports (line 4) - Exports (line 5).,,,,,,,
3,,Unaccounted-for Crude Oil is a balancing item. See Glossary for further ,,,,,,,
,,explanation.,,,,,,,
4,,Includes field production of fuel ethanol and an adjustment for motor,,,,,,,
,,gasoline blending components.,,,,,,,
5,,"Includes finished petroleum products, unfinished oils, gasoline blending ",,,,,,,
,,"components, and natural gas plant liquids.",,,,,,,
6,,Includes an estimate of minor product stock change based on monthly data.,,,,,,,
7,,"Distillate fuel oil stocks located in the ""Northeast Heating Oil Reserve"" are ",,,,,,,
,,not included. For details see Appendix B.,,,,,,,
8,,"Includes crude oil product supplied, natural gas liquids, liquefied",,,,,,,
,,"refinery gases (LRGs), other liquids, and all finished petroleum products ",,,,,,,
,,"except motor gasoline, kerosene-type jet fuel, distillate, residual fuel oils, ",,,,,,,
,,and propane/propylene. ,,,,,,,
9,,Includes domestic and Customs-cleared foreign crude oil in transit to,,,,,,,
,,refineries.,,,,,,,
10,,"Included are stocks of all other oils such as aviation gasoline, kerosene, ",,,,,,,
,,"natural gas liquids and LRGs (except propane/propylene), other ",,,,,,,
,,"hydrocarbons and oxygenates, aviation gasoline blending components, naphtha and",,,,,,,
,,"other oils for petrochemical feedstock use, special naphthas, lube oils, waxes, ",,,,,,,
,,"coke, asphalt, naphtha-type jet fuel, road oil, and miscellaneous oils.  ",,,,,,,
11,,Crude oil stocks in the SPR include non-U.S. stocks held under foreign or ,,,,,,,
,,commercial storage agreements.,,,,,,,
  Notes:  Some data are estimated.  See Sources for clarification of estimated data.  ,,,,,,,,,
"  Due to independent rounding, individual product detail may not add to total.",,,,,,,,,
Sources: (the complete url below appears on two lines),,,,,,,,,
http://www.eia.doe.gov/pub/oil_gas/petroleum/data_publications/weekly_petroleum_,,,,,,,,,
status_report/current/pdf/sources.pdf,,,,,,,,,
,,,,,,,,,
