<?xml version="1.0" encoding="UTF-8"?>
<?xml-stylesheet type="text/xsl" href="http://lcweb2.loc.gov/cocoon/minerva/minerva.xsl"?>
<?altova_sps C:\iraq\iraq1.sps?>
<mods xmlns="http://www.loc.gov/mods/v3" version="3.0" xmlns:xlink="http://www.w3.org/1999/xlink" xmlns:xsi="http://www.w3.org/2001/XMLSchema-instance" xsi:schemaLocation="http://www.loc.gov/mods/v3 http://www.loc.gov/standards/mods/v3/mods-3-0.xsd">
	<titleInfo>
		<title>Jewish Reconstructionist Federation - welcome</title>
	</titleInfo>
	<titleInfo type="alternative">
		<title>Alternative Title</title>
	</titleInfo>
	<name type="personal">
		<namePart>Personal Name</namePart>
	</name>
	<name type="corporate">
		<namePart>Jewish Reconstructionist Federation [NAR]</namePart>
	</name>
	<typeOfResource>text</typeOfResource>
	<genre>Web site</genre>
	<originInfo>
		<dateCaptured encoding="iso8601" point="start">20030410</dateCaptured>
	</originInfo>
	<language>
		<languageTerm authority="iso639-2b" type="code">eng</languageTerm>
	</language>
	<language>
		<languageTerm authority="iso639-2b" type="code"></languageTerm>
	</language>
	<language>
		<languageTerm authority="iso639-2b" type="code"></languageTerm>
	</language>
	<physicalDescription>
		<internetMediaType>application/msword</internetMediaType>
		<internetMediaType>application/octet-stream</internetMediaType>
		<internetMediaType>application/pdf</internetMediaType>
		<internetMediaType>audio/x-pn-realaudio</internetMediaType>
		<internetMediaType>image/gif</internetMediaType>
		<internetMediaType>image/jpeg</internetMediaType>
		<internetMediaType>image/png</internetMediaType>
		<internetMediaType>text/css</internetMediaType>
		<internetMediaType>text/html</internetMediaType>
		<internetMediaType>video/quicktime</internetMediaType>
	</physicalDescription>
	<abstract>Jewish Reconstructionist Federation, the organization of congregations that are part of the fourth (and youngest) recognized branch of American Judaism</abstract>
	<subject authority="local">
		<topic></topic>
	</subject>
	<note>&lt;topic&gt;Iraq War, 2003&lt;/topic&gt;</note>
	<note>&lt;topic&gt;Iraq&lt;/topic&gt;&lt;topic&gt;History&lt;/topic&gt;&lt;temporal&gt;2003-&lt;/temporal&gt;</note>
	<note>&lt;topic&gt;Judaism and politics&lt;/topic&gt;</note>
	<note></note>
	<note></note>
	<note></note>
	<relatedItem type="host">
		<titleInfo>
			<title>Iraq War, 2003 Web Archive</title>
		</titleInfo>
		<location>
			<url>http://www.loc.gov/minerva/collect/iraq</url>
		</location>
	</relatedItem>
	<identifier>hdl:loc.natlib/mrva0003.0113</identifier>
	<location>
		<url displayLabel="Active site (if available)">http://jrf.org/</url>
	</location>
	<location>
		<url displayLabel="Archived site">http://hdl.loc.gov/loc.natlib/mrva0003.0113</url>
	</location>
	<accessCondition>None</accessCondition>
	<extension><note>Local Cataloger's Note</note></extension>
	<extension><location>
			<url displayLabel="Archived site">http://wasearch.loc.gov/iraq/*/jrf.org/</url>
			<url displayLabel="hdl">loc.natlib/mrva0003.0113</url>
		</location></extension>
	<recordInfo>
		<recordCreationDate>20041104</recordCreationDate>
		<recordIdentifier source="dlc">mrva0003.0113</recordIdentifier>
	</recordInfo>
</mods>
