Time,Speed,Location,County,State,Lat,Lon,Comments
1740,UNK,3 W POCAHONTAS,RANDOLPH,AR,36.26,-91.02,TREES WERE REPORTED DOWN BY A STATE TROOPER ABOUT 3 MILES WEST OF POCAHONTAS ON HIGHWAY 62. (MEG)
1805,UNK,5 SE MONCURE,CHATHAM,NC,35.57,-79.02,TREES DOWN IN CORINTH AT 205 PM. (RAH)
1815,UNK,CHATTANOOGA,HAMILTON,TN,35.07,-85.26,POWER LINES DOWN IN CHATTANOOGA. REPORTED BY 911 DISPATCHER. (MRX)
1830,UNK,CHATTANOOGA,HAMILTON,TN,35.07,-85.26,SEVERAL TREES DOWN IN MIDDLE VALLEY AREA. REPORTED BY 911 DISPATCHER. (MRX)
1830,UNK,SPRING CITY,RHEA,TN,35.69,-84.86,TREE DOWN AT JACKSON ISLAND CAMPGROUND. REPORTED BY SHERIFFS OFFICE. (MRX)
1835,UNK,4 N FALKLAND,PITT,NC,35.76,-77.51,MOBILE HOME OFF FOUNDATION. ROOF BLOWN OFF DOUBLE WIDE MOBILE HOME. NUMEROUS TREES DOWN. STORAGE BUILDINGS DESTROYED. ALL IN SAME AREA NORTH OF HIGHWAY 33 NEAR EDGECOME (MHX)
1847,62,3 E FUQUAY-VARINA,WAKE,NC,35.59,-78.74,SPOTTER MEASURED 62 MILES AN HOUR. WIND GUST. (RAH)
1857,58,3 E STOKES,PITT,NC,35.71,-77.21,(MHX)
1900,UNK,MONTICELLO,JASPER,GA,33.31,-83.69,REPORTED COUPLE OF TREES DOWN LOCALLY AND A FENCE KNOCKED OVER. (FFC)
1900,UNK,6 NW FOUR OAKS,JOHNSTON,NC,35.51,-78.5,NUMEROUS TREES REPORTED NOW ON HIGHWAY 210 BLOCKING TRAFFIC... 6 MILES NORTHWEST OF FOUR OAKS. (RAH)
1902,60,POPE AFB,CUMBERLAND,NC,35.17,-79.01,POPE AIR FORCE -POB- BASE MEASURED 52 KNOTS AT 302PM. (RAH)
1915,UNK,BENSON,JOHNSTON,NC,35.38,-78.55,LARGE TREE LIMBS BLOCKING TRAFFIC AT THE INTERSECTION OF ELEVATION AND FEDERAL RD IN BENSON. (RAH)
1915,UNK,ALCOA,BLOUNT,TN,35.79,-83.98,NUMEROUS TREES DOWN ACROSS NORTHEAST PORTION OF COUNTY. REPORTED BY DISPATCH. (MRX)
1930,UNK,CADLEY,WARREN,GA,33.53,-82.66,REPORT OF FALLEN TREE ON HIGHWAY. (FFC)
1945,UNK,1 N SNOW HILL,GREENE,NC,35.47,-77.67,SEVERAL TREES DOWN NORTH OF SNOW HILL (MHX)
1955,UNK,1 NW GARDEN VALLEY,MACON,GA,32.45,-84.13,EMA DIRECTOR RECEIVED REPORTS OF POWER LINES AND TREE LIMBS DOWN AS WELL AS A FIRE CAUSED BY LIGHTNING IN THE NORTHWEST PART OF THE COUNTY. (FFC)
2010,UNK,10 S LEBANON,WILSON,TN,36.07,-86.32,SEVERAL TREES BLOWN DOWN (OHX)
2028,UNK,2 WSW RED SPRINGS,ROBESON,NC,34.8,-79.22,POWER LINES DOWN ON STATE ROUTE 71 BETWEEN WAKULLA AND RED SPRINGS (ILM)
2039,UNK,MILLEDGEVILLE,BALDWIN,GA,33.09,-83.24,TWO POWER LINES DOWN. (FFC)
2050,UNK,3 SW ARLEY,WINSTON,AL,34.05,-87.25,SEVERAL TREES AND POWERLINES DOWN. BOATHOUSES ON SMITH LAKE OVERTURNED. NEAR CR16 AND CR4240. (BMX)
2103,UNK,W ONEONTA,BLOUNT,AL,33.95,-86.47,LOCUST FORK AREA,TREES DOWN IN CLEVELAND AND LOCUST FORK AREAS. (BMX)
2110,UNK,1 SE BUIES CREEK,HARNETT,NC,35.4,-78.73,SEVERAL TREES REPORTED DOWN AND SLIGHT STRUCTURAL DAMAGE NEAR US HWY 421 AND OLD STAGE RD. (RAH)
2115,UNK,W LA GRANGE,SCHLEY,GA,32.19,-84.24,AT LEAST 5 TO 10 TREES DOWN AROUND COUNTY AND ON HWY 109 AT WEST POINT LAKE. (FFC)
2115,UNK,W LA GRANGE,TROUP,GA,33.04,-85.03,AT LEAST 5 TO 10 TREES DOWN AROUND COUNTY AND ON HWY 109 AT WEST POINT LAKE. (FFC)
2230,UNK,W ONEONTA,BLOUNT,AL,33.95,-86.47,LOCUST FORK AREA,TREES DOWN IN CLEVELAND AND LOCUST FORK AREAS. CORRECTED (BMX)
2244,UNK,ALLARDT,FENTRESS,TN,36.38,-84.88,TREES DOWN ON BASELINE ROAD IN ALLARDT (OHX)
2330,UNK,SYLVANIA,DEKALB,AL,34.56,-85.81,TREES DOWN IN SYLVANIA AREA (HUN)
2330,UNK,ROCKFORD,SPOKANE,WA,47.45,-117.13,SEVERAL 12-14 INCH TREES SHEARED OFF LANDING ON ROOFS. (OTX)
2340,UNK,3 S COEUR D'ALENE,KOOTENAI,ID,47.65,-116.79,NUMEROUS 14 INCH TREES HAD THIER TOPS SHEARED OFF (OTX)
2345,60,N BLANCHARD,BONNER,ID,48.02,-116.98,SEVERAL TREES DOWNED INCLUDING ONE 8 INCH DIAMETER TREE. (OTX)
2355,65,4 NNW DALTON GARDENS,KOOTENAI,ID,47.78,-116.81,(OTX)
2355,UNK,2 S RATHDRUM,KOOTENAI,ID,47.78,-116.89,DOWNED TREE ALONG HIGHWAY 41. NO ESTIMATE ON SIZE OF TREE. (OTX)
0000,60,5 S COEUR D'ALENE,KOOTENAI,ID,47.63,-116.79,WINDS DAMAGED MARINA DOORS AND NEARBY TREES ON THE NORTH END OF LAKE COEUR DALENE. (OTX)
0002,UNK,COEUR D'ALENE,KOOTENAI,ID,47.7,-116.79,LOCAL NEWSPAPER REPORTING NUMEROUS TREES BLOWN DOWN IN THE CITY. POWER OUTTAGES HAVE RESULTED. (OTX)
0008,UNK,JAMESTOWN,JAMES CITY,VA,37.22,-76.76,TREES DOWN NEAR JAMESTOWN FERRY. (AKQ)
0014,UNK,3 S SANDPOINT,BONNER,ID,48.24,-116.56,ROOF BLOWN OFF FIRE DEPARTMENT IN SAGLE. (OTX)
0015,60,COOLIN,BONNER,ID,48.47,-116.84,(OTX)
0020,UNK,SUMMERVILLE,CHATTOOGA,GA,34.48,-85.35,REPORTED SEVERAL TREES AND SEVERAL POWERLINES DOWN BETWEEN 820PM AND 930PM. (FFC)
0025,UNK,SAND ROCK,CHEROKEE,AL,34.24,-85.77,SEVERAL REPORTS OF TREES DOWN FROM THE COUNTY LINE NORTH OF SAND ROCK ALONG HIGHWAYS 68 AND 273 SOUTHEASTWARD TO CEDAR BLUFF. PEA SIZE HAIL IN CEDAR BLUFF. (BMX)
0025,UNK,1 NE COOLIN,BONNER,ID,48.49,-116.82,60-65 MPH GUSTS KNOCKED TREES DOWN IN SPOTTERS YARD. (OTX)
0030,UNK,CUMMING,FORSYTH,GA,34.21,-84.14,SEVERAL TREES AND TWO POWERLINES DOWN COUNTYWIDE. (FFC)
0030,UNK,5 SW QUEENS LAKE,JAMES CITY,VA,37.24,-76.72,3 SMALL AIRPLANES OVERTURNED/DAMAGED AT WILLIAMSBURG-JAMESTOWN AIRPORT...CAUSING A MINOR FUEL SPILL (AKQ)
0035,UNK,CLOUDLAND,CHATTOOGA,GA,34.52,-85.49,SEVERAL TREES DOWN COUNTYWIDE. (FFC)
0040,UNK,CEDAR BLUFF,CHEROKEE,AL,34.22,-85.6,TREES DOWN ON CR 44 WEST OF CEDAR BLUFF. (BMX)
0040,UNK,5 S JAMESTOWN,SURRY,VA,37.15,-76.76,TIME IS APPROXIMATE...BASED ON RADAR ESTIMATE. TREES DOWN NEAR JAMESTOWN FERRY IN SURRY COUNTY. (AKQ)
0045,70,MOYIE SPRINGS,BOUNDARY,ID,48.72,-116.19,SPOTTER ESTIMATED 70 MPH WINDS WHICH UPROOTED 18-24 INCH TREES (OTX)
0049,UNK,FORT EUSTIS,CITY OF NEWPORT N,VA,37.13,-76.6,TIME IS APPROXIMATE...BASED ON RADAR ESTIMATE. REPORT OF NUMEROUS TREES DOWN IN FORT EUSTIS AREA. (AKQ)
0100,UNK,LIBBY,LINCOLN,MT,48.39,-115.56,USPS REPORTED 5 ASPEN TREES BLOWN DOWN IN LIBBY. (MSO)
0101,UNK,TROY,LINCOLN,MT,48.46,-115.89,ESTIMATED THUNDERSTORM WIND GUSTS OF 60-70 MPH BLEW NUMEROUS LARGE TREE LIMBS DOWN ON POWERLINES. (MSO)
0120,UNK,LIBBY,LINCOLN,MT,48.39,-115.56,SEVERAL LARGE TREES DOWNED ON POWERLINES NEAR DOWNTOWN LIBBY (MSO)
0120,UNK,YAAK,LINCOLN,MT,48.83,-115.71,THUNDERSTORM WIND GUSTS ESTIMATED TO 70 MPH WITH POWER OUTAGES AND TREES BENDING AT 45 DEGREES. (MSO)
0140,UNK,LIBBY,LINCOLN,MT,48.39,-115.56,LINCOLN COUNTY DES COORDINATOR REPORTED LARGE TREE LIMBS DOWN WITH SOME FIRES STARTED BY LIGHTNING. (MSO)
0140,UNK,YAAK,LINCOLN,MT,48.83,-115.71,WIND SPREAD THUNDERSTORM WIND DAMAGE REPORTED IN YAAK. NUMEROUS TREES DOWN ON HOUSES AND VEHICLES FROM STRAIGHT LINE WINDS. (MSO)
0145,UNK,15 ENE OROFINO,CLEARWATER,ID,46.56,-115.96,SEVERAL LARGE TREE BLOW DOWNS REPORTED IN THE CLEARWATER FOREST ON THE NORTH FORK RANGER DISTRICT. (MSO)
0150,UNK,EUREKA,LINCOLN,MT,48.88,-115.05,LARGE LIMBS UP TO 1 FOOT DIAMETER DOWN ON VEHICLES. (MSO)
0200,UNK,OROFINO,CLEARWATER,ID,46.48,-116.25,TRAINED SPOTTER REPORTED NUMEROUS TREES DOWN ACROSS HIGHWAY 11 AND ACROSS GRANGEMONT ROAD...ALSO TREES DOWN ON POWER LINES. POSSIBLE TORNADO DAMAGE. (MSO)
0200,UNK,EUREKA,LINCOLN,MT,48.88,-115.05,TRAINED SPOTTER REPORTED LARGE LIMBS DOWN WITH ESTIMATED THUNDERSTORM WIND GUSTS UP TO 55 MPH. (MSO)
0210,80,10 NNW GOOSE BILL BUTTE,LIBERTY,MT,48.19,-110.91,WIND GUST EST TO 80 MPH WITH PEA/PENNY SIZED HAIL (TFX)
0235,70,RUDYARD,HILL,MT,48.56,-110.55,PEA SIZED HAIL...0.04 INCH RAINFALL IN 3 MIN. ZERO VISABILITY. (TFX)
0257,UNK,2 S LOZEAU,MINERAL,MT,47.09,-114.78,SEVERAL TREES AND LARGE LIMBS DOWN ON QUARTZ-LOZEAU ROAD FROM THUNDERSTORM WIND GUSTS. (MSO)
0305,95,RUDYARD,HILL,MT,48.56,-110.55,ANENOMETER BROKE AT 95 MPH. (TFX)
0305,UNK,RUDYARD,HILL,MT,48.56,-110.55,TREE BRANCHES UP TO 8 INCHES IN DIAMETER BROKEN. TRAMPOLINE BLOWN INTO POWER LINES. POWER OUT. (TFX)
0310,70,6 N BIG SANDY,CHOUTEAU,MT,48.26,-110.12,0 VISIBILITY AND EST 0.50-0.75 INCH RAIN IN 20 MIN (TFX)
0310,65,12 N HINGHAM,HILL,MT,48.73,-110.42,HAIL GREATER THAN PEA,BUT LESS THAN PENNY WITH HEAVY RAIN (TFX)
0340,UNK,RONAN,LAKE,MT,47.53,-114.1,SEVERAL TREES AND LARGE LIMBS DOWN ON POWER LINES. (MSO)
0424,60,WOODS BAY,LAKE,MT,48,-114.05,ESTIMATED WIND GUSTS TO 60 MPH AT WOODS BAY REPORTED BY THE PUBLIC. (MSO)
0515,60,12 N DODSON,PHILLIPS,MT,48.57,-108.24,WINDS ACCOMPANIED WITH SMALL HAIL (GGW)
0530,60,23 NNE WAGNER,PHILLIPS,MT,48.68,-107.88,(GGW)
0530,60,2 S WHITEWATER,PHILLIPS,MT,48.73,-107.62,(GGW)
0730,60,8 N MALTA,PHILLIPS,MT,48.48,-107.87,WINDS ESTIMATED AT 50 TO 60 MPH. SMALL BRANCHES DOWN. (GGW)
0845,60,6 W FRENCHMAN RESERVOIR,PHILLIPS,MT,48.72,-107.35,DIME SIZE HAIL ALSO FELL FOR A FEW MINUTES (GGW)
