Ref. No. 2007T01-13,,,,,

"Asbestos: Number of samples, geometric mean exposures, and percent exceeding designated occupational exposure limits by industry, MSHA and OSHA samples, 1995�2003",,,,,
,,,,,
,,Number of Samples,GM ,% > PEL,% > REL
CIC,Industry,,(f/cc),,
50,"Nonmetallic mining and quarrying, except fuel",322,0.004,0,9.9
262,Miscellaneous nonmetallic mineral and stone products,23,0.002,8.7,8.7
60,Construction,424,0.002,5.2,5.2
900,Executive and legislative offices,23,0.003,4.3,4.3
40,Metal mining,131,0.002,0,3.1
351,Motor vehicles and motor vehicle equipment,68,0.004,1.5,1.5
,All other industries*,"1,217",0.001,0.7,0.7
,TOTAL,"2,208",0.002,1.5,3.2
