<?xml version="1.0" encoding="UTF-8" ?> 
<dublin_core schema="fdanj">
  <dcvalue element="title" qualifier="none">436. Adulteration and misbranding of Sterile Uteroids, Prevent-All, Leucorrhea Special No. 9; misbranding of Gleet Specific, Argosine, Piericine, Prostatic Depletent, Prostatic Absorbent, and Aesculus Pile Cerate. U. S. v. 94 Cartons and 125 Tubes of Sterile Uteroids, 10 Cartons of Prevent-All, 94 Cartons of Leucorrhea Special No. 9, 34 Packages of Gleet Specific, 117 Cartons of Argosine, 126 Cartons of Piericine, 23 Cartons of Prostatic Depletent, 21 Cartons of Prostatic Absorbent, and 23 Cartons of Aesculus Pile Cerate. Default decrees ordering destruction.</dcvalue>
  <dcvalue element="identifier" qualifier="none">ddnj00436</dcvalue>
  <dcvalue element="caseissuedate" qualifier="none"> September 1942</dcvalue>
  <dcvalue element="defendantnames" qualifier="none"> C. F. Breitenbach (Mucine Co.)</dcvalue>
  <dcvalue element="casekeywords" qualifier="none"> Sterile Uteroids, Prevent-All, Leucorrhea Special No. 9; Gleet Specific, Argosine, Piericine, Prostatic Depletent, Prostatic Absorbent, and Aesculus Pile Cerate</dcvalue>
  <dcvalue element="seizuredate" qualifier="none"> November 23 and December 20, 1940; January 22 to on or about November 11, 1940</dcvalue>
  <dcvalue element="seizurelocation" qualifier="none"> Kansas City, Mo.</dcvalue>
  <dcvalue element="shippedfromcitystate" qualifier="none"> Chicago, Ill.</dcvalue>
  <dcvalue element="shippedintocitystate" qualifier="none"> Kansas City, Mo.</dcvalue>
  <dcvalue element="adjudicatingcourtjurisdiction" qualifier="none"> Western District of Missouri</dcvalue>
  <dcvalue element="njnumber" qualifier="none"> 436</dcvalue>
  <dcvalue element="numbers" qualifier="none"> F. D. C. Nos. 3370 to 3374 incl. , 3376. 3378, 3501 to 3503, incl. Sample Nos. 16393-E to 16397-E, incl. , 16399-E 16901-E, 16913-E to 16915-E, incl.</dcvalue>
</dublin_core>
