<?xml version="1.0" encoding="ISO-8859-1"?> 
<?xml-stylesheet type="text/xsl" href="http://geodata.epa.gov/xsl/appearance.xsl"?>
<metadata><idinfo>		<native Sync="TRUE">Microsoft Windows XP Version 5.1 (Build 2600) Service Pack 2; ESRI ArcCatalog 9.2.0.1324</native>		<descript>			<abstract>Modified Tribal Boundaries from the 2000 Census</abstract>			<supplinf>Census 2000 Boundaries downloaded from: http://www.census.gov/geo/www/cob/na2000.htmlwith the following non-reservation land removed: Alaska Native Regional Corporation, Alaska Native Village Statistical Area (ANVSA), Hawaiian Home Land (HHL), Oklahoma Tribal Statistical Area (OTSA), State Designated American Indian Statistical Area (SDAISA), Tribal Designated Statistical Area (TDSA).</supplinf>			<purpose>Please contact Ed Liu for more information about the Census Tribal Boundaries. (liu.ed@epa.gov) or,  Contact Riva San Juan for the GIS shapefile (sanjuan.riva@epa.gov)</purpose>		</descript>		<citation>			<citeinfo>				<origin>USEPA Office of Water</origin>				<pubdate>2006</pubdate>				<title>Census Tribal Boundaries</title>				<pubinfo>					<pubplace>Washington, D.C.</pubplace>					<publish>U.S. Environmental Protection Agency</publish>				</pubinfo>				<othercit>Please contact Ed Liu (see contact info) to access data. </othercit>			</citeinfo>		</citation>		<timeperd>			<current>publication date</current>			<timeinfo>				<sngdate>					<caldate>2006</caldate>				</sngdate>			</timeinfo>		</timeperd>		<status>			<progress>Complete</progress>			<update>Unknown</update>		</status>		<spdom>			<bounding>
<westbc>-131.646276</westbc>
<eastbc>-67.041750</eastbc>
<northbc>55.284114</northbc>
<southbc>25.757695</southbc>
</bounding>
</spdom>		<keywords>			<theme>				<themekt>ISO 19115 Topic Category</themekt>				<themekey>boundaries</themekey>
<themekey>environment</themekey>
<themekey>location</themekey>
</theme>			<theme>				<themekt>EPA GIS Keyword Thesaurus</themekt>				<themekey>Environment</themekey>
<themekey>Land</themekey>
<themekey>Water</themekey>
</theme>			<theme>				<themekey>Tribal Boundaries</themekey>				<themekey>Census Tribal boundaries</themekey>				<themekey>American Indian tribes</themekey>				<themekt>None</themekt>			</theme>			<place>
<placekt>None</placekt>
<placekey>Alabama</placekey>
<placekey>Alaska</placekey>
<placekey>American Samoa</placekey>
<placekey>Arizona</placekey>
<placekey>Arkansas</placekey>
<placekey>California</placekey>
<placekey>Colorado</placekey>
<placekey>Connecticut</placekey>
<placekey>Delaware</placekey>
<placekey>Florida</placekey>
<placekey>Georgia</placekey>
<placekey>Hawaii</placekey>
<placekey>Idaho</placekey>
<placekey>Illinois</placekey>
<placekey>Indiana</placekey>
<placekey>Iowa</placekey>
<placekey>Kansas</placekey>
<placekey>Kentucky</placekey>
<placekey>Louisiana</placekey>
<placekey>Maine</placekey>
<placekey>Maryland</placekey>
<placekey>Massachusetts</placekey>
<placekey>Michigan</placekey>
<placekey>Minnesota</placekey>
<placekey>Mississippi</placekey>
<placekey>Missouri</placekey>
<placekey>Montana</placekey>
<placekey>Nebraska</placekey>
<placekey>Nevada</placekey>
<placekey>New Hampshire</placekey>
<placekey>New Jersey</placekey>
<placekey>New Mexico</placekey>
<placekey>New York</placekey>
<placekey>North Carolina</placekey>
<placekey>North Dakota</placekey>
<placekey>Ohio</placekey>
<placekey>Oklahoma</placekey>
<placekey>Oregon</placekey>
<placekey>Pennsylvania</placekey>
<placekey>Puerto Rico</placekey>
<placekey>Rhode Island</placekey>
<placekey>South Carolina</placekey>
<placekey>South Dakota</placekey>
<placekey>Tennessee</placekey>
<placekey>Texas</placekey>
<placekey>United States</placekey>
<placekey>Utah</placekey>
<placekey>Vermont</placekey>
<placekey>Virgin Islands</placekey>
<placekey>Virginia</placekey>
<placekey>Washington</placekey>
<placekey>Washington DC</placekey>
<placekey>West Virginia</placekey>
<placekey>Wisconsin</placekey>
<placekey>Wyoming</placekey>
</place>
</keywords>		<accconst>Please contact Ed Liu for more information about the Census Tribal Boundaries. (liu.ed@epa.gov) or,  Contact Riva San Juan for the GIS shapefile (sanjuan.riva@epa.gov or 202-564-0501)</accconst>		<useconst>None. Please check sources, scale, accuracy, currentness and other available information. Please confirm that you are using the most recent copy of both data and metadata.  Acknowledgement of the EPA would be appreciated.</useconst>		<secinfo>
<secsys>FIPS Pub 199</secsys>
<secclass>No Confidentiality</secclass>
<sechandl>Standard Technical Controls</sechandl>
</secinfo>
<ptcontac>
<cntinfo>
<cntperp>
<cntorg>USEPA Office of Water/American Indian Environmental Office</cntorg>
<cntper>Ed Liu</cntper>
</cntperp>
<cntpos>Environmental Scientist; Tribal Data Manager</cntpos>
<cntaddr>
<addrtype>physical address</addrtype>
<address>1201 Constitution Ave., N.W, Room 3334H</address>
<city>Washington</city>
<state>DC</state>
<postal>20460</postal>
</cntaddr>
<cntvoice>202-564-0298</cntvoice>
<cntemail>liu.ed@epa.gov</cntemail>
</cntinfo>
</ptcontac>
</idinfo><dataqual>		<lineage>			<procstep>				<procdesc>Dataset copied.</procdesc>				<srcused Sync="TRUE">G:\IO\AIEO\wball\Tribal_Boundaries\tribal_boundaries\census_boundaries</srcused>				<procdate>20070220</procdate>			</procstep>			<procstep>
<procdesc>Dataset copied.</procdesc>
<srcused Sync="TRUE">G:\IO\IRM\TechCenter\Projects2007\GDG\New Records to Add\Census Tribal Boundaries</srcused>
<date Sync="TRUE">20070803</date>
<time Sync="TRUE">10071200</time>
</procstep>
</lineage>		<logic>Not presently available</logic>		<complete>Not presently available</complete>		<posacc>			<horizpa>				<horizpar>Positional accuracy for the data set varies for individual features within the data set.  Actual horizontal positional accuracy for the data set is unknown.</horizpar>			</horizpa>		</posacc>	</dataqual><spdoinfo>		<direct Sync="TRUE">Vector</direct>		<ptvctinf>			<sdtsterm Name="census_boundaries">				<sdtstype Sync="TRUE">G-polygon</sdtstype>				<ptvctcnt Sync="TRUE">3575</ptvctcnt>			</sdtsterm>		</ptvctinf>	</spdoinfo><spref>		<horizsys>
<geograph>
<latres>0.000001</latres>
<longres>0.000001</longres>
<geogunit>Decimal degrees</geogunit>
</geograph>
<geodetic>
<horizdn>North American Datum of 1927</horizdn>
<ellips>Clarke 1866</ellips>
<semiaxis>6378206.400000</semiaxis>
<denflat>294.978698</denflat>
</geodetic>
</horizsys>
</spref><eainfo>
<overview>
<eaover>Known attribute Definitions are as follows: Epa_Bia = Tribe Name as listed in the Federal Register;  Edr_Code = unique 3 digit code assigned to each federally recognized tribe</eaover>
<eadetcit>Modified from Original Tribal Record</eadetcit>
</overview>
</eainfo><distinfo>		<resdesc>Offline Data</resdesc>		<distliab>Although these data have been processed successfully on a computer system at the Environmental Protection Agency, no warranty expressed or implied is made regarding the accuracy or utility of the data on any other system or for general or scientific purposes, nor shall the act of distribution constitute any such warranty. It is also strongly recommended that careful attention be paid to the contents of the metadata file associated with these data to evaluate data set limitations, restrictions or intended use. The U.S. Environmental Protection Agency shall not be held liable for improper or incorrect use of the data described and/or contained herein.</distliab>
<distrib>
<cntinfo>
<cntperp>
<cntorg>Lockheed Martin Corporation</cntorg>
<cntper>Regina Ryan</cntper>
</cntperp>
<cntpos>Contract Task Manager</cntpos>
<cntaddr>
<addrtype>mailing and physical address</addrtype>
<address>Unavailable</address>
<city>Unavailable</city>
<state>DC</state>
<postal>Unavailable</postal>
</cntaddr>
<cntvoice>(703) 647-8137</cntvoice>
<cntfax>(703) 647-5851</cntfax>
</cntinfo>
</distrib>
</distinfo><metainfo>		<metstdn>FGDC Content Standards for Digital Geospatial Metadata</metstdn>		<metstdv>FGDC-STD-001-1998</metstdv>		<mettc Sync="TRUE">local time</mettc>		<metd>20070326</metd>		<metfrd>20110326</metfrd>		<metc>
<cntinfo>
<cntperp>
<cntorg>USEPA Office of Water (INDUS Corporation - EPA Contractor)</cntorg>
<cntper>Riva J. SanJuan</cntper>
</cntperp>
<cntpos>GIS Specialist</cntpos>
<cntaddr>
<addrtype>mailing and physical address</addrtype>
<address>1200 Pennsylvania Ave. NW</address>
<city>Washington</city>
<state>DC</state>
<postal>20460-0001</postal>
</cntaddr>
<cntvoice>202-564-0501</cntvoice>
<cntemail>sanjuan.riva@epa.gov</cntemail>
</cntinfo>
</metc>
</metainfo><mdDateSt Sync="TRUE">20080214</mdDateSt><distInfo>
<distributor>
<distorTran>
<onLineSrc>
<linkage Sync="TRUE">file://\\DCICCDATACL01-OW-IO01-SERVER\OW_IO01\OW\IO\SHARE\IO\IRM\TechCenter\Projects2007\GDG\Census Tribal Boundaries</linkage>
<protocol Sync="TRUE">Local Area Network</protocol>
</onLineSrc>
</distorTran>
</distributor>
</distInfo><Esri>
<CreaDate>20080102</CreaDate>
<CreaTime>15103000</CreaTime>
<SyncOnce>FALSE</SyncOnce>
<SyncDate>20070209</SyncDate>
<SyncTime>16113700</SyncTime>
<PublishStatus>Published</PublishStatus>
<MetaID>{31A62E01-3404-4595-ADDB-24D607BA7023}</MetaID>
<PublishedDocID>{F75B50B6-6626-42A8-9FC2-673999AB22F8}</PublishedDocID>

<ContentDevType/>
<ModDate>20080214</ModDate>
<ModTime>09355300</ModTime>
<issecured>false</issecured>
<resourceType>003</resourceType>
</Esri></metadata>