TABLE D-1 U.S.-International Trade in Transportation-Related Goods: 1995�2006,,,,,,,,,,,,,
Millions of current dollars,,,,,,,,,,,,,
,Imports,Exports,Total,Trade  balance,,,,,,,,,
1995,"110,781","80,092","190,873","-30,689",,,,,,,,,
1996,"115,504","89,959","205,463","-25,545",,,,,,,,,
1997,"126,927","103,818","230,745","-23,109",,,,,,,,,
1998,"140,054","114,971","255,025","-25,083",,,,,,,,,
1999,"166,552","111,469","278,021","-55,083",,,,,,,,,
2000,"185,027","105,430","290,457","-79,597",,,,,,,,,
2001,"183,002","106,860","289,862","-76,142",,,,,,,,,
2002,"190,881","108,744","299,625","-82,137",,,,,,,,,
2003,"194,863","107,796","302,659","-87,067",,,,,,,,,
2004,"211,112","118,749","329,861","-92,363",,,,,,,,,
2005,"219,522","137,214","356,736","-82,308",,,,,,,,,
2006,"236,300","164,870","401,170","-71,430",,,,,,,,,
"NOTES: Transportation-related goods are motor vehicles and parts, aircraft and spacecraft and parts, railway vehicles and parts, and ships and boats. Data may not add to total because of independent rounding.  Trade balance is equal to exports minus imports. All dollar amounts are in current dollars. These data have not been adjusted for inflation because there is no specific deflator available for transportation-related goods. In addition, it is difficult to control for trading partners' inflation rates as well as currency exchange fluctuations when adjusting the value of internationally traded goods and services for inflation.",,,,,,,,,,,,,
"SOURCE: U.S. Department of Transportation, Research and Innovative Technology Administration, Bureau of Transportation Statistics, calculations based on data from U.S. Department of Commerce, U.S. International Trade Commission, Interactive Tariff and Trade DataWeb, available at http://dataweb.usitc.gov/ as of June 2007.",,,,,,,,,,,
