<?xml version="1.0" encoding="ISO-8859-1"?> 
<current_observation version="1.0"
	 xmlns:xsd="http://www.w3.org/2001/XMLSchema"
	 xmlns:xsi="http://www.w3.org/2001/XMLSchema-instance"
	 xsi:noNamespaceSchemaLocation="http://www.weather.gov/xml/current_obs/current_observation.xsd">
	<credit>NOAA's National Weather Service</credit>
	<credit_URL>http://weather.gov/</credit_URL>
	<image>
		<url>http://weather.gov/images/xml_logo.gif</url>
		<title>NOAA's National Weather Service</title>
		<link>http://weather.gov</link>
	</image>
	<suggested_pickup>15 minutes after the hour</suggested_pickup>
	<suggested_pickup_period>60</suggested_pickup_period>
	<location>Rota/Intl, GU</location>
	<station_id>PGRO</station_id>
        <latitude>14.18</latitude>
        <longitude>145.25</longitude>
	<observation_time>Last Updated on Mar 18, 6:56 am ChST</observation_time>
	<observation_time_rfc822>Wed, 18 Mar 2009 06:56:00 +1000 ChST</observation_time_rfc822>
        <weather>Mostly Cloudy</weather>
        <temperature_string>79 F (26 C)</temperature_string>
        <temp_f>79</temp_f>
        <temp_c>26</temp_c>
        <relative_humidity>84</relative_humidity>
        <wind_string>From the Northeast at 9 MPH</wind_string>
        <wind_dir>Northeast</wind_dir>
        <wind_degrees>60</wind_degrees>
        <wind_mph>9.2</wind_mph>
        <wind_gust_mph>NA</wind_gust_mph>
        <pressure_string>29.89&quot;</pressure_string>
        <pressure_mb>NA</pressure_mb>
        <pressure_in>29.89</pressure_in>
        <dewpoint_string>73 F (23 C)</dewpoint_string>
        <dewpoint_f>73</dewpoint_f>
        <dewpoint_c>23</dewpoint_c> 
        <heat_index_string>NA</heat_index_string>         
        <heat_index_f>NA</heat_index_f>
        <heat_index_c>NA</heat_index_c>
        <windchill_string>NA</windchill_string>
        <windchill_f>NA</windchill_f>
        <windchill_c>NA</windchill_c>
	<visibility_mi>7.00</visibility_mi>
 	<icon_url_base>http://weather.gov/weather/images/fcicons/</icon_url_base>	
	<icon_url_name>nbkn.jpg</icon_url_name>
	<two_day_history_url>http://www.weather.gov/data/obhistory/PGRO.html</two_day_history_url>
	<ob_url>http://www.nws.noaa.gov/data/METAR/PGRO.1.txt</ob_url>
	<disclaimer_url>http://weather.gov/disclaimer.html</disclaimer_url>
	<copyright_url>http://weather.gov/disclaimer.html</copyright_url>
	<privacy_policy_url>http://weather.gov/notice.html</privacy_policy_url>
</current_observation>
	