<?xml version="1.0" encoding="UTF-8"?>
<?xml-stylesheet type="text/xsl" href="billres.xsl"?>
<!--<?xml version="1.0"?>-->
<!--<!DOCTYPE bill PUBLIC "-//US Congress//DTDs/bill.dtd//EN" "C:\Program Files\Blast Radius\rules\bill.dtd" []>-->
<!DOCTYPE bill PUBLIC "-//US Congress//DTDs/bill v2.8 20020720//EN" "http://thomas.loc.gov/dtd/bill.dtd">
<bill bill-stage="Introduced-in-House" bill-type="olc" dms-id="H5158B9DFD3EC421A00F4DDFDB6831C" public-private="public">
<metadata xmlns:dc="http://purl.org/dc/elements/1.1/">
<dublinCore>
<dc:title>110 HR 4950 IH: To extend the duty suspension on Phenyl salicylate
</dc:title>
<dc:publisher>U.S. House of Representatives</dc:publisher>
<dc:date>2008-01-15</dc:date>
<dc:format>text/xml</dc:format>
<dc:language>EN</dc:language>
<dc:rights>Pursuant to Title 17 Section 105 of the United States Code, this file is not subject to copyright protection and is in the public domain.</dc:rights>
</dublinCore>
</metadata>
	<form>
		<distribution-code display="yes">I</distribution-code>
		<congress>110th CONGRESS</congress>
		<session>2d Session</session>
		<legis-num>H. R. 4950</legis-num>
		<current-chamber>IN THE HOUSE OF REPRESENTATIVES</current-chamber>
		<action>
			<action-date date="20080115">January 15, 2008</action-date>
			<action-desc><sponsor name-id="D000606">Mr. David Davis of
			 Tennessee</sponsor> introduced the following bill; which was referred to the
			 <committee-name committee-id="HWM00">Committee on Ways and
			 Means</committee-name></action-desc>
		</action>
		<legis-type>A BILL</legis-type>
		<official-title>To extend the duty suspension on Phenyl salicylate
		  (benzoic <linebreak></linebreak>acid, 2-hydroxy-, phenyl ester).</official-title>
	</form>
	<legis-body id="HA54D6712976A4FEB94F9E358DBB248D4" style="OLC">
		<section id="H1A2284A8527E418486510121C2B31F9" section-type="section-one"><enum>1.</enum><header>Phenyl salicylate (benzoic
			 acid, 2-hydroxy-, phenyl ester)</header>
			<subsection id="H694D067616EE4E0186D0942C07A65048"><enum>(a)</enum><header>In
			 General</header><text>Heading 9902.23.65 of the Harmonized Tariff Schedule of
			 the United States (relating to Phenyl salicylate (benzoic acid, 2-hydroxy-,
			 phenyl ester)) is amended by striking <quote>12/31/2009</quote> and inserting
			 <quote>12/31/2011</quote>.</text>
			</subsection><subsection id="H882C476109E343EE9DE39C3CEECEB102"><enum>(b)</enum><header>Effective
			 Date</header><text>The amendment made by subsection (a) applies with respect to
			 goods entered, or withdrawn from warehouse for consumption, on or after the
			 date that is 15 days after the date of enactment of this Act.</text>
			</subsection></section></legis-body>
</bill>


