Time,Speed,Location,County,State,Lat,Lon,Comments
1620,UNK,GADSDEN,ETOWAH,AL,34.01,-86.01,TREES AND POWERLINES DOWN. (BMX)
1629,65,1 E GADSDEN,ETOWAH,AL,34.01,-86,WIND GUST OF 65 MPH RECORDED BY MEDIA NEAR HOKES BLUFF. (BMX)
1635,UNK,PIEDMONT,CALHOUN,AL,33.93,-85.62,TREES DOWN IN AND AROUND TOWN. SEVERAL REPORTS. CORRECTION TSTM WND DAMAGE. (BMX)
1645,UNK,WACO,HARALSON,GA,33.7,-85.19,BARN BLOWN OFF FOUNDATION AT 884 OLD PLEASANT HILL ROAD...66 POSTS IN BARN STRUCTURE PULLED FROM GROUND. SEVERAL TREES ALSO DOWNED AT LOCATION. (FFC)
1700,UNK,2 N FRUITHURST,CLEBURNE,AL,33.76,-85.43,SEVERAL TREES AND POWER LINES WERE BLOWN DOWN ACROSS EAST CENTRAL CLEBURNE COUNTY. A FEW HOMES SUFFERED SIGNIFICANT DAMAGE DUE TO FALLEN TREES. (BMX)
1715,UNK,SPRINGVILLE,ST. CLAIR,AL,33.77,-86.48,POWER LINES DOWN ON HWY 11. (BMX)
1724,60,BREMEN,HARALSON,GA,33.71,-85.15,(FFC)
1736,UNK,CARROLLTON,CARROLL,GA,33.58,-85.08,FIVE TREES AND MULTIPLE POWER LINES DOWN. (FFC)
1750,UNK,3 SW HAMILTON,MARION,AL,34.11,-88.02,VERY LARGE TREE UPROOTED AND BLOWN DOWN ON A HOUSE. (BMX)
1800,UNK,FRANKLIN,HEARD,GA,33.28,-85.1,SEVERAL TREES AND SEVERAL POWERLINES DOWN COUNTYWIDE. (FFC)
1815,UNK,3 SW HOGANSVILLE,TROUP,GA,33.14,-84.94,APPROXIMATELY 20 TREES DOWN IN THE HOGANSVILLE-LAGRANGE AREA. ONE TREE ON HOUSE IN HOGANSVILLE WITH DAMAGE TO THE STRUCTURE. (FFC)
1815,UNK,NEWNAN,COWETA,GA,33.38,-84.79,AT LEAST TWO TREES DOWN. (FFC)
1845,UNK,THOMASTON,UPSON,GA,32.89,-84.33,FOUR TREES DOWN WITH SOME BLOCKING ROADWAYS. (FFC)
1845,UNK,3 SW WOODBURY,MERIWETHER,GA,32.95,-84.62,SEVERAL TREES DOWN NEAR REYNOLDS ROAD AND STATE HIGHWAY 85. ONE LARGE TREE BLOCKING ROAD. (FFC)
1845,UNK,5 SW ZEBULON,PIKE,GA,33.05,-84.4,SEVERAL TREES AND POWER LINES DOWNED. POWER OUTAGES REPORTED. (FFC)
1850,UNK,BARNESVILLE,LAMAR,GA,33.05,-84.16,APPROXIMATELY 10 TREES DOWN AND SOME POWERLINES DOWN COUNTYWIDE. (FFC)
1900,UNK,THOMASTON,UPSON,GA,32.89,-84.33,ONE TREE DOWN OFF OF HARP ROAD JUST NORTH OF THE THOMASTON CITY LIMITS. (FFC)
1910,UNK,TALBOTTON,TALBOT,GA,32.68,-84.54,SEVEN TREES DOWN ON ROADWAYS COUNTYWIDE. (FFC)
1915,UNK,FORSYTH,MONROE,GA,33.03,-83.94,APPROXIMATELY SEVEN TREES DOWN COUNTYWIDE. (FFC)
1920,UNK,REYNOLDS,TAYLOR,GA,32.56,-84.1,3 TREES AND 2 POWERLINES DOWN NEAR THE INTERSECTION OF PEBBLE AND UNDERWOOD ROAD. (FFC)
1920,UNK,ROBERTA,CRAWFORD,GA,32.72,-84.01,AT LEAST 8 TREES AND 3 POWERLINES DOWN COUNTYWIDE. (FFC)
1928,UNK,5 W WEST POINT,CLAY,MS,33.61,-88.73,S.O. REPORTED TREE DOWN (JAN)
1930,UNK,NEW SMYRNA BEACH,VOLUSIA,FL,29.03,-80.92,TREES DOWN ON ROOF CAUSING DAMAGE AT TURNBULL DRIVE AND US1 (MLB)
1930,UNK,SMITHS STATION,LEE,AL,32.54,-85.1,TREE DOWN ON MOBILE HOME ON COUNTY ROAD 301. 2 PEOPLE TRAPPED INSIDE. WIND E40 MPH. (BMX)
1930,UNK,WARNER ROBINS,HOUSTON,GA,32.61,-83.63,NUMEROUS TREES AND POWERLINES DOWN COUNTYWIDE. (FFC)
1930,UNK,3 SE OPELIKA,LEE,AL,32.62,-85.34,TREES DOWN ALONG COUNTY ROAD 158. WIND E40 MPH. (BMX)
1930,UNK,MACON,BIBB,GA,32.84,-83.66,APPROXIMATELY 10 TREES DOWN IN CITY. (FFC)
1930,UNK,FORSYTH,MONROE,GA,33.03,-83.94,AT LEAST FIVE TREES DOWN. (FFC)
1930,UNK,4 E AMORY,MONROE,MS,33.99,-88.41,POWER LINES DOWN IN THE HATLEY COMMUNITY. (MEG)
1935,UNK,TREMONT,ITAWAMBA,MS,34.23,-88.25,TREES DOWN ON PATTON FLAT ROAD (MEG)
1940,UNK,FORT VALLEY,PEACH,GA,32.55,-83.89,SEVERAL TREES AND POWER LINES DOWN ACROSS THE COUNTY. (FFC)
1942,62,2 NE WARNER ROBINS,HOUSTON,GA,32.63,-83.61,OBSERVED BY WEATHER OBSERVER AT ROBINS AFB. (FFC)
1949,UNK,COLUMBUS,LOWNDES,MS,33.51,-88.4,CD REPORTED TREE DOWN...ALSO TWO HOMES STRUCK BY LIGHTNING (JAN)
1950,UNK,SMITHS STATION,LEE,AL,32.54,-85.1,NUMEROUS TREES DOWN AT JUNCTION OF COUNTY ROUTES 248 AND 318. WINDS E40 MPH. (BMX)
1950,UNK,WARNER ROBINS,HOUSTON,GA,32.61,-83.63,ALONG HWY 96...A TRANSFORMER SUSTAINED DAMAGE. (FFC)
1950,UNK,MACON,BIBB,GA,32.84,-83.66,PUBLIC REPORTED 20 TO 25 TREES DOWN WITHIN NEIGHBORHOOD. (FFC)
2000,66,KENNEDY SPACE CENTER,BREVARD,FL,28.52,-80.68,TOWER 313 (MLB)
2001,UNK,MIAMI LAKES,MIAMI-DADE,FL,25.91,-80.31,A LARGE BRANCH OF 6 TO 8 INCHES THICK WAS BROKEN OFF NEAR A RESIDENCE OF A NWS EMPLOYEE (MFL)
2015,UNK,COCHRAN,BLECKLEY,GA,32.39,-83.35,17 TREES AND SEVERAL POWERLINES DOWN...AT LEAST 5 POWERLINES DOWN ALONG ONE ROAD. (FFC)
2015,UNK,IRWINTON,WILKINSON,GA,32.81,-83.17,15 TREES AND A COUPLE POWERLINES DOWN COUNTYWIDE. (FFC)
2030,UNK,6 N ORMOND BEACH,VOLUSIA,FL,29.36,-81.06,TOMOKA STATE PARK,12 INCH DIAMETER TREE BLOWN DOWN ACROSS N.BEACH STREET (MLB)
2035,UNK,AMERICUS,SUMTER,GA,32.07,-84.23,REPORTED FIVE TO SIX TREES DOWN ON POWERLINES IN CITY. (FFC)
2035,UNK,TUSCALOOSA,TUSCALOOSA,AL,33.24,-87.54,SEVERAL POWERLINES DOWN IN THE DOWNTOWN AREA. (BMX)
2035,UNK,2 S GORE SPRINGS,GRENADA,MS,33.73,-89.62,TREES DOWN AND POWER OUTAGES. (JAN)
2050,UNK,S OCONEE,WASHINGTON,GA,32.85,-82.96,TWO TREES DOWN...ONE ALONG HWY 272...ANOTHER ALONG NEW BUCKEYE ROAD JUST NORTH OF JOHNSON COUNTY LINE. (FFC)
2100,UNK,W EASTMAN,DODGE,GA,32.2,-83.18,AT LEAST 10 TREES DOWN. (FFC)
2100,UNK,ADRIAN,JOHNSON,GA,32.53,-82.59,ONE TREE AND A POWER LINE DOWN ON HIGHWAY 15. (FFC)
2105,UNK,SHUQUALAK,NOXUBEE,MS,32.98,-88.57,ONE TREE DAMAGED A HOUSE IN CITY LIMITS REPORTED BY PD (JAN)
2115,UNK,PALM COAST,FLAGLER,FL,29.57,-81.21,DAMAGE TO SCREENED POOL ENCLOSURE. 3 SCREENS RIPPED OFF. (JAX)
2120,UNK,ABBEVILLE,WILCOX,GA,31.99,-83.31,ONE TREE DOWN. ROOF BLOWN OFF ABBEVILLE GYMNASIUM. (FFC)
2120,UNK,WRIGHTSVILLE,JOHNSON,GA,32.72,-82.72,TWO TREES AND A POWER LINE DOWN. (FFC)
2125,UNK,2 S JORDAN,WHEELER,GA,32.01,-82.67,SEVERAL TREES DOWN. (FFC)
2130,UNK,LYONS,TOOMBS,GA,32.2,-82.32,AT LEAST 10 TREES DOWN COUNTYWIDE. (FFC)
2130,UNK,2 E ADRIAN,EMANUEL,GA,32.53,-82.56,ONE TREE AND THREE POWERLINES DOWN. (FFC)
2139,UNK,CANOE,CANDLER,GA,32.42,-82.14,ONE TREE DOWN IN CANOE. (CHS)
2145,UNK,REIDSVILLE,TATTNALL,GA,32.09,-82.12,SEVERAL TREES DOWN IN THE REIDSVILLE AREA. (CHS)
2148,UNK,PRIDGEN,COFFEE,GA,31.7,-82.92,TREES AND POWERLINES DOWN COUNTY WIDE. (JAX)
2148,UNK,10 SSW HAZLEHURST,JEFF DAVIS,GA,31.73,-82.66,1 POWERLINE DOWN THAT IGNITED FIRE...AND 1 TREE DOWN ON HIGHWAY 107. TIME ESTIMATED BASED ON RADAR. (JAX)
2149,UNK,PALM COAST,FLAGLER,FL,29.57,-81.21,ONE TREE ON POWER LINE ON BAINBRIDGE LANE IN PALM COAST. (JAX)
2152,UNK,2 S RIDGELAND,JASPER,SC,32.45,-80.98,1 TREE DOWN OFF I-95 NEAR MILE MARKER 18. TIME ESTIMATED BASED ON RADAR. (CHS)
2200,UNK,TIFTON,TIFT,GA,31.47,-83.51,MANY TREES AND POLES DOWN COUNTYWIDE (TAE)
2205,UNK,MENDES,TATTNALL,GA,32,-81.97,TREES AND POWER LINES DOWN IN MENDES. (CHS)
2205,UNK,2 WSW PORTAL,BULLOCH,GA,32.53,-81.96,SMALL TREE LIMBS DOWN NEAR PORTAL WITH WINDS ESTIMATED AROUND 40 MPH. (CHS)
2215,UNK,ADABELLE,BULLOCH,GA,32.29,-81.93,TREE DOWN ON ADABELLE ROAD. (CHS)
2217,UNK,4 N CLAXTON,EVANS,GA,32.22,-81.9,1 TREE REPORTED DOWN ON CHARLIE HOMES ROAD. TIME ESTIMATED BASED ON RADAR. (CHS)
2230,UNK,4 ESE ALMA,BACON,GA,31.52,-82.41,TREES DOWN COUNTY WIDE (JAX)
2230,UNK,3 N ODUM,WAYNE,GA,31.71,-82.03,TREE DOWN ON POWERLINE...STARTED FIRE. (JAX)
2230,UNK,DUBLIN,LAURENS,GA,32.54,-82.92,MANY TREES DOWN ACROSS THE COUNTY. (FFC)
2240,UNK,2 N COLLINSVILLE,LAUDERDALE,MS,32.52,-88.84,A TREE DOWN ACROSS HWY 19 NORTH OF COLLINSVILLE. (JAN)
2240,UNK,15 NE MERIDIAN,LAUDERDALE,MS,32.53,-88.53,LARGE LIMBS DOWN ON MINOT BUCKET ROAD NEAR LAUDERDALE. (JAN)
2245,UNK,HOT SPRINGS,GARLAND,AR,34.49,-93.05,TREES AND POWER LINES WERE REPORTED DOWN ACROSS GARREN AVENUE. (LZK)
2247,UNK,2 N NORMANDY,DUVAL,FL,30.33,-81.76,SEVERAL TREES DOWN ON BULLS BAY RD. TIME ESTIMATED BASED ON RADAR. (JAX)
2251,UNK,4 SW BRISTOL,PIERCE,GA,31.41,-82.26,TREES DOWN COUNTY WIDE. TIME ESTIMATED BASED ON RADAR. (JAX)
2300,UNK,4 N BATESVILLE,PANOLA,MS,34.38,-89.94,TREES DOWN ALONG HWY 35 NORTH (MEG)
2315,UNK,N ELBA,COFFEE,AL,31.41,-86.07,TREES DOWN...BLOCKING ROAD (TAE)
2333,UNK,7 W RACE POND,CHARLTON,GA,31,-82.25,TREES AND POWERLINES DOWN COUNTY WIDE. SEVERAL WILDFIRES IGNITED BY POWERLINES...FIRE DEPTS HAVE BEEN DISPATCHED TO SEVERAL LOCATIONS. (JAX)
2345,UNK,AVON,HOUSTON,AL,31.19,-85.29,HIGHWAY 84. 40-50 MPH. TREES DOWN AND POWER OUTAGES (TAE)
0000,UNK,TABERNACLE,COFFEE,AL,31.45,-85.87,40-50 MPH WIND AND PEA SIZE HAIL (TAE)
0015,UNK,N ENTERPRISE,COFFEE,AL,31.31,-85.85,TWO POWER POLES KNOCKED DOWN (TAE)
0125,UNK,SLOCOMB,GENEVA,AL,31.11,-85.59,SEVERAL TREES AND POWER LINES DOWN...MAINLY NEAR SLOCOMB. (TAE)
0155,UNK,HOLMES CO AIRPORT,HOLMES,FL,30.84,-85.6,ONE TREE DOWN AT AIRPORT...ONE TREE DOWN ON RUM ROAD (TAE)
0200,UNK,VENTANA,PIMA,AZ,32.47,-112.24,TWO MOBILE HOMES DESTROYED. TRADITIONAL HOME PARTIALLY DESTROYED. BRICK HOME...TWO EXTERNAL WALLS DESTROYED AND ROOF BLOWN OFF. BRICK HOME...ONE THIRD OF ROOF BLOWN OFF (TWC)
0215,UNK,4 SE CAMPBELLTON,JACKSON,FL,30.91,-85.35,HIGHWAY 73 ...SEVERAL TREES DOWN. (TAE)
0226,UNK,CHIPLEY,WASHINGTON,FL,30.78,-85.54,TWO TREES DWON... ONE ROWLAND RD AND A SECOND ON HALEY DRIVE (TAE)
0226,UNK,N BONIFAY,HOLMES,FL,30.79,-85.68,50-75 MPH WINDS ESTIMATED (TAE)
0226,UNK,AVON,HOUSTON,AL,31.19,-85.29,HIGHWAY 84. 40-50 MPH. TREES DOWN AND POWER OUTAGES (TAE)
0226,UNK,N ELBA,COFFEE,AL,31.41,-86.07,TREES DOWN...BLOCKING ROAD (TAE)
0226,UNK,TABERNACLE,COFFEE,AL,31.45,-85.87,40-50 MPH WIND AND PEA SIZE HAIL (TAE)
0226,UNK,TIFTON,TIFT,GA,31.47,-83.51,MANY TREES AND POLES DOWN COUNTYWIDE (TAE)
0235,UNK,5 N HOLLEY,SANTA ROSA,FL,30.52,-86.91,SEVERAL TREES REPORTED DOWN ALONG FL HIGHWAY 87 BETWEEN INTERSTATE 10 AND NAVARRE. (MOB)
0300,60,11 S CHINOOK,BLAINE,MT,48.43,-109.24,(TFX)
