"Table with row headers in column A and column headers for both sexes in rows 5 through 6, for male in rows 37 through 38, and for females in rows 69 through 70.",,,,,,,,,,,,,,,,
"Table 1.  Educational Attainment of the Population 15 Years and Over, by Age, Sex, Race, and Hispanic Origin:  2005",,,,,,,,,,,,,,,,
(Numbers in thousands.  Civilian noninstitutionalized population /1.),,,,,,,,,,,,,,,,

"Hispanic (of any race)
and Both Sexes",Educational Attainment,,,,,,,,,,,,,,,
,Total,None,1st - 4th grade,5th - 6th grade,7th - 8th grade,9th grade,10th grade,11th grade /2,High school graduate,Some college no degree,"Associate's degree, occupational","Associate's degree, academic",Bachelor's degree,Master's degree,Professional degree,Doctoral degree
15 years and over,"29,605",498,"1,395","2,719","2,033","2,360","1,633","2,651","7,879","4,182",783,623,"2,043",557,152,95
15 to 17 years,"2,087",2,7,14,414,622,571,417,33,7,-,-,-,-,-,-
18 to 19 years,"1,291",2,14,47,45,59,105,394,359,255,10,-,1,-,-,-
20 to 24 years,"3,676",9,76,222,142,263,135,370,"1,261",909,67,77,140,6,-,-
25 to 29 years,"3,949",40,100,335,205,288,149,333,"1,207",608,123,120,359,53,19,10
30 to 34 years,"3,688",40,138,358,196,311,145,290,"1,063",506,128,94,315,78,19,6
35 to 39 years,"3,299",39,130,369,196,210,104,236,926,473,108,71,322,83,18,12
40 to 44 years,"2,944",41,143,318,168,155,97,186,833,402,120,87,270,86,30,8
45 to 49 years,"2,371",35,137,286,126,145,87,134,637,334,64,64,221,71,18,12
50 to 54 years,"1,791",40,121,232,128,82,60,105,489,208,43,29,153,71,11,19
55 to 59 years,"1,347",37,118,142,82,65,52,50,360,209,38,31,112,36,7,10
60 to 64 years,969,30,88,115,88,46,35,57,249,121,31,28,46,26,7,3
65 to 69 years,751,44,93,103,74,46,33,34,181,53,12,14,34,16,3,10
70 to 74 years,566,42,78,73,68,20,31,17,106,48,21,2,30,12,15,2
75 years and over,877,98,153,106,102,48,29,27,176,48,18,8,38,19,3,4
15 to 17 years,"2,087",2,7,14,414,622,571,417,33,7,-,-,-,-,-,-
18 years and over,"27,518",496,"1,389","2,705","1,619","1,738","1,062","2,234","7,846","4,175",783,623,"2,043",557,152,95
15 to 24 years,"7,054",13,97,283,600,944,810,"1,181","1,652","1,171",77,77,142,6,-,-
25 years and over,"22,551",486,"1,299","2,436","1,433","1,416",823,"1,470","6,227","3,011",706,546,"1,901",551,152,95
15 to 64 years,"27,411",314,"1,072","2,438","1,789","2,246","1,539","2,572","7,417","4,032",732,600,"1,940",510,131,80
65 years and over,"2,194",184,324,281,244,115,94,79,463,150,51,24,102,47,21,15
Footnotes:,,,,,,,,,,,,,,,,
A dash (-) represents zero or rounds to zero.,,,,,,,,,,,,,,,,
/1 Plus armed forces living off post or with their families on post.,,,,,,,,,,,,,,,,
/2 12th grade no diploma are included in this category.,,,,,,,,,,,,,,,,

"Source: U.S. Census Bureau, Current Population Survey, 2005 Annual Social and Economic Supplement",,,,,,,,,,,,,,,,
Internet Release Date: October 26, 2006,,,,,,,,,,,,,,,,
"Table 1.  Educational Attainment of the Population 15 Years and Over, by Age, Sex, Race, and Hispanic Origin:  2005",,,,,,,,,,,,,,,,
(Numbers in thousands.  Civilian noninstitutionalized population /1.),,,,,,,,,,,,,,,,

"Hispanic (of any race)
and Male",Educational Attainment,,,,,,,,,,,,,,,
,Total,None,1st - 4th grade,5th - 6th grade,7th - 8th grade,9th grade,10th grade,11th grade /2,High school graduate,Some college no degree,"Associate's degree, occupational","Associate's degree, academic",Bachelor's degree,Master's degree,Professional degree,Doctoral degree
15 years and over,"15,224",237,759,"1,483","1,079","1,227",809,"1,378","4,147","2,049",363,272,"1,024",252,84,62
15 to 17 years,"1,076",2,4,10,236,295,294,205,25,4,-,-,-,-,-,-
18 to 19 years,652,-,10,41,28,29,65,187,179,108,3,-,1,-,-,-
20 to 24 years,"1,984",6,48,140,91,163,66,209,727,423,26,26,55,4,-,-
25 to 29 years,"2,178",27,63,184,123,144,73,188,684,341,61,68,185,19,10,8
30 to 34 years,"1,956",23,71,201,113,173,71,175,588,257,51,45,146,32,8,2
35 to 39 years,"1,738",22,84,198,120,107,57,129,500,227,55,30,160,36,7,6
40 to 44 years,"1,525",24,72,172,89,88,31,113,446,193,53,47,141,40,13,4
45 to 49 years,"1,206",21,88,154,49,65,46,69,334,145,36,23,112,38,13,10
50 to 54 years,878,10,82,130,66,41,27,35,219,110,15,12,81,35,4,11
55 to 59 years,668,21,55,77,42,41,21,24,158,98,23,10,67,18,7,8
60 to 64 years,433,17,46,63,35,24,14,17,97,61,10,9,23,13,2,3
65 to 69 years,322,10,49,47,34,25,11,9,70,29,7,1,12,9,3,5
70 to 74 years,245,13,36,33,25,8,13,5,41,26,9,-,17,3,14,2
75 years and over,363,40,52,34,28,25,18,12,79,26,14,1,23,5,2,4
15 to 17 years,"1,076",2,4,10,236,295,294,205,25,4,-,-,-,-,-,-
18 years and over,"14,148",235,755,"1,474",842,932,515,"1,173","4,122","2,045",363,272,"1,024",252,84,62
15 to 24 years,"3,712",8,62,190,355,487,426,601,931,535,28,26,57,4,-,-
25 years and over,"11,512",228,698,"1,293",723,740,383,777,"3,215","1,514",334,246,967,248,84,62
15 to 64 years,"14,294",174,622,"1,369",992,"1,169",766,"1,351","3,957","1,968",332,270,972,235,65,51
65 years and over,930,63,138,114,87,58,43,27,190,81,30,2,52,17,19,10
Footnotes:,,,,,,,,,,,,,,,,
A dash (-) represents zero or rounds to zero.,,,,,,,,,,,,,,,,
/1 Plus armed forces living off post or with their families on post.,,,,,,,,,,,,,,,,
/2 12th grade no diploma are included in this category.,,,,,,,,,,,,,,,,

"Source: U.S. Census Bureau, Current Population Survey, 2005 Annual Social and Economic Supplement",,,,,,,,,,,,,,,,
Internet Release Date: October 26, 2006,,,,,,,,,,,,,,,,
"Table 1.  Educational Attainment of the Population 15 Years and Over, by Age, Sex, Race, and Hispanic Origin:  2005",,,,,,,,,,,,,,,,
(Numbers in thousands.  Civilian noninstitutionalized population /1.),,,,,,,,,,,,,,,,

"Hispanic (of any race)
and Female",Educational Attainment,,,,,,,,,,,,,,,
,Total,None,1st - 4th grade,5th - 6th grade,7th - 8th grade,9th grade,10th grade,11th grade /2,High school graduate,Some college no degree,"Associate's degree, occupational","Associate's degree, academic",Bachelor's degree,Master's degree,Professional degree,Doctoral degree
15 years and over,"14,381",261,636,"1,236",954,"1,133",824,"1,273","3,733","2,133",420,351,"1,019",305,68,33
15 to 17 years,"1,012",-,3,5,178,327,276,213,8,3,-,-,-,-,-,-
18 to 19 years,639,2,4,6,16,30,39,207,180,147,7,-,-,-,-,-
20 to 24 years,"1,691",2,28,82,50,100,69,161,533,486,41,51,85,2,-,-
25 to 29 years,"1,771",12,37,151,82,144,76,146,522,267,62,52,175,34,9,2
30 to 34 years,"1,732",18,67,157,82,137,74,115,476,250,78,49,169,46,12,4
35 to 39 years,"1,561",17,46,172,76,104,47,107,426,245,53,41,163,47,11,6
40 to 44 years,"1,419",17,71,146,79,67,66,73,387,209,67,40,129,46,18,4
45 to 49 years,"1,165",13,48,132,77,80,41,64,303,189,28,41,109,33,5,2
50 to 54 years,913,29,40,102,62,41,33,70,270,99,28,17,72,36,7,8
55 to 59 years,679,16,63,65,40,25,31,26,202,110,15,21,45,19,-,2
60 to 64 years,535,13,42,52,53,22,21,40,152,60,22,19,23,12,5,-
65 to 69 years,429,34,43,56,40,21,22,25,111,24,4,12,22,7,-,5
70 to 74 years,321,29,41,39,44,12,18,12,65,22,11,2,14,10,1,-
75 years and over,514,58,101,72,74,23,12,15,97,22,5,7,15,14,1,-
15 to 17 years,"1,012",-,3,5,178,327,276,213,8,3,-,-,-,-,-,-
18 years and over,"13,370",261,633,"1,231",777,806,548,"1,061","3,725","2,130",420,351,"1,019",305,68,33
15 to 24 years,"3,342",4,35,93,244,457,385,580,721,636,48,51,85,2,-,-
25 years and over,"11,039",257,601,"1,143",710,676,440,693,"3,012","1,497",372,300,934,303,68,33
15 to 64 years,"13,118",140,450,"1,069",797,"1,076",773,"1,221","3,460","2,064",400,330,969,275,66,28
65 years and over,"1,264",121,186,167,158,57,51,52,273,68,20,21,50,31,2,5
Footnotes:,,,,,,,,,,,,,,,,
A dash (-) represents zero or rounds to zero.,,,,,,,,,,,,,,,,
/1 Plus armed forces living off post or with their families on post.,,,,,,,,,,,,,,,,
/2 12th grade no diploma are included in this category.

"Source: U.S. Census Bureau, Current Population Survey, 2005 Annual Social and Economic Supplement"
Internet Release Date: October 26, 2006
