<?xml version="1.0" encoding="ISO-8859-1"?>
<metadata>
<idinfo>
<citation>
<citeinfo>
<origin>
National Oceanic and Atmospheric Administration, Tropical Prediction
Center/National Hurricane Center
</origin>
<pubdate>200509</pubdate>
<title>
Historical North Atlantic Hurricane Tracks - Major Storms with
Landfall in the United States, 1851-2004
</title>
<pubinfo>
<pubplace>Reston, VA</pubplace>
<publish>National Atlas of the United States</publish>
</pubinfo>
<onlink>&lt;http://nationalatlas.gov/atlasftp.html?openChapters=chpclim#chpclim&gt;</onlink>
</citeinfo>
</citation>
<descript>
<abstract>
This Historical North Atlantic Hurricane Tracks file of major storms
with landfall in the United States contains the six-hourly (0000, 0600,
1200, 1800 UTC) center locations and intensities for all northern
Atlantic major storms from 1851 through 2004.  Major storms are those
that made landfall in the United States and that were classified on the
Saffir-Simpson Hurricane Scale as Category 3, 4, or 5 at the time of
landfall.  Landfalling storms are defined as those storms whose center
is reported to have either crossed or passed directly adjacent to the
United States coastline, and which came ashore with tropical storm
intensity or greater (sustained surface winds of 34 knots or 39 miles
per hour or greater).  In 2000, 2001, 2002, and 2003 there were no
major landfalling hurricanes.  This a replacement for the January 2005
map layer distributed as Historical North Atlantic Hurricane Tracks -
Major Storms with Landfall in the United States, 1851-2003.
</abstract>
<purpose>
These data are intended for geographic display and analysis at the
national level, and for large regional areas.  The data should be
displayed and analyzed at scales appropriate for 1:2,000,000-scale
data.  No responsibility is assumed by the National Oceanic and
Atmospheric Administration or the National Atlas of the United States
in the use of these data.
</purpose>
<supplinf>
An ASCII format version of the Historical Atlantic Tropical Cyclone
Tracks file is available at
&lt;http://www.nhc.noaa.gov/tracks1851to2004_atl.txt&gt;.
The ASCII file contains the source information from which the file of
major landfalling storms was drawn.

For more information on the Saffir-Simpson Hurricane Scale, please see
&lt;http://www.nhc.noaa.gov/aboutsshs.shtml&gt;.

For more information on tropical cyclone advisories, please see
&lt;http://www.nhc.noaa.gov/HAW2/english/forecast/forecast_products.shtml&gt;.

General information on subtropical and tropical cyclones is available
from the National Oceanic and Atmospheric Administration, Atlantic 0
Oceanographic and Meteorological Laboratory, Hurricane Research
Division FAQ page at
&lt;http://www.aoml.noaa.gov/hrd/tcfaq/tcfaqHED.html&gt;, and from the
National Hurricane Center Hurricane Basics page at
&lt;http://www.nhc.noaa.gov/HAW2/english/basics.shtml&gt;.
</supplinf>
</descript>
<timeperd>
<timeinfo>
<rngdates>
<begdate>18510625</begdate>
<enddate>20041205</enddate>
</rngdates>
</timeinfo>
<current>Ground condition</current>
</timeperd>
<status>
<progress>Complete</progress>
<update>Annually</update>
</status>
<spdom>
<bounding>
<westbc>-107.0</westbc>
<eastbc>-15.0</eastbc>
<northbc>60.2</northbc>
<southbc>8.5</southbc>
</bounding>
</spdom>
<keywords>
<theme>
<themekt>ISO 19115 Topic Category</themekt>
<themekey>climatologyMeteorologyAtmosphere</themekey>
</theme>
<theme>
<themekt>None</themekt>
<themekey>Hurricanes</themekey>
<themekey>Historical hurricanes</themekey>
<themekey>Hurricane tracks</themekey>
<themekey>Historical hurricane tracks</themekey>
<themekey>Tropical storms</themekey>
<themekey>Tropical depressions</themekey>
<themekey>Major hurricanes</themekey>
<themekey>Intense hurricanes</themekey>
<themekey>Tropical storm tracks</themekey>
<themekey>Historical tropical cyclone tracks</themekey>
<themekey>Tropical cyclones</themekey>
</theme>
<place>
<placekt>None</placekt>
<placekey>United States</placekey>
<placekey>Atlantic</placekey>
<placekey>North Atlantic Basin</placekey>
<placekey>Gulf of Mexico</placekey>
<placekey>Caribbean Sea</placekey>
<placekey>Alabama</placekey>
<placekey>Alaska</placekey>
<placekey>Arizona</placekey>
<placekey>Arkansas</placekey>
<placekey>California</placekey>
<placekey>Colorado</placekey>
<placekey>Connecticut</placekey>
<placekey>Delaware</placekey>
<placekey>District of Columbia</placekey>
<placekey>Florida</placekey>
<placekey>Georgia</placekey>
<placekey>Hawaii</placekey>
<placekey>Idaho</placekey>
<placekey>Illinois</placekey>
<placekey>Indiana</placekey>
<placekey>Iowa</placekey>
<placekey>Kansas</placekey>
<placekey>Kentucky</placekey>
<placekey>Louisiana</placekey>
<placekey>Maine</placekey>
<placekey>Maryland</placekey>
<placekey>Massachusetts</placekey>
<placekey>Michigan</placekey>
<placekey>Minnesota</placekey>
<placekey>Mississippi</placekey>
<placekey>Missouri</placekey>
<placekey>Montana</placekey>
<placekey>Nebraska</placekey>
<placekey>Nevada</placekey>
<placekey>New Hampshire</placekey>
<placekey>New Jersey</placekey>
<placekey>New Mexico</placekey>
<placekey>New York</placekey>
<placekey>North Carolina</placekey>
<placekey>North Dakota</placekey>
<placekey>Ohio</placekey>
<placekey>Oklahoma</placekey>
<placekey>Oregon</placekey>
<placekey>Pennsylvania</placekey>
<placekey>Rhode Island</placekey>
<placekey>South Carolina</placekey>
<placekey>South Dakota</placekey>
<placekey>Tennessee</placekey>
<placekey>Texas</placekey>
<placekey>Utah</placekey>
<placekey>Vermont</placekey>
<placekey>Virginia</placekey>
<placekey>Washington</placekey>
<placekey>West Virginia</placekey>
<placekey>Wisconsin</placekey>
<placekey>Wyoming</placekey>
<placekey>Puerto Rico</placekey>
<placekey>U.S. Virgin Islands</placekey>
</place>
</keywords>
<accconst>None</accconst>
<useconst>
None.  Acknowledgement of the National Oceanic and Atmospheric
Administration, Tropical Prediction Center/National Hurricane Center and
(or) the National Atlas of the United States of America would be
appreciated in products derived from these data.
</useconst>
<ptcontac>
<cntinfo>
<cntorgp>
<cntorg>NOAA Coastal Services Center</cntorg>
</cntorgp>
<cntpos>Clearinghouse Manager</cntpos>
<cntaddr>
<addrtype>Mailing and physical address</addrtype>
<address>2234 South Hobson Avenue</address>
<city>Charleston</city>
<state>SC</state>
<postal>29405-2413</postal>
<country>USA</country>
</cntaddr>
<cntvoice>843-740-1200</cntvoice>
<cntfax>843-740-1315</cntfax>
<cntemail>clearinghouse@csc.noaa.gov</cntemail>
<hours>Monday - Friday 8:00 AM - 5:00 PM Eastern Time</hours>
</cntinfo>
</ptcontac>
<native>Formatted ASCII text file</native>
<crossref>
<citeinfo>
<origin>
National Oceanic and Atmospheric Administration, Tropical Prediction
Center/National Hurricane Center
</origin>
<pubdate>200509</pubdate>
<title>Historical North Atlantic Tropical Cyclone Tracks, 1851-2004</title>
<pubinfo>
<pubplace>Reston, VA</pubplace>
<publish>National Atlas of the United States</publish>
</pubinfo>
<onlink>&lt;http://nationalatlas.gov/atlasftp.html?openChapters=chpclim#chpclim&gt;</onlink>
</citeinfo>
</crossref>
<crossref>
<citeinfo>
<origin>
National Oceanic and Atmospheric Administration, Tropical Prediction
Center/National Hurricane Center
</origin>
<pubdate>200509</pubdate>
<title>Historical Eastern North Pacific Tropical Cyclone Tracks, 1949-2004</title>
<pubinfo>
<pubplace>Reston, VA</pubplace>
<publish>National Atlas of the United States</publish>
</pubinfo>
<onlink>
&lt;http://nationalatlas.gov/atlasftp.html?openChapters=chpclim#chpclim&gt;
</onlink>
</citeinfo>
</crossref>
</idinfo>
<dataqual>
<attracc>
<attraccr>
Specific accuracy information can be found in Neumann, C.J., B.R.
Jarvinen, C.J. McAdie and G.R. Hammer, 1999: Tropical Cyclones of the
North Atlantic Ocean, 1871-1999 (fifth revision).  NCDC/NHC Historical
Climatology Series 6-2, pp.11-14.  Similar standards and techniques
were applied to the post-1999 data.
</attraccr>
</attracc>
<logic>
Over-water portions of storm tracks before 1944 are subject to
considerable uncertainties.  Aircraft reconnaissance of storms near
critical areas was introduced in 1944, and continuous weather satellite
surveillance was introduced in the mid-1960s.  These two developments
mean that more recent storm records have a higher degree of accuracy than
those prior to 1944.  No tests for logical consistency have been
performed on this map layer.
</logic>
<complete>
This map layer contains all known Atlantic Basin (Gulf of Mexico,
Caribbean Sea, and North Atlantic Ocean) major hurricanes that made
landfall in the United States and that occurred between 1851 and 2004.
Major landfalling hurricanes are those that were  classified on the
Saffir-Simpson Hurricane Scale as Category 3, 4, or 5 at the time of
landfall.  In 2000, 2001, 2002, and 2003 there were no major landfalling
hurricanes.
</complete>
<posacc>
<horizpa>
<horizpar>
Over-water portions of storm tracks before 1944 are subject to
considerable uncertainties.  Aircraft reconnaissance of storms near
critical areas was introduced in 1944, and continuous weather
satellite surveillance was introduced in the mid-1960s.  These two
developments allow a high degree of probability that more recent
storm center locations were determined with a reasonable degree of
accuracy.
</horizpar>
</horizpa>
</posacc>
<lineage>
<srcinfo>
<srccite>
<citeinfo>
<origin>
National Oceanic and Atmospheric Administration, Tropical
Prediction Center/National Hurricane Center
</origin>
<pubdate>200503</pubdate>
<title>Atlantic Tracks File 1851-2004</title>
<edition>2004</edition>
<geoform>Table</geoform>
<pubinfo>
<pubplace>Miami, FL</pubplace>
<publish>NOAA Tropical Prediction Center/National Hurricane Center</publish>
</pubinfo>
<onlink>&lt;http://www.nhc.noaa.gov/pastall.shtml&gt;</onlink>
</citeinfo>
</srccite>
<typesrc>Online</typesrc>
<srctime>
<timeinfo>
<rngdates>
<begdate>1851</begdate>
<enddate>2004</enddate>
</rngdates>
</timeinfo>
<srccurr>Ground condition</srccurr>
</srctime>
<srccitea>ATL_2004</srccitea>
<srccontr>Spatial and attribute information.</srccontr>
</srcinfo>
<srcinfo>
<srccite>
<citeinfo>
<origin>National Atlas of the United States</origin>
<pubdate>200509</pubdate>
<title>Historical North Atlantic Tropical Cyclone Tracks, 1851-2004</title>
<pubinfo>
<pubplace>Reston, VA</pubplace>
<publish>National Atlas of the United States</publish>
</pubinfo>
<onlink>&lt;http://nationalatlas.gov/atlasftp.html?openChapters=chpclim#chpclim&gt;</onlink>
</citeinfo>
</srccite>
<typesrc>Online</typesrc>
<srctime>
<timeinfo>
<rngdates>
<begdate>1851</begdate>
<enddate>2004</enddate>
</rngdates>
</timeinfo>
<srccurr>Ground condition</srccurr>
</srctime>
<srccitea>Atlas-hurall04</srccitea>
<srccontr>Spatial and attribute information</srccontr>
</srcinfo>
<procstep>
<procdesc>
To create Atlas-hurall04 from ATL_2004, historical track information
was downloaded from the National Hurricane Center&apos;s Web site.  The
ASCII text file was formatted into an Arc/INFO table using AML.  The
INFO table was then processed into a generate file and an attribute
table that were converted into an attributed cover.

Location points are recorded every six hours.  Each recorded point
was associated with a unique line that extends from that point to the
next recorded point.  Small line segments, approximately 0.0001
degree long, were added to the end of each storm track to retain the
final collection point&apos;s information.  In the source data, tracks
that crossed the 0-degree longitude line had negative longitude
values even in the eastern hemisphere.  These longitude values were
converted to the corresponding positive longitude values.

A limit in the processing software will not allow duplicate points,
so where a storm stood still longer than the six-hour collection
interval, the next location point was offset approximately 0.0001
degrees to retain relevant information.

During the process of creating Atlas-hurall04, information on
landfalling storms was extracted to an INFO table.  This information
was joined to Atlas-hurall04 and used to extract landfalling major
hurricanes, which are those that made landfall as category 3 or higher.

The cover was converted into a shapefile and an SDTS-formatted file.
</procdesc>
<srcused>ATL_2004</srcused>
<srcused>Atlas-hurall04</srcused>
<procdate>200509</procdate>
</procstep>
</lineage>
</dataqual>
<spdoinfo>
<direct>Vector</direct>
<ptvctinf>
<sdtsterm>
<sdtstype>String</sdtstype>
<ptvctcnt>4056</ptvctcnt>
</sdtsterm>
</ptvctinf>
</spdoinfo>
<spref>
<horizsys>
<geograph>
<latres>0.1</latres>
<longres>0.1</longres>
<geogunit>Decimal degrees</geogunit>
</geograph>
<geodetic>
<horizdn>North American Datum of 1983</horizdn>
<ellips>GRS1980</ellips>
<semiaxis>6378137.0</semiaxis>
<denflat>298.257222</denflat>
</geodetic>
</horizsys>
</spref>
<eainfo>
<detailed>
<enttyp>
<enttypl>Major hurricane tracks (described by Hurmjrl020.dbf)</enttypl>
<enttypd>
The path followed by the center of a major landfalling hurricane.  A
major landfalling hurricane is one that made landfall in the United
States and that was classified on the Saffir-Simpson Hurricane Scale
as a Category 3, 4, or 5 hurricane at the time of landfall.  A
hurricane is a warm-core tropical cyclone in which the maximum
sustained surface wind is 64 knots/74 mph or more.  A landfalling
storm is defined as a storm whose center is reported to have either
crossed or passed directly adjacent to the United States coastline,
and which came ashore with tropical storm intensity or greater.
</enttypd>
<enttypds>
National Oceanic and Atmospheric Administration, Tropical Prediction
Center/National Hurricane Center
</enttypds>
</enttyp>
<attr>
<attrlabl>Shape</attrlabl>
<attrdef>The representation of the entity in the data.</attrdef>
<attrdefs>National Atlas of the United States</attrdefs>
<attrdomv>
<edom>
<edomv>Polyline</edomv>
<edomvd>
1-dimensional element that may or may not surround a 2-
dimensional element.
</edomvd>
<edomvds>ESRI GIS software</edomvds>
</edom>
</attrdomv>
</attr>
<attr>
<attrlabl>Fnode#</attrlabl>
<attrdef>Internal sequence number of the from-node.</attrdef>
<attrdefs>National Atlas of the United States</attrdefs>
<attrdomv>
<rdom>
<rdommin>0</rdommin>
<rdommax>0</rdommax>
</rdom>
</attrdomv>
</attr>
<attr>
<attrlabl>Tnode#</attrlabl>
<attrdef>Internal sequence number of the to-node.</attrdef>
<attrdefs>National Atlas of the United States</attrdefs>
<attrdomv>
<rdom>
<rdommin>0</rdommin>
<rdommax>0</rdommax>
</rdom>
</attrdomv>
</attr>
<attr>
<attrlabl>Lpoly#</attrlabl>
<attrdef>Internal sequence number of the left polygon.</attrdef>
<attrdefs>National Atlas of the United States</attrdefs>
<attrdomv>
<rdom>
<rdommin>0</rdommin>
<rdommax>0</rdommax>
</rdom>
</attrdomv>
</attr>
<attr>
<attrlabl>Rpoly#</attrlabl>
<attrdef>Internal sequence number of the right polygon.</attrdef>
<attrdefs>National Atlas of the United States</attrdefs>
<attrdomv>
<rdom>
<rdommin>0</rdommin>
<rdommax>0</rdommax>
</rdom>
</attrdomv>
</attr>
<attr>
<attrlabl>Length</attrlabl>
<attrdef>
Length of the line in coverage units.  In the distributed file,
coverage units represent decimal degrees.
</attrdef>
<attrdefs>National Atlas of the United States</attrdefs>
<attrdomv>
<rdom>
<rdommin>0.000</rdommin>
<rdommax>9.708</rdommax>
</rdom>
</attrdomv>
</attr>
<attr>
<attrlabl>Hurmjrl020</attrlabl>
<attrdef>Internal feature number.</attrdef>
<attrdefs>National Atlas of the United States</attrdefs>
<attrdomv>
<rdom>
<rdommin>1</rdommin>
<rdommax>4056</rdommax>
</rdom>
</attrdomv>
</attr>
<attr>
<attrlabl>Year</attrlabl>
<attrdef>
The year of the storm advisory, in the format yyyy.  Advisories are
issued for storms that have attained at least tropical depression
status, and are issued every six hours, at 0000, 0600, 1200, and 1800
hours.  Tropical Prediction Center/National Hurricane Center
advisories are discontinued once a storm makes landfall and all storm
warnings are dropped, or when the wind speed drops below 30 knots or
35 mph.  The records for each date are listed in order.
</attrdef>
<attrdefs>
National Oceanic and Atmospheric Administration, Tropical Prediction
Center/National Hurricane Center
</attrdefs>
<attrdomv>
<rdom>
<rdommin>1851</rdommin>
<rdommax>2004</rdommax>
</rdom>
</attrdomv>
</attr>
<attr>
<attrlabl>Month</attrlabl>
<attrdef>
The month of the storm advisory.  Advisories are issued for storms
that have attained at least tropical depression status, and are
issued every six hours, at 0000, 0600, 1200, and 1800 hours.
Tropical Prediction Center/National Hurricane Center advisories are
discontinued once a storm makes landfall and all storm warnings are
dropped, or when the wind speed drops below 30 knots or 35 mph.  The
records for each date are listed in order.
</attrdef>
<attrdefs>
National Oceanic and Atmospheric Administration, Tropical Prediction
Center/National Hurricane Center
</attrdefs>
<attrdomv>
<rdom>
<rdommin>6</rdommin>
<rdommax>10</rdommax>
</rdom>
</attrdomv>
</attr>
<attr>
<attrlabl>Day</attrlabl>
<attrdef>
The day of the storm advisory.  Advisories are issued for storms that
have attained at least tropical depression status, and are issued
every six hours, at 0000, 0600, 1200, and 1800 hours.  Tropical
Prediction Center/National Hurricane Center advisories are
discontinued once a storm makes landfall and all storm warnings are
dropped, or when the wind speed drops below 30 knots or 35 mph.  The
records for each date are listed in order.
</attrdef>
<attrdefs>
National Oceanic and Atmospheric Administration, Tropical Prediction
Center/National Hurricane Center
</attrdefs>
<attrdomv>
<rdom>
<rdommin>1</rdommin>
<rdommax>31</rdommax>
</rdom>
</attrdomv>
</attr>
<attr>
<attrlabl>Btid</attrlabl>
<attrdef>The unique event identifier.</attrdef>
<attrdefs>
National Oceanic and Atmospheric Administration, Tropical Prediction
Center/National Hurricane Center
</attrdefs>
<attrdomv>
<rdom>
<rdommin>4</rdommin>
<rdommax>1320</rdommax>
</rdom>
</attrdomv>
</attr>
<attr>
<attrlabl>Name</attrlabl>
<attrdef>
The given name of a storm.  Storms are named if they are true
tropical storms and attain a sustained wind speed of at least 39 mph.
</attrdef>
<attrdefs>
National Oceanic and Atmospheric Administration, Tropical Prediction
Center/National Hurricane Center
</attrdefs>
<attrdomv>
<codesetd>
<codesetn>World-Wide Tropical Cyclone Names</codesetn>
<codesets>World Meteorological Organization</codesets>
</codesetd>
</attrdomv>
<attrdomv>
<edom>
<edomv>NOT NAMED</edomv>
<edomvd>
There is no given name for the storm.  Prior to 1950 storms were
not named.  Later storms that were not recognized as tropical
storms or hurricanes at the time of their occurrence are also not
named.
</edomvd>
<edomvds>
National Oceanic and Atmospheric Administration, Tropical
Prediction Center/National Hurricane Center
</edomvds>
</edom>
</attrdomv>
</attr>
<attr>
<attrlabl>Wind_kts</attrlabl>
<attrdef>
The measured or estimated wind speed at the time of the advisory, in
whole knots.
</attrdef>
<attrdefs>
National Oceanic and Atmospheric Administration, Tropical Prediction
Center/National Hurricane Center
</attrdefs>
<attrdomv>
<rdom>
<rdommin>15.0</rdommin>
<rdommax>165.0</rdommax>
</rdom>
</attrdomv>
</attr>
<attr>
<attrlabl>Pressure</attrlabl>
<attrdef>
The measured or estimated barometric pressure at the time of the
advisory, in millibars.
</attrdef>
<attrdefs>
National Oceanic and Atmospheric Administration, Tropical Prediction
Center/National Hurricane Center
</attrdefs>
<attrdomv>
<edom>
<edomv>0</edomv>
<edomvd>The barometric pressure is unknown.</edomvd>
<edomvds>
National Oceanic and Atmospheric Administration, Tropical
Prediction Center/National Hurricane Center
</edomvds>
</edom>
</attrdomv>
<attrdomv>
<rdom>
<rdommin>892</rdommin>
<rdommax>1020</rdommax>
</rdom>
</attrdomv>
</attr>
<attr>
<attrlabl>Location</attrlabl>
<attrdef>
A code indicating where in the United States the storm made landfall
or impacted a point along the coast, and at what intensity, in the
format HR ST#.  ST is the two-character State abbreviation, or a
location code from the table below, and # is the intensity
classification on the Saffir-Simpson Hurricane Scale.  Additional
codes in the string (HR ST# ST#, etc.) indicate the location and
intensity of the storm when it passed back over water or impacted
additional points along the coast with hurricane-force winds.  A
storm may make landfall multiple times.
&gt;
&gt; Code             Location
&gt;--------------------------------------------------------------------
&gt; AFL              NW Florida coast - the Gulf coast down to Tarpon
&gt;                  Springs
&gt; BFL              SW Florida coast - Tarpon Springs to the Keys
&gt; CFL              SE Florida coast - north to Cape Canaveral
&gt; DFL              NE Florida coast - north of Cape Canaveral
&gt; ATX              Southern Texas coast south of Corpus Christi
&gt; BTX              Central Texas coast between Corpus Christi and
&gt;                  Matagorda Bay

&gt; CTX              Northern Texas coast from Matagorda Bay to the
&gt;                  Louisiana state line
&gt;
For example, Hurricane Andrew (1992) has a location code of
HRCFL5BFL4 LA3, which means that Andrew made landfall as a Category
5 hurricane on the southeast coast of Florida, crossed the peninsula
and exited as a Category 4 hurricane on the southwest coast of
Florida, crossed the Gulf of Mexico and then made final landfall on
the Louisiana coast as a Category 3 hurricane.
</attrdef>
<attrdefs>
National Oceanic and Atmospheric Administration, Tropical Prediction
Center/National Hurricane Center
</attrdefs>
<attrdomv>
<udom>There is no predefined set of valid location codes.</udom>
</attrdomv>
</attr>
<attr>
<attrlabl>Winds_mph</attrlabl>
<attrdef>
The measured or estimated wind speed at the time of the advisory,
rounded to the nearest 5 miles per hour.
</attrdef>
<attrdefs>
National Oceanic and Atmospheric Administration, NOAA Coastal
Services Center
</attrdefs>
<attrdomv>
<rdom>
<rdommin>15.0</rdommin>
<rdommax>190.0</rdommax>
</rdom>
</attrdomv>
</attr>
<attr>
<attrlabl>Category</attrlabl>
<attrdef>
The intensity classification of the storm.  Hurricanes are classified
according to the Saffir-Simpson Hurricane Scale.
</attrdef>
<attrdefs>
National Oceanic and Atmospheric Administration, Tropical Prediction
Center/National Hurricane Center
</attrdefs>
<attrdomv>
<edom>
<edomv>D</edomv>
<edomvd>
The storm was classified as a tropical disturbance at the time of
the advisory.  A tropical disturbance is a discrete tropical
weather system of apparently organized convection (i.e.
thunderstorm activity), which is generally 100 to 300 nautical
miles in diameter.  It originates in the tropics or subtropics,
has a nonfrontal migratory character, and maintains its identity
for 24 hours or more.  It does not necessarily exhibit
circulation, but may develop into a tropical cyclone.
</edomvd>
<edomvds>
National Oceanic and Atmospheric Administration, Tropical
Prediction Center/National Hurricane Center
</edomvds>
</edom>
</attrdomv>
<attrdomv>
<edom>
<edomv>E</edomv>
<edomvd>
The storm was classified as Extratropical at the time of the
advisory.  Extratropical is a term used in advisories and
tropical summaries to indicate that a cyclone has lost its
tropical characteristics.  The term implies both that the cyclone
has moved out of the tropics and that the energy source driving
the storm has changed.  While tropical cyclones derive their
energy from the convection of warm, moist air, extratropical
storms derive their energy from the temperature contrast between
warm and cold air masses.  It is important to note that cyclones
can become extratropical and still retain winds of hurricane or
tropical storm force.
</edomvd>
<edomvds>
National Oceanic and Atmospheric Administration, Tropical
Prediction Center/National Hurricane Center
</edomvds>
</edom>
</attrdomv>
<attrdomv>
<edom>
<edomv>h3</edomv>
<edomvd>
The storm was classified as a Category 1 hurricane at the time of
the advisory.  A Category 1 hurricane is a tropical cyclone with
maximum sustained surface (10 meter) winds of 64 knots/74 mph to
82 knots/95 mph, inclusive.
</edomvd>
<edomvds>
National Oceanic and Atmospheric Administration, Tropical
Prediction Center/National Hurricane Center
</edomvds>
</edom>
</attrdomv>
<attrdomv>
<edom>
<edomv>H2</edomv>
<edomvd>
The storm was classified as a Category 2 hurricane at the time of
the advisory.  A Category 2 hurricane is a tropical cyclone with
maximum sustained surface (10 meter) winds of 83 knots/96 mph to
95 knots/110 mph, inclusive.
</edomvd>
<edomvds>
National Oceanic and Atmospheric Administration, Tropical
Prediction Center/National Hurricane Center
</edomvds>
</edom>
</attrdomv>
<attrdomv>
<edom>
<edomv>H3</edomv>
<edomvd>
The storm was classified as a Category 3 hurricane at the time of
the advisory.  A Category 3 hurricane is a tropical cyclone with
maximum sustained surface (10 meter) winds of 96 knots/111 mph to
113 knots/130 mph, inclusive.
</edomvd>
<edomvds>
National Oceanic and Atmospheric Administration, Tropical
Prediction Center/National Hurricane Center
</edomvds>
</edom>
</attrdomv>
<attrdomv>
<edom>
<edomv>H4</edomv>
<edomvd>
The storm was classified as a Category 4 hurricane at the time of
the advisory.  A Category 4 hurricane is a tropical cyclone with
maximum sustained surface (10 meter) winds of 114 knots/131 mph
to 135 knots/155 mph, inclusive.
</edomvd>
<edomvds>
National Oceanic and Atmospheric Administration, Tropical
Prediction Center/National Hurricane Center
</edomvds>
</edom>
</attrdomv>
<attrdomv>
<edom>
<edomv>H5</edomv>
<edomvd>
The storm was classified as a Category 5 hurricane at the time of
the advisory.  A Category 5 hurricane is a tropical cyclone with
maximum sustained surface (10 meter) winds greater than 135
knots/155 mph.
</edomvd>
<edomvds>
National Oceanic and Atmospheric Administration, Tropical
Prediction Center/National Hurricane Center
</edomvds>
</edom>
</attrdomv>
<attrdomv>
<edom>
<edomv>L</edomv>
<edomvd>
The storm was classified as a tropical low at the time of
the advisory.  A tropical low indicates low pressure at the
surface, but no other characteristics of a tropical cyclone are
present.
</edomvd>
<edomvds>
National Oceanic and Atmospheric Administration, Tropical
Prediction Center/National Hurricane Center
</edomvds>
</edom>
</attrdomv>
<attrdomv>
<edom>
<edomv>TD</edomv>
<edomvd>
The storm was classified as a tropical depression at the time of
the advisory.  A tropical depression is a tropical cyclone with
maximum sustained surface (10 meter) winds of less than 34 knots/
39 mph.
</edomvd>
<edomvds>
National Oceanic and Atmospheric Administration, Tropical
Prediction Center/National Hurricane Center
</edomvds>
</edom>
</attrdomv>
<attrdomv>
<edom>
<edomv>TS</edomv>
<edomvd>
The storm was classified as a tropical storm at the time of the
advisory.  A tropical storm is a tropical cyclone with maximum
sustained surface (10 meter) winds of 34 knots/39 mph to 64
knots/73 mph, inclusive.
</edomvd>
<edomvds>
National Oceanic and Atmospheric Administration, Tropical
Prediction Center/National Hurricane Center
</edomvds>
</edom>
</attrdomv>
</attr>
</detailed>
</eainfo>
<distinfo>
<distrib>
<cntinfo>
<cntorgp>
<cntorg>Earth Science Information Center, U.S. Geological Survey</cntorg>
</cntorgp>
<cntaddr>
<addrtype>Mailing address</addrtype>
<address>507 National Center</address>
<city>Reston</city>
<state>VA</state>
<postal>20192</postal>
</cntaddr>
<cntvoice>1-888-ASK-USGS (1-888-275-8747)</cntvoice>
<cntvoice>703-648-5920</cntvoice>
<cntinst>
In addition to the address above there are other ESIC offices
throughout the country.  A full list of these offices is at
&lt;http://ask.usgs.gov/esic_index.html&gt;.
</cntinst>
</cntinfo>
</distrib>
<distliab>
Although these data have been processed successfully on a computer system
at the U.S. Geological Survey, no warranty expressed or implied is made
by the U.S. Geological Survey regarding the utility of the data on any
other system, nor shall the act of distribution constitute any such
warranty.  No responsibility is assumed by the U.S. Geological Survey in
the use of these data.
</distliab>
<stdorder>
<digform>
<digtinfo>
<formname>ESRI Shapefile</formname>
</digtinfo>
<digtopt>
<onlinopt>
<computer>
<networka>
<networkr>&lt;http://nationalatlas.gov/atlasftp.html?openChapters=chpclim#chpclim&gt;</networkr>
</networka>
</computer>
</onlinopt>
</digtopt>
</digform>
<digform>
<digtinfo>
<formname>SDTS</formname>
</digtinfo>
<digtopt>
<onlinopt>
<computer>
<networka>
<networkr>&lt;http://nationalatlas.gov/atlasftp.html?openChapters=chpclim#chpclim&gt;</networkr>
</networka>
</computer>
</onlinopt>
</digtopt>
</digform>
<fees>
There is no charge for the map layer.
</fees>
</stdorder>
</distinfo>
<metainfo>
<metd>20060619</metd>
<metc>
<cntinfo>
<cntperp>
<cntper>Peg Rawson</cntper>
<cntorg>National Atlas of the United States</cntorg>
</cntperp>
<cntaddr>
<addrtype>Mailing address</addrtype>
<address>12201 Sunrise Valley Dr</address>
<address>MS 561</address>
<city>Reston</city>
<state>VA</state>
<postal>20192</postal>
</cntaddr>
<cntvoice>703-648-4183</cntvoice>
<cntemail>atlasmail@usgs.gov</cntemail>
</cntinfo>
</metc>
<metstdn>FGDC Content Standards for Digital Geospatial Metadata</metstdn>
<metstdv>FGDC-STD-001-1998</metstdv>
<metsi>
<metscs>None</metscs>
<metsc>Unclassified</metsc>
<metshd>None</metshd>
</metsi>
</metainfo>
</metadata>
