<?xml version="1.0" encoding="UTF-8"?>
<?xml-stylesheet type="text/xsl" href="billres.xsl"?>
<!--<?xml version="1.0"?>-->
<!--<!DOCTYPE bill PUBLIC "-//US Congress//DTDs/bill.dtd//EN" "C:\Program Files\Blast Radius\rules\bill.dtd" []>-->
<!DOCTYPE bill PUBLIC "-//US Congress//DTDs/bill v2.8 20020720//EN" "http://thomas.loc.gov/dtd/bill.dtd">
<bill bill-stage="Introduced-in-House" bill-type="olc" dms-id="H9CCA45833E9746E48E2195A672CDF400" public-private="public">
<metadata xmlns:dc="http://purl.org/dc/elements/1.1/">
<dublinCore>
<dc:title>110 HR 6792 IH: Veterans Physical Therapy Services
</dc:title>
<dc:publisher>U.S. House of Representatives</dc:publisher>
<dc:date>2008-08-01</dc:date>
<dc:format>text/xml</dc:format>
<dc:language>EN</dc:language>
<dc:rights>Pursuant to Title 17 Section 105 of the United States Code, this file is not subject to copyright protection and is in the public domain.</dc:rights>
</dublinCore>
</metadata>
	<form>
		<distribution-code display="yes">I</distribution-code>
		<congress>110th CONGRESS</congress>
		<session>2d Session</session>
		<legis-num>H. R. 6792</legis-num>
		<current-chamber>IN THE HOUSE OF REPRESENTATIVES</current-chamber>
		<action>
			<action-date date="20080801">August 1, 2008</action-date>
			<action-desc><sponsor name-id="H001037">Ms. Herseth Sandlin</sponsor>
			 (for herself and <cosponsor name-id="B001236">Mr. Boozman</cosponsor>)
			 introduced the following bill; which was referred to the
			 <committee-name committee-id="HVR00">Committee on Veterans’
			 Affairs</committee-name></action-desc>
		</action>
		<legis-type>A BILL</legis-type>
		<official-title>To amend title 38, United States Code, to establish the
		  position of Director of Physical Therapy Service within the Veterans Health
		  Administration and to establish a fellowship program for physical therapists in
		  the areas of geriatrics, amputee rehabilitation, polytrauma care, and
		  rehabilitation research.</official-title>
	</form>
	<legis-body id="H3B5DAE7CAB974E05A6FAA106BA1D317B" style="OLC">
		<section id="H4A0ECB31085F4A608B2BDF0579C59D2B" section-type="section-one"><enum>1.</enum><header>Short title</header><text display-inline="no-display-inline">This Act may be cited as the
			 <quote><short-title>Veterans Physical Therapy Services
			 Improvement Act of 2008</short-title></quote>.</text>
		</section><section id="H58088382C4C441A6A007FB6039F93158"><enum>2.</enum><header>Finding</header><text display-inline="no-display-inline">The Congress finds that chronic conditions
			 of the aging veteran population and the complex impairments associated with
			 returning veterans from Operation Enduring Freedom (OEF) in Afghanistan and
			 Operation Iraqi Freedom (OIF) in Iraq have increased the need to recruit and
			 retain physical therapists in the Veterans Health Administration.</text>
		</section><section id="H224213C28B444ACC94D092B45A9CA47"><enum>3.</enum><header>Creation of
			 director of physical therapy service</header><text display-inline="no-display-inline">Paragraph (6) of section 7306(a) of title
			 38, United States Code, is amended by inserting <quote>a Director of Physical
			 Therapy Service,</quote> after <quote>a Director of Podiatric
			 Service,</quote>.</text>
		</section><section id="H0BD43E87C801453D8ED2F96B8D245DEC"><enum>4.</enum><header>Qualifications
			 for appointment of physical therapists</header><text display-inline="no-display-inline"><external-xref legal-doc="usc" parsable-cite="usc/38/7402">Section 7402(b)</external-xref> of title 38, United States
			 Code, is amended—</text>
			<paragraph id="H5DD24C5734FF4FEFAFA58B8866F24910"><enum>(1)</enum><text display-inline="yes-display-inline">by redesignating the paragraph (11)
			 relating to other health-care positions as paragraph (14); and</text>
			</paragraph><paragraph id="HA3741F18A24345C191ABBFCED27E1810"><enum>(2)</enum><text>by redesignating
			 paragraph (10), the other paragraph (11), and paragraph (12) as paragraphs
			 (11), (12), and (13), respectively, and by inserting after paragraph (9) the
			 following new paragraph:</text>
				<quoted-block display-inline="no-display-inline" id="H54B3A654C3884A4A8C46064E82C1CAE" style="OLC">
					<paragraph id="HE5A8788781964D91B06582B6B7E709CB"><enum>(10)</enum><header>Physical
				therapist</header><text display-inline="yes-display-inline">To be eligible to
				be appointed to a physical therapist position, a person must—</text>
						<subparagraph id="HE4A8F668B1114838AA3192D316D5EE00"><enum>(A)</enum><clause commented="no" display-inline="yes-display-inline" id="idB8C0748801E14AA1BFC9ABA740C04A84"><enum>(i)</enum><text>hold the degree of
				doctor of physical therapy or other post baccalaureate degree in physical
				therapy from an accredited college or university approved by the Secretary;
				or</text>
							</clause><clause id="H3014EC1890C74530B67389DFECE3BFDD" indent="up1"><enum>(ii)</enum><text>have completed a degree in
				physical therapy from an accredited college or university approved by the
				Secretary and be employed on the date of the enactment of this paragraph by the
				Administration as a physical therapist; and</text>
							</clause></subparagraph><subparagraph id="HCA86332268EF48FFB92B871F546F4272"><enum>(B)</enum><text>be licensed to
				practice physical therapy in a
				State.</text>
						</subparagraph></paragraph><after-quoted-block>.</after-quoted-block></quoted-block>
			</paragraph></section><section id="H887EF8E767944578B24403C7E7101DEE"><enum>5.</enum><header>Creation of a
			 fellowship program for physical therapists in the areas of geriatrics, amputee
			 rehabilitation, poly­trau­ma, and rehabilitation research</header>
			<subsection id="H0BF775B1D75C4D04AA4B357753FA4653"><enum>(a)</enum><header>In
			 general</header><text display-inline="yes-display-inline">Chapter 76 of title
			 38, United States Code, is amended by adding at the end the following new
			 subchapter:</text>
				<quoted-block display-inline="no-display-inline" id="H3062D4CA1B3D4151B7AC446700728911" style="OLC">
					<subchapter id="HAAFC8AB3EC4B489FAD30F0D7391422FD"><enum>VIII</enum><header>Fellowships for
				physical therapists in geriatrics, amputee rehabilitation, polytrauma care, and
				rehabilitation research</header>
						<section id="HF020AFF596CA429B97242104B4C0D6FA"><enum>7691.</enum><header>Authority for
				program</header>
							<subsection id="H6008E074399747759F14D6DD03B6F9F5"><enum>(a)</enum><header>In
				general</header><text display-inline="yes-display-inline">There is hereby
				established a program to be known as the Department of Veterans Affairs
				Geriatric, Amputee, Polytrauma, and Rehabilitation Research Fellowships
				Program.</text>
							</subsection><subsection id="H3FAA36AAA1B3423288F462E29E78A0AC"><enum>(b)</enum><header>Purpose</header><text>The
				purpose of such Program is to assist in the recruitment of qualified physical
				therapists for positions in the Veterans Health Administration specializing in
				the areas of geriatrics, amputee rehabilitation, polytrauma care, and
				rehabilitation
				research.</text>
							</subsection></section></subchapter><after-quoted-block>.</after-quoted-block></quoted-block>
			</subsection><subsection id="H42AB8FF8159A44BC80C4A3F12D954D40"><enum>(b)</enum><header>Clerical
			 amendment</header><text>The table of sections at the beginning of such chapter
			 76 is amended by adding at the end the following:</text>
				<quoted-block display-inline="no-display-inline" id="H7D23BAC419B249C3A7002300A500A234" style="OLC">
					<toc regeneration="no-regeneration">
						<toc-entry level="subchapter">Subchapter VIII—Fellowships for
				physical therapists in geriatrics, amputee rehabilitation, polytrauma care, and
				rehabilitation research</toc-entry>
						<toc-entry level="section">Sec. 7691. Authority for
				program.</toc-entry>
					</toc>
					<after-quoted-block>.</after-quoted-block></quoted-block>
			</subsection></section></legis-body>
</bill>


