<?xml version="1.0" encoding="UTF-8"?>
<!--Created by Guided Data Capture (GDC) Software (http://www.trc.nist.gov)-->
<DataReport xmlns:xsi="http://www.w3.org/2001/XMLSchema-instance" xsi:noNamespaceSchemaLocation="http://www.trc.nist.gov/ThermoML.xsd">
	<Version>
		<nVersionMajor>2</nVersionMajor>
		<nVersionMinor>0</nVersionMinor>
	</Version>
	<Citation>
		<TRCRefID>
			<yrYrPub>2004</yrYrPub>
			<sAuthor1>kim</sAuthor1>
			<sAuthor2>che</sAuthor2>
			<nAuthorn>0</nAuthorn>
		</TRCRefID>
		<eType>journal</eType>
		<eSourceType>Original</eSourceType>
		<sAuthor>Kim, K. -J.[Kwang-Joo]</sAuthor>
		<sAuthor>Cheon, Y.-H.[Yang-Ho]</sAuthor>
		<sPubName>J. Chem. Eng. Data</sPubName>
		<yrPubYr>2004</yrPubYr>
		<dateCit>2004-10-15</dateCit>
		<sTitle>Solubility and Density of 2,6-Dimethylnaphthalene in C1-C7 1-Alkanols</sTitle>
		<sAbstract>Experimental data on the solid-liquid equilibria in 2,6-dimethylnaphthalene (DMN) + C1-C7 1-alkanols were obtained over the temperature range of 243.15 K to 343.15 K. The solubility of 2,6-DMN in alcohols increases with increase in polarity of alcohol. The results were well fitted by the best correlation equation. Densities of their binary mixtures have been measured at the temperatures from 253.15 K to 333.15 K and at the mole fractions from 0.0017 to 0.0167. Results for the density were well correlated with the empirical equations.</sAbstract>
		<sKeyword>Solubility</sKeyword>
		<sKeyword>Density</sKeyword>
		<sKeyword>2</sKeyword>
		<sKeyword>6-Dimethylnaphthalene</sKeyword>
		<sKeyword>C1-C7 1-Alkanols</sKeyword>
		<sVol>49</sVol>
		<sPage>992-996</sPage>
	</Citation>
	<Compound>
		<RegNum>
			<nOrgNum>1</nOrgNum>
		</RegNum>
		<sCommonName>2,6-dimethylnaphthalene</sCommonName>
		<sFormulaMolec>C12H12</sFormulaMolec>
		<Sample>
			<nSampleNm>1</nSampleNm>
			<eSource>Commercial source</eSource>
			<purity>
				<nStep>1</nStep>
				<nPurityVol>99</nPurityVol>
				<nPurityVolDigits>2</nPurityVolDigits>
				<eAnalMeth>Not known</eAnalMeth>
			</purity>
			<purity>
				<nStep>2</nStep>
				<ePurifMethod>Crystallization from solution</ePurifMethod>
			</purity>
			<purity>
				<nStep>2</nStep>
				<nPurityVol>99.9</nPurityVol>
				<nPurityVolDigits>3</nPurityVolDigits>
				<eAnalMeth>Gas chromatography</eAnalMeth>
			</purity>
		</Sample>
	</Compound>
	<Compound>
		<RegNum>
			<nOrgNum>2</nOrgNum>
		</RegNum>
		<sCommonName>methanol</sCommonName>
		<sFormulaMolec>CH4O</sFormulaMolec>
		<Sample>
			<nSampleNm>1</nSampleNm>
			<eSource>Commercial source</eSource>
			<purity>
				<nStep>1</nStep>
				<ePurifMethod>None used</ePurifMethod>
			</purity>
			<purity>
				<nStep>1</nStep>
				<nPurityVol>99.5</nPurityVol>
				<nPurityVolDigits>3</nPurityVolDigits>
				<eAnalMeth>Gas chromatography</eAnalMeth>
			</purity>
		</Sample>
	</Compound>
	<Compound>
		<RegNum>
			<nOrgNum>3</nOrgNum>
		</RegNum>
		<sCommonName>ethanol</sCommonName>
		<sFormulaMolec>C2H6O</sFormulaMolec>
		<Sample>
			<nSampleNm>1</nSampleNm>
			<eSource>Commercial source</eSource>
			<purity>
				<nStep>1</nStep>
				<ePurifMethod>None used</ePurifMethod>
			</purity>
			<purity>
				<nStep>1</nStep>
				<nPurityVol>99.5</nPurityVol>
				<nPurityVolDigits>3</nPurityVolDigits>
				<eAnalMeth>Gas chromatography</eAnalMeth>
			</purity>
		</Sample>
	</Compound>
	<Compound>
		<RegNum>
			<nOrgNum>4</nOrgNum>
		</RegNum>
		<sCommonName>1-propanol</sCommonName>
		<sFormulaMolec>C3H8O</sFormulaMolec>
		<Sample>
			<nSampleNm>1</nSampleNm>
			<eSource>Commercial source</eSource>
			<purity>
				<nStep>1</nStep>
				<ePurifMethod>None used</ePurifMethod>
			</purity>
			<purity>
				<nStep>1</nStep>
				<nPurityVol>99.5</nPurityVol>
				<nPurityVolDigits>3</nPurityVolDigits>
				<eAnalMeth>Gas chromatography</eAnalMeth>
			</purity>
		</Sample>
	</Compound>
	<Compound>
		<RegNum>
			<nOrgNum>5</nOrgNum>
		</RegNum>
		<sCommonName>1-butanol</sCommonName>
		<sFormulaMolec>C4H10O</sFormulaMolec>
		<Sample>
			<nSampleNm>1</nSampleNm>
			<eSource>Commercial source</eSource>
			<purity>
				<nStep>1</nStep>
				<ePurifMethod>None used</ePurifMethod>
			</purity>
			<purity>
				<nStep>1</nStep>
				<nPurityVol>99.5</nPurityVol>
				<nPurityVolDigits>3</nPurityVolDigits>
				<eAnalMeth>Gas chromatography</eAnalMeth>
			</purity>
		</Sample>
	</Compound>
	<Compound>
		<RegNum>
			<nOrgNum>6</nOrgNum>
		</RegNum>
		<sCommonName>1-pentanol</sCommonName>
		<sFormulaMolec>C5H12O</sFormulaMolec>
		<Sample>
			<nSampleNm>1</nSampleNm>
			<eSource>Commercial source</eSource>
			<purity>
				<nStep>1</nStep>
				<ePurifMethod>None used</ePurifMethod>
			</purity>
			<purity>
				<nStep>1</nStep>
				<nPurityVol>99.5</nPurityVol>
				<nPurityVolDigits>3</nPurityVolDigits>
				<eAnalMeth>Gas chromatography</eAnalMeth>
			</purity>
		</Sample>
	</Compound>
	<Compound>
		<RegNum>
			<nOrgNum>7</nOrgNum>
		</RegNum>
		<sCommonName>1-hexanol</sCommonName>
		<sFormulaMolec>C6H14O</sFormulaMolec>
		<Sample>
			<nSampleNm>1</nSampleNm>
			<eSource>Commercial source</eSource>
			<purity>
				<nStep>1</nStep>
				<ePurifMethod>None used</ePurifMethod>
			</purity>
			<purity>
				<nStep>1</nStep>
				<nPurityVol>99.5</nPurityVol>
				<nPurityVolDigits>3</nPurityVolDigits>
				<eAnalMeth>Gas chromatography</eAnalMeth>
			</purity>
		</Sample>
	</Compound>
	<Compound>
		<RegNum>
			<nOrgNum>8</nOrgNum>
		</RegNum>
		<sCommonName>1-heptanol</sCommonName>
		<sFormulaMolec>C7H16O</sFormulaMolec>
		<Sample>
			<nSampleNm>1</nSampleNm>
			<eSource>Commercial source</eSource>
			<purity>
				<nStep>1</nStep>
				<ePurifMethod>None used</ePurifMethod>
			</purity>
			<purity>
				<nStep>1</nStep>
				<nPurityVol>99.5</nPurityVol>
				<nPurityVolDigits>3</nPurityVolDigits>
				<eAnalMeth>Gas chromatography</eAnalMeth>
			</purity>
		</Sample>
	</Compound>
	<PureOrMixtureData>
		<Component>
			<RegNum>
				<nOrgNum>2</nOrgNum>
			</RegNum>
			<nSampleNm>1</nSampleNm>
		</Component>
		<Component>
			<RegNum>
				<nOrgNum>1</nOrgNum>
			</RegNum>
			<nSampleNm>1</nSampleNm>
		</Component>
		<eExpPurpose>Principal objective of the work</eExpPurpose>
		<sCompiler>JCE</sCompiler>
		<sContributor>JCE</sContributor>
		<dateDateAdded>7/20/2004</dateDateAdded>
		<Property>
			<nPropNumber>1</nPropNumber>
			<Property-MethodID>
				<PropertyGroup>
					<PhaseTransition>
						<ePropName>Solid-liquid equilibrium temperature, K</ePropName>
						<eMethodName>Visual observation</eMethodName>
					</PhaseTransition>
				</PropertyGroup>
			</Property-MethodID>
			<PropPhaseID>
				<ePropPhase>Liquid</ePropPhase>
			</PropPhaseID>
			<ePresentation>Direct value, X</ePresentation>
		</Property>
		<PhaseID>
				<ePhase>Liquid</ePhase>
		</PhaseID>
		<PhaseID>
				<ePhase>Crystal</ePhase>
			<RegNum>
				<nOrgNum>1</nOrgNum>
			</RegNum>
		</PhaseID>
		<Constraint>
			<ConstraintID>
				<ConstraintType>
					<ePressure>Pressure, kPa</ePressure>
				</ConstraintType>
			</ConstraintID>
			<nConstraintValue>101.3</nConstraintValue>
			<nConstrDigits>4</nConstrDigits>
		</Constraint>
		<Variable>
			<nVarNumber>1</nVarNumber>
			<VariableID>
				<VariableType>
					<eComponentComposition>Mole fraction</eComponentComposition>
				</VariableType>
			<RegNum>
				<nOrgNum>1</nOrgNum>
			</RegNum>
			</VariableID>
			<VarPhaseID>
				<eVarPhase>Liquid</eVarPhase>
			</VarPhaseID>
		</Variable>
		<NumValues>
			<VariableValue>
				<nVarNumber>1</nVarNumber>
				<nVarValue>.0074</nVarValue>
				<nVarDigits>2</nVarDigits>
			</VariableValue>
			<PropertyValue>
				<nPropNumber>1</nPropNumber>
				<nPropValue>251.15</nPropValue>
				<nPropDigits>5</nPropDigits>
			</PropertyValue>
		</NumValues>
		<NumValues>
			<VariableValue>
				<nVarNumber>1</nVarNumber>
				<nVarValue>.0097</nVarValue>
				<nVarDigits>2</nVarDigits>
			</VariableValue>
			<PropertyValue>
				<nPropNumber>1</nPropNumber>
				<nPropValue>257.15</nPropValue>
				<nPropDigits>5</nPropDigits>
			</PropertyValue>
		</NumValues>
		<NumValues>
			<VariableValue>
				<nVarNumber>1</nVarNumber>
				<nVarValue>.0175</nVarValue>
				<nVarDigits>3</nVarDigits>
			</VariableValue>
			<PropertyValue>
				<nPropNumber>1</nPropNumber>
				<nPropValue>266.35</nPropValue>
				<nPropDigits>5</nPropDigits>
			</PropertyValue>
		</NumValues>
		<NumValues>
			<VariableValue>
				<nVarNumber>1</nVarNumber>
				<nVarValue>.0232</nVarValue>
				<nVarDigits>3</nVarDigits>
			</VariableValue>
			<PropertyValue>
				<nPropNumber>1</nPropNumber>
				<nPropValue>274.15</nPropValue>
				<nPropDigits>5</nPropDigits>
			</PropertyValue>
		</NumValues>
		<NumValues>
			<VariableValue>
				<nVarNumber>1</nVarNumber>
				<nVarValue>.033</nVarValue>
				<nVarDigits>3</nVarDigits>
			</VariableValue>
			<PropertyValue>
				<nPropNumber>1</nPropNumber>
				<nPropValue>281.15</nPropValue>
				<nPropDigits>5</nPropDigits>
			</PropertyValue>
		</NumValues>
		<NumValues>
			<VariableValue>
				<nVarNumber>1</nVarNumber>
				<nVarValue>.047</nVarValue>
				<nVarDigits>3</nVarDigits>
			</VariableValue>
			<PropertyValue>
				<nPropNumber>1</nPropNumber>
				<nPropValue>289.85</nPropValue>
				<nPropDigits>5</nPropDigits>
			</PropertyValue>
		</NumValues>
		<NumValues>
			<VariableValue>
				<nVarNumber>1</nVarNumber>
				<nVarValue>.0712</nVarValue>
				<nVarDigits>3</nVarDigits>
			</VariableValue>
			<PropertyValue>
				<nPropNumber>1</nPropNumber>
				<nPropValue>300.15</nPropValue>
				<nPropDigits>5</nPropDigits>
			</PropertyValue>
		</NumValues>
		<NumValues>
			<VariableValue>
				<nVarNumber>1</nVarNumber>
				<nVarValue>.1064</nVarValue>
				<nVarDigits>4</nVarDigits>
			</VariableValue>
			<PropertyValue>
				<nPropNumber>1</nPropNumber>
				<nPropValue>310.15</nPropValue>
				<nPropDigits>5</nPropDigits>
			</PropertyValue>
		</NumValues>
		<NumValues>
			<VariableValue>
				<nVarNumber>1</nVarNumber>
				<nVarValue>.1285</nVarValue>
				<nVarDigits>4</nVarDigits>
			</VariableValue>
			<PropertyValue>
				<nPropNumber>1</nPropNumber>
				<nPropValue>314.45</nPropValue>
				<nPropDigits>5</nPropDigits>
			</PropertyValue>
		</NumValues>
		<NumValues>
			<VariableValue>
				<nVarNumber>1</nVarNumber>
				<nVarValue>.1588</nVarValue>
				<nVarDigits>4</nVarDigits>
			</VariableValue>
			<PropertyValue>
				<nPropNumber>1</nPropNumber>
				<nPropValue>321.25</nPropValue>
				<nPropDigits>5</nPropDigits>
			</PropertyValue>
		</NumValues>
		<NumValues>
			<VariableValue>
				<nVarNumber>1</nVarNumber>
				<nVarValue>.1808</nVarValue>
				<nVarDigits>4</nVarDigits>
			</VariableValue>
			<PropertyValue>
				<nPropNumber>1</nPropNumber>
				<nPropValue>324.55</nPropValue>
				<nPropDigits>5</nPropDigits>
			</PropertyValue>
		</NumValues>
		<NumValues>
			<VariableValue>
				<nVarNumber>1</nVarNumber>
				<nVarValue>.2044</nVarValue>
				<nVarDigits>4</nVarDigits>
			</VariableValue>
			<PropertyValue>
				<nPropNumber>1</nPropNumber>
				<nPropValue>328.45</nPropValue>
				<nPropDigits>5</nPropDigits>
			</PropertyValue>
		</NumValues>
		<NumValues>
			<VariableValue>
				<nVarNumber>1</nVarNumber>
				<nVarValue>.2388</nVarValue>
				<nVarDigits>4</nVarDigits>
			</VariableValue>
			<PropertyValue>
				<nPropNumber>1</nPropNumber>
				<nPropValue>332.65</nPropValue>
				<nPropDigits>5</nPropDigits>
			</PropertyValue>
		</NumValues>
		<NumValues>
			<VariableValue>
				<nVarNumber>1</nVarNumber>
				<nVarValue>.2639</nVarValue>
				<nVarDigits>4</nVarDigits>
			</VariableValue>
			<PropertyValue>
				<nPropNumber>1</nPropNumber>
				<nPropValue>335.55</nPropValue>
				<nPropDigits>5</nPropDigits>
			</PropertyValue>
		</NumValues>
	</PureOrMixtureData>
	<PureOrMixtureData>
		<Component>
			<RegNum>
				<nOrgNum>3</nOrgNum>
			</RegNum>
			<nSampleNm>1</nSampleNm>
		</Component>
		<Component>
			<RegNum>
				<nOrgNum>1</nOrgNum>
			</RegNum>
			<nSampleNm>1</nSampleNm>
		</Component>
		<eExpPurpose>Principal objective of the work</eExpPurpose>
		<sCompiler>JCE</sCompiler>
		<sContributor>JCE</sContributor>
		<dateDateAdded>7/20/2004</dateDateAdded>
		<Property>
			<nPropNumber>1</nPropNumber>
			<Property-MethodID>
				<PropertyGroup>
					<PhaseTransition>
						<ePropName>Solid-liquid equilibrium temperature, K</ePropName>
						<eMethodName>Visual observation</eMethodName>
					</PhaseTransition>
				</PropertyGroup>
			</Property-MethodID>
			<PropPhaseID>
				<ePropPhase>Liquid</ePropPhase>
			</PropPhaseID>
			<ePresentation>Direct value, X</ePresentation>
		</Property>
		<PhaseID>
				<ePhase>Liquid</ePhase>
		</PhaseID>
		<PhaseID>
				<ePhase>Crystal</ePhase>
			<RegNum>
				<nOrgNum>1</nOrgNum>
			</RegNum>
		</PhaseID>
		<Constraint>
			<ConstraintID>
				<ConstraintType>
					<ePressure>Pressure, kPa</ePressure>
				</ConstraintType>
			</ConstraintID>
			<nConstraintValue>101.3</nConstraintValue>
			<nConstrDigits>4</nConstrDigits>
		</Constraint>
		<Variable>
			<nVarNumber>1</nVarNumber>
			<VariableID>
				<VariableType>
					<eComponentComposition>Mole fraction</eComponentComposition>
				</VariableType>
			<RegNum>
				<nOrgNum>1</nOrgNum>
			</RegNum>
			</VariableID>
			<VarPhaseID>
				<eVarPhase>Liquid</eVarPhase>
			</VarPhaseID>
		</Variable>
		<NumValues>
			<VariableValue>
				<nVarNumber>1</nVarNumber>
				<nVarValue>.0057</nVarValue>
				<nVarDigits>2</nVarDigits>
			</VariableValue>
			<PropertyValue>
				<nPropNumber>1</nPropNumber>
				<nPropValue>247.15</nPropValue>
				<nPropDigits>5</nPropDigits>
			</PropertyValue>
		</NumValues>
		<NumValues>
			<VariableValue>
				<nVarNumber>1</nVarNumber>
				<nVarValue>.0119</nVarValue>
				<nVarDigits>3</nVarDigits>
			</VariableValue>
			<PropertyValue>
				<nPropNumber>1</nPropNumber>
				<nPropValue>259.55</nPropValue>
				<nPropDigits>5</nPropDigits>
			</PropertyValue>
		</NumValues>
		<NumValues>
			<VariableValue>
				<nVarNumber>1</nVarNumber>
				<nVarValue>.0188</nVarValue>
				<nVarDigits>3</nVarDigits>
			</VariableValue>
			<PropertyValue>
				<nPropNumber>1</nPropNumber>
				<nPropValue>270.75</nPropValue>
				<nPropDigits>5</nPropDigits>
			</PropertyValue>
		</NumValues>
		<NumValues>
			<VariableValue>
				<nVarNumber>1</nVarNumber>
				<nVarValue>.0314</nVarValue>
				<nVarDigits>3</nVarDigits>
			</VariableValue>
			<PropertyValue>
				<nPropNumber>1</nPropNumber>
				<nPropValue>282.05</nPropValue>
				<nPropDigits>5</nPropDigits>
			</PropertyValue>
		</NumValues>
		<NumValues>
			<VariableValue>
				<nVarNumber>1</nVarNumber>
				<nVarValue>.0414</nVarValue>
				<nVarDigits>3</nVarDigits>
			</VariableValue>
			<PropertyValue>
				<nPropNumber>1</nPropNumber>
				<nPropValue>290.35</nPropValue>
				<nPropDigits>5</nPropDigits>
			</PropertyValue>
		</NumValues>
		<NumValues>
			<VariableValue>
				<nVarNumber>1</nVarNumber>
				<nVarValue>.0523</nVarValue>
				<nVarDigits>3</nVarDigits>
			</VariableValue>
			<PropertyValue>
				<nPropNumber>1</nPropNumber>
				<nPropValue>296.15</nPropValue>
				<nPropDigits>5</nPropDigits>
			</PropertyValue>
		</NumValues>
		<NumValues>
			<VariableValue>
				<nVarNumber>1</nVarNumber>
				<nVarValue>.0736</nVarValue>
				<nVarDigits>3</nVarDigits>
			</VariableValue>
			<PropertyValue>
				<nPropNumber>1</nPropNumber>
				<nPropValue>304.75</nPropValue>
				<nPropDigits>5</nPropDigits>
			</PropertyValue>
		</NumValues>
		<NumValues>
			<VariableValue>
				<nVarNumber>1</nVarNumber>
				<nVarValue>.0806</nVarValue>
				<nVarDigits>3</nVarDigits>
			</VariableValue>
			<PropertyValue>
				<nPropNumber>1</nPropNumber>
				<nPropValue>307.05</nPropValue>
				<nPropDigits>5</nPropDigits>
			</PropertyValue>
		</NumValues>
		<NumValues>
			<VariableValue>
				<nVarNumber>1</nVarNumber>
				<nVarValue>.0907</nVarValue>
				<nVarDigits>3</nVarDigits>
			</VariableValue>
			<PropertyValue>
				<nPropNumber>1</nPropNumber>
				<nPropValue>309.95</nPropValue>
				<nPropDigits>5</nPropDigits>
			</PropertyValue>
		</NumValues>
		<NumValues>
			<VariableValue>
				<nVarNumber>1</nVarNumber>
				<nVarValue>.1058</nVarValue>
				<nVarDigits>4</nVarDigits>
			</VariableValue>
			<PropertyValue>
				<nPropNumber>1</nPropNumber>
				<nPropValue>315.65</nPropValue>
				<nPropDigits>5</nPropDigits>
			</PropertyValue>
		</NumValues>
		<NumValues>
			<VariableValue>
				<nVarNumber>1</nVarNumber>
				<nVarValue>.1268</nVarValue>
				<nVarDigits>4</nVarDigits>
			</VariableValue>
			<PropertyValue>
				<nPropNumber>1</nPropNumber>
				<nPropValue>320.15</nPropValue>
				<nPropDigits>5</nPropDigits>
			</PropertyValue>
		</NumValues>
		<NumValues>
			<VariableValue>
				<nVarNumber>1</nVarNumber>
				<nVarValue>.1535</nVarValue>
				<nVarDigits>4</nVarDigits>
			</VariableValue>
			<PropertyValue>
				<nPropNumber>1</nPropNumber>
				<nPropValue>327.15</nPropValue>
				<nPropDigits>5</nPropDigits>
			</PropertyValue>
		</NumValues>
		<NumValues>
			<VariableValue>
				<nVarNumber>1</nVarNumber>
				<nVarValue>.1884</nVarValue>
				<nVarDigits>4</nVarDigits>
			</VariableValue>
			<PropertyValue>
				<nPropNumber>1</nPropNumber>
				<nPropValue>332.15</nPropValue>
				<nPropDigits>5</nPropDigits>
			</PropertyValue>
		</NumValues>
		<NumValues>
			<VariableValue>
				<nVarNumber>1</nVarNumber>
				<nVarValue>.2096</nVarValue>
				<nVarDigits>4</nVarDigits>
			</VariableValue>
			<PropertyValue>
				<nPropNumber>1</nPropNumber>
				<nPropValue>336.15</nPropValue>
				<nPropDigits>5</nPropDigits>
			</PropertyValue>
		</NumValues>
	</PureOrMixtureData>
	<PureOrMixtureData>
		<Component>
			<RegNum>
				<nOrgNum>4</nOrgNum>
			</RegNum>
			<nSampleNm>1</nSampleNm>
		</Component>
		<Component>
			<RegNum>
				<nOrgNum>1</nOrgNum>
			</RegNum>
			<nSampleNm>1</nSampleNm>
		</Component>
		<eExpPurpose>Principal objective of the work</eExpPurpose>
		<sCompiler>JCE</sCompiler>
		<sContributor>JCE</sContributor>
		<dateDateAdded>7/20/2004</dateDateAdded>
		<Property>
			<nPropNumber>1</nPropNumber>
			<Property-MethodID>
				<PropertyGroup>
					<PhaseTransition>
						<ePropName>Solid-liquid equilibrium temperature, K</ePropName>
						<eMethodName>Visual observation</eMethodName>
					</PhaseTransition>
				</PropertyGroup>
			</Property-MethodID>
			<PropPhaseID>
				<ePropPhase>Liquid</ePropPhase>
			</PropPhaseID>
			<ePresentation>Direct value, X</ePresentation>
		</Property>
		<PhaseID>
				<ePhase>Liquid</ePhase>
		</PhaseID>
		<PhaseID>
				<ePhase>Crystal</ePhase>
			<RegNum>
				<nOrgNum>1</nOrgNum>
			</RegNum>
		</PhaseID>
		<Constraint>
			<ConstraintID>
				<ConstraintType>
					<ePressure>Pressure, kPa</ePressure>
				</ConstraintType>
			</ConstraintID>
			<nConstraintValue>101.3</nConstraintValue>
			<nConstrDigits>4</nConstrDigits>
		</Constraint>
		<Variable>
			<nVarNumber>1</nVarNumber>
			<VariableID>
				<VariableType>
					<eComponentComposition>Mole fraction</eComponentComposition>
				</VariableType>
			<RegNum>
				<nOrgNum>1</nOrgNum>
			</RegNum>
			</VariableID>
			<VarPhaseID>
				<eVarPhase>Liquid</eVarPhase>
			</VarPhaseID>
		</Variable>
		<NumValues>
			<VariableValue>
				<nVarNumber>1</nVarNumber>
				<nVarValue>.0045</nVarValue>
				<nVarDigits>2</nVarDigits>
			</VariableValue>
			<PropertyValue>
				<nPropNumber>1</nPropNumber>
				<nPropValue>248.75</nPropValue>
				<nPropDigits>5</nPropDigits>
			</PropertyValue>
		</NumValues>
		<NumValues>
			<VariableValue>
				<nVarNumber>1</nVarNumber>
				<nVarValue>.0096</nVarValue>
				<nVarDigits>2</nVarDigits>
			</VariableValue>
			<PropertyValue>
				<nPropNumber>1</nPropNumber>
				<nPropValue>259.95</nPropValue>
				<nPropDigits>5</nPropDigits>
			</PropertyValue>
		</NumValues>
		<NumValues>
			<VariableValue>
				<nVarNumber>1</nVarNumber>
				<nVarValue>.0165</nVarValue>
				<nVarDigits>3</nVarDigits>
			</VariableValue>
			<PropertyValue>
				<nPropNumber>1</nPropNumber>
				<nPropValue>271.15</nPropValue>
				<nPropDigits>5</nPropDigits>
			</PropertyValue>
		</NumValues>
		<NumValues>
			<VariableValue>
				<nVarNumber>1</nVarNumber>
				<nVarValue>.0258</nVarValue>
				<nVarDigits>3</nVarDigits>
			</VariableValue>
			<PropertyValue>
				<nPropNumber>1</nPropNumber>
				<nPropValue>281.95</nPropValue>
				<nPropDigits>5</nPropDigits>
			</PropertyValue>
		</NumValues>
		<NumValues>
			<VariableValue>
				<nVarNumber>1</nVarNumber>
				<nVarValue>.0469</nVarValue>
				<nVarDigits>3</nVarDigits>
			</VariableValue>
			<PropertyValue>
				<nPropNumber>1</nPropNumber>
				<nPropValue>295.15</nPropValue>
				<nPropDigits>5</nPropDigits>
			</PropertyValue>
		</NumValues>
		<NumValues>
			<VariableValue>
				<nVarNumber>1</nVarNumber>
				<nVarValue>.0601</nVarValue>
				<nVarDigits>3</nVarDigits>
			</VariableValue>
			<PropertyValue>
				<nPropNumber>1</nPropNumber>
				<nPropValue>301.85</nPropValue>
				<nPropDigits>5</nPropDigits>
			</PropertyValue>
		</NumValues>
		<NumValues>
			<VariableValue>
				<nVarNumber>1</nVarNumber>
				<nVarValue>.0699</nVarValue>
				<nVarDigits>3</nVarDigits>
			</VariableValue>
			<PropertyValue>
				<nPropNumber>1</nPropNumber>
				<nPropValue>304.65</nPropValue>
				<nPropDigits>5</nPropDigits>
			</PropertyValue>
		</NumValues>
		<NumValues>
			<VariableValue>
				<nVarNumber>1</nVarNumber>
				<nVarValue>.0783</nVarValue>
				<nVarDigits>3</nVarDigits>
			</VariableValue>
			<PropertyValue>
				<nPropNumber>1</nPropNumber>
				<nPropValue>307.35</nPropValue>
				<nPropDigits>5</nPropDigits>
			</PropertyValue>
		</NumValues>
		<NumValues>
			<VariableValue>
				<nVarNumber>1</nVarNumber>
				<nVarValue>.0928</nVarValue>
				<nVarDigits>3</nVarDigits>
			</VariableValue>
			<PropertyValue>
				<nPropNumber>1</nPropNumber>
				<nPropValue>312.45</nPropValue>
				<nPropDigits>5</nPropDigits>
			</PropertyValue>
		</NumValues>
		<NumValues>
			<VariableValue>
				<nVarNumber>1</nVarNumber>
				<nVarValue>.105</nVarValue>
				<nVarDigits>4</nVarDigits>
			</VariableValue>
			<PropertyValue>
				<nPropNumber>1</nPropNumber>
				<nPropValue>316.05</nPropValue>
				<nPropDigits>5</nPropDigits>
			</PropertyValue>
		</NumValues>
		<NumValues>
			<VariableValue>
				<nVarNumber>1</nVarNumber>
				<nVarValue>.1155</nVarValue>
				<nVarDigits>4</nVarDigits>
			</VariableValue>
			<PropertyValue>
				<nPropNumber>1</nPropNumber>
				<nPropValue>318.15</nPropValue>
				<nPropDigits>5</nPropDigits>
			</PropertyValue>
		</NumValues>
		<NumValues>
			<VariableValue>
				<nVarNumber>1</nVarNumber>
				<nVarValue>.1418</nVarValue>
				<nVarDigits>4</nVarDigits>
			</VariableValue>
			<PropertyValue>
				<nPropNumber>1</nPropNumber>
				<nPropValue>323.15</nPropValue>
				<nPropDigits>5</nPropDigits>
			</PropertyValue>
		</NumValues>
		<NumValues>
			<VariableValue>
				<nVarNumber>1</nVarNumber>
				<nVarValue>.1818</nVarValue>
				<nVarDigits>4</nVarDigits>
			</VariableValue>
			<PropertyValue>
				<nPropNumber>1</nPropNumber>
				<nPropValue>329.15</nPropValue>
				<nPropDigits>5</nPropDigits>
			</PropertyValue>
		</NumValues>
		<NumValues>
			<VariableValue>
				<nVarNumber>1</nVarNumber>
				<nVarValue>.2037</nVarValue>
				<nVarDigits>4</nVarDigits>
			</VariableValue>
			<PropertyValue>
				<nPropNumber>1</nPropNumber>
				<nPropValue>333.15</nPropValue>
				<nPropDigits>5</nPropDigits>
			</PropertyValue>
		</NumValues>
	</PureOrMixtureData>
	<PureOrMixtureData>
		<Component>
			<RegNum>
				<nOrgNum>5</nOrgNum>
			</RegNum>
			<nSampleNm>1</nSampleNm>
		</Component>
		<Component>
			<RegNum>
				<nOrgNum>1</nOrgNum>
			</RegNum>
			<nSampleNm>1</nSampleNm>
		</Component>
		<eExpPurpose>Principal objective of the work</eExpPurpose>
		<sCompiler>JCE</sCompiler>
		<sContributor>JCE</sContributor>
		<dateDateAdded>7/20/2004</dateDateAdded>
		<Property>
			<nPropNumber>1</nPropNumber>
			<Property-MethodID>
				<PropertyGroup>
					<PhaseTransition>
						<ePropName>Solid-liquid equilibrium temperature, K</ePropName>
						<eMethodName>Visual observation</eMethodName>
					</PhaseTransition>
				</PropertyGroup>
			</Property-MethodID>
			<PropPhaseID>
				<ePropPhase>Liquid</ePropPhase>
			</PropPhaseID>
			<ePresentation>Direct value, X</ePresentation>
		</Property>
		<PhaseID>
				<ePhase>Liquid</ePhase>
		</PhaseID>
		<PhaseID>
				<ePhase>Crystal</ePhase>
			<RegNum>
				<nOrgNum>1</nOrgNum>
			</RegNum>
		</PhaseID>
		<Constraint>
			<ConstraintID>
				<ConstraintType>
					<ePressure>Pressure, kPa</ePressure>
				</ConstraintType>
			</ConstraintID>
			<nConstraintValue>101.3</nConstraintValue>
			<nConstrDigits>4</nConstrDigits>
		</Constraint>
		<Variable>
			<nVarNumber>1</nVarNumber>
			<VariableID>
				<VariableType>
					<eComponentComposition>Mole fraction</eComponentComposition>
				</VariableType>
			<RegNum>
				<nOrgNum>1</nOrgNum>
			</RegNum>
			</VariableID>
			<VarPhaseID>
				<eVarPhase>Liquid</eVarPhase>
			</VarPhaseID>
		</Variable>
		<NumValues>
			<VariableValue>
				<nVarNumber>1</nVarNumber>
				<nVarValue>.004</nVarValue>
				<nVarDigits>2</nVarDigits>
			</VariableValue>
			<PropertyValue>
				<nPropNumber>1</nPropNumber>
				<nPropValue>247.55</nPropValue>
				<nPropDigits>5</nPropDigits>
			</PropertyValue>
		</NumValues>
		<NumValues>
			<VariableValue>
				<nVarNumber>1</nVarNumber>
				<nVarValue>.0084</nVarValue>
				<nVarDigits>2</nVarDigits>
			</VariableValue>
			<PropertyValue>
				<nPropNumber>1</nPropNumber>
				<nPropValue>257.95</nPropValue>
				<nPropDigits>5</nPropDigits>
			</PropertyValue>
		</NumValues>
		<NumValues>
			<VariableValue>
				<nVarNumber>1</nVarNumber>
				<nVarValue>.0142</nVarValue>
				<nVarDigits>3</nVarDigits>
			</VariableValue>
			<PropertyValue>
				<nPropNumber>1</nPropNumber>
				<nPropValue>269.35</nPropValue>
				<nPropDigits>5</nPropDigits>
			</PropertyValue>
		</NumValues>
		<NumValues>
			<VariableValue>
				<nVarNumber>1</nVarNumber>
				<nVarValue>.0266</nVarValue>
				<nVarDigits>3</nVarDigits>
			</VariableValue>
			<PropertyValue>
				<nPropNumber>1</nPropNumber>
				<nPropValue>284.05</nPropValue>
				<nPropDigits>5</nPropDigits>
			</PropertyValue>
		</NumValues>
		<NumValues>
			<VariableValue>
				<nVarNumber>1</nVarNumber>
				<nVarValue>.0384</nVarValue>
				<nVarDigits>3</nVarDigits>
			</VariableValue>
			<PropertyValue>
				<nPropNumber>1</nPropNumber>
				<nPropValue>293.15</nPropValue>
				<nPropDigits>5</nPropDigits>
			</PropertyValue>
		</NumValues>
		<NumValues>
			<VariableValue>
				<nVarNumber>1</nVarNumber>
				<nVarValue>.0543</nVarValue>
				<nVarDigits>3</nVarDigits>
			</VariableValue>
			<PropertyValue>
				<nPropNumber>1</nPropNumber>
				<nPropValue>300.05</nPropValue>
				<nPropDigits>5</nPropDigits>
			</PropertyValue>
		</NumValues>
		<NumValues>
			<VariableValue>
				<nVarNumber>1</nVarNumber>
				<nVarValue>.0637</nVarValue>
				<nVarDigits>3</nVarDigits>
			</VariableValue>
			<PropertyValue>
				<nPropNumber>1</nPropNumber>
				<nPropValue>303.35</nPropValue>
				<nPropDigits>5</nPropDigits>
			</PropertyValue>
		</NumValues>
		<NumValues>
			<VariableValue>
				<nVarNumber>1</nVarNumber>
				<nVarValue>.0781</nVarValue>
				<nVarDigits>3</nVarDigits>
			</VariableValue>
			<PropertyValue>
				<nPropNumber>1</nPropNumber>
				<nPropValue>308.55</nPropValue>
				<nPropDigits>5</nPropDigits>
			</PropertyValue>
		</NumValues>
		<NumValues>
			<VariableValue>
				<nVarNumber>1</nVarNumber>
				<nVarValue>.099</nVarValue>
				<nVarDigits>3</nVarDigits>
			</VariableValue>
			<PropertyValue>
				<nPropNumber>1</nPropNumber>
				<nPropValue>313.25</nPropValue>
				<nPropDigits>5</nPropDigits>
			</PropertyValue>
		</NumValues>
		<NumValues>
			<VariableValue>
				<nVarNumber>1</nVarNumber>
				<nVarValue>.1176</nVarValue>
				<nVarDigits>4</nVarDigits>
			</VariableValue>
			<PropertyValue>
				<nPropNumber>1</nPropNumber>
				<nPropValue>318.05</nPropValue>
				<nPropDigits>5</nPropDigits>
			</PropertyValue>
		</NumValues>
		<NumValues>
			<VariableValue>
				<nVarNumber>1</nVarNumber>
				<nVarValue>.1372</nVarValue>
				<nVarDigits>4</nVarDigits>
			</VariableValue>
			<PropertyValue>
				<nPropNumber>1</nPropNumber>
				<nPropValue>323.35</nPropValue>
				<nPropDigits>5</nPropDigits>
			</PropertyValue>
		</NumValues>
		<NumValues>
			<VariableValue>
				<nVarNumber>1</nVarNumber>
				<nVarValue>.1557</nVarValue>
				<nVarDigits>4</nVarDigits>
			</VariableValue>
			<PropertyValue>
				<nPropNumber>1</nPropNumber>
				<nPropValue>327.95</nPropValue>
				<nPropDigits>5</nPropDigits>
			</PropertyValue>
		</NumValues>
		<NumValues>
			<VariableValue>
				<nVarNumber>1</nVarNumber>
				<nVarValue>.1834</nVarValue>
				<nVarDigits>4</nVarDigits>
			</VariableValue>
			<PropertyValue>
				<nPropNumber>1</nPropNumber>
				<nPropValue>333.45</nPropValue>
				<nPropDigits>5</nPropDigits>
			</PropertyValue>
		</NumValues>
		<NumValues>
			<VariableValue>
				<nVarNumber>1</nVarNumber>
				<nVarValue>.193</nVarValue>
				<nVarDigits>4</nVarDigits>
			</VariableValue>
			<PropertyValue>
				<nPropNumber>1</nPropNumber>
				<nPropValue>336.35</nPropValue>
				<nPropDigits>5</nPropDigits>
			</PropertyValue>
		</NumValues>
	</PureOrMixtureData>
	<PureOrMixtureData>
		<Component>
			<RegNum>
				<nOrgNum>6</nOrgNum>
			</RegNum>
			<nSampleNm>1</nSampleNm>
		</Component>
		<Component>
			<RegNum>
				<nOrgNum>1</nOrgNum>
			</RegNum>
			<nSampleNm>1</nSampleNm>
		</Component>
		<eExpPurpose>Principal objective of the work</eExpPurpose>
		<sCompiler>JCE</sCompiler>
		<sContributor>JCE</sContributor>
		<dateDateAdded>7/20/2004</dateDateAdded>
		<Property>
			<nPropNumber>1</nPropNumber>
			<Property-MethodID>
				<PropertyGroup>
					<PhaseTransition>
						<ePropName>Solid-liquid equilibrium temperature, K</ePropName>
						<eMethodName>Visual observation</eMethodName>
					</PhaseTransition>
				</PropertyGroup>
			</Property-MethodID>
			<PropPhaseID>
				<ePropPhase>Liquid</ePropPhase>
			</PropPhaseID>
			<ePresentation>Direct value, X</ePresentation>
		</Property>
		<PhaseID>
				<ePhase>Liquid</ePhase>
		</PhaseID>
		<PhaseID>
				<ePhase>Crystal</ePhase>
			<RegNum>
				<nOrgNum>1</nOrgNum>
			</RegNum>
		</PhaseID>
		<Constraint>
			<ConstraintID>
				<ConstraintType>
					<ePressure>Pressure, kPa</ePressure>
				</ConstraintType>
			</ConstraintID>
			<nConstraintValue>101.3</nConstraintValue>
			<nConstrDigits>4</nConstrDigits>
		</Constraint>
		<Variable>
			<nVarNumber>1</nVarNumber>
			<VariableID>
				<VariableType>
					<eComponentComposition>Mole fraction</eComponentComposition>
				</VariableType>
			<RegNum>
				<nOrgNum>1</nOrgNum>
			</RegNum>
			</VariableID>
			<VarPhaseID>
				<eVarPhase>Liquid</eVarPhase>
			</VarPhaseID>
		</Variable>
		<NumValues>
			<VariableValue>
				<nVarNumber>1</nVarNumber>
				<nVarValue>.0044</nVarValue>
				<nVarDigits>2</nVarDigits>
			</VariableValue>
			<PropertyValue>
				<nPropNumber>1</nPropNumber>
				<nPropValue>252.65</nPropValue>
				<nPropDigits>5</nPropDigits>
			</PropertyValue>
		</NumValues>
		<NumValues>
			<VariableValue>
				<nVarNumber>1</nVarNumber>
				<nVarValue>.0075</nVarValue>
				<nVarDigits>2</nVarDigits>
			</VariableValue>
			<PropertyValue>
				<nPropNumber>1</nPropNumber>
				<nPropValue>261.95</nPropValue>
				<nPropDigits>5</nPropDigits>
			</PropertyValue>
		</NumValues>
		<NumValues>
			<VariableValue>
				<nVarNumber>1</nVarNumber>
				<nVarValue>.0152</nVarValue>
				<nVarDigits>3</nVarDigits>
			</VariableValue>
			<PropertyValue>
				<nPropNumber>1</nPropNumber>
				<nPropValue>274.25</nPropValue>
				<nPropDigits>5</nPropDigits>
			</PropertyValue>
		</NumValues>
		<NumValues>
			<VariableValue>
				<nVarNumber>1</nVarNumber>
				<nVarValue>.0255</nVarValue>
				<nVarDigits>3</nVarDigits>
			</VariableValue>
			<PropertyValue>
				<nPropNumber>1</nPropNumber>
				<nPropValue>285.25</nPropValue>
				<nPropDigits>5</nPropDigits>
			</PropertyValue>
		</NumValues>
		<NumValues>
			<VariableValue>
				<nVarNumber>1</nVarNumber>
				<nVarValue>.0418</nVarValue>
				<nVarDigits>3</nVarDigits>
			</VariableValue>
			<PropertyValue>
				<nPropNumber>1</nPropNumber>
				<nPropValue>294.15</nPropValue>
				<nPropDigits>5</nPropDigits>
			</PropertyValue>
		</NumValues>
		<NumValues>
			<VariableValue>
				<nVarNumber>1</nVarNumber>
				<nVarValue>.0507</nVarValue>
				<nVarDigits>3</nVarDigits>
			</VariableValue>
			<PropertyValue>
				<nPropNumber>1</nPropNumber>
				<nPropValue>298.25</nPropValue>
				<nPropDigits>5</nPropDigits>
			</PropertyValue>
		</NumValues>
		<NumValues>
			<VariableValue>
				<nVarNumber>1</nVarNumber>
				<nVarValue>.075</nVarValue>
				<nVarDigits>3</nVarDigits>
			</VariableValue>
			<PropertyValue>
				<nPropNumber>1</nPropNumber>
				<nPropValue>306.25</nPropValue>
				<nPropDigits>5</nPropDigits>
			</PropertyValue>
		</NumValues>
		<NumValues>
			<VariableValue>
				<nVarNumber>1</nVarNumber>
				<nVarValue>.0832</nVarValue>
				<nVarDigits>3</nVarDigits>
			</VariableValue>
			<PropertyValue>
				<nPropNumber>1</nPropNumber>
				<nPropValue>308.95</nPropValue>
				<nPropDigits>5</nPropDigits>
			</PropertyValue>
		</NumValues>
		<NumValues>
			<VariableValue>
				<nVarNumber>1</nVarNumber>
				<nVarValue>.0943</nVarValue>
				<nVarDigits>3</nVarDigits>
			</VariableValue>
			<PropertyValue>
				<nPropNumber>1</nPropNumber>
				<nPropValue>311.55</nPropValue>
				<nPropDigits>5</nPropDigits>
			</PropertyValue>
		</NumValues>
		<NumValues>
			<VariableValue>
				<nVarNumber>1</nVarNumber>
				<nVarValue>.1121</nVarValue>
				<nVarDigits>4</nVarDigits>
			</VariableValue>
			<PropertyValue>
				<nPropNumber>1</nPropNumber>
				<nPropValue>315.75</nPropValue>
				<nPropDigits>5</nPropDigits>
			</PropertyValue>
		</NumValues>
		<NumValues>
			<VariableValue>
				<nVarNumber>1</nVarNumber>
				<nVarValue>.1447</nVarValue>
				<nVarDigits>4</nVarDigits>
			</VariableValue>
			<PropertyValue>
				<nPropNumber>1</nPropNumber>
				<nPropValue>321.45</nPropValue>
				<nPropDigits>5</nPropDigits>
			</PropertyValue>
		</NumValues>
		<NumValues>
			<VariableValue>
				<nVarNumber>1</nVarNumber>
				<nVarValue>.1808</nVarValue>
				<nVarDigits>4</nVarDigits>
			</VariableValue>
			<PropertyValue>
				<nPropNumber>1</nPropNumber>
				<nPropValue>326.75</nPropValue>
				<nPropDigits>5</nPropDigits>
			</PropertyValue>
		</NumValues>
		<NumValues>
			<VariableValue>
				<nVarNumber>1</nVarNumber>
				<nVarValue>.2152</nVarValue>
				<nVarDigits>4</nVarDigits>
			</VariableValue>
			<PropertyValue>
				<nPropNumber>1</nPropNumber>
				<nPropValue>332.05</nPropValue>
				<nPropDigits>5</nPropDigits>
			</PropertyValue>
		</NumValues>
		<NumValues>
			<VariableValue>
				<nVarNumber>1</nVarNumber>
				<nVarValue>.2651</nVarValue>
				<nVarDigits>4</nVarDigits>
			</VariableValue>
			<PropertyValue>
				<nPropNumber>1</nPropNumber>
				<nPropValue>338.65</nPropValue>
				<nPropDigits>5</nPropDigits>
			</PropertyValue>
		</NumValues>
	</PureOrMixtureData>
	<PureOrMixtureData>
		<Component>
			<RegNum>
				<nOrgNum>7</nOrgNum>
			</RegNum>
			<nSampleNm>1</nSampleNm>
		</Component>
		<Component>
			<RegNum>
				<nOrgNum>1</nOrgNum>
			</RegNum>
			<nSampleNm>1</nSampleNm>
		</Component>
		<eExpPurpose>Principal objective of the work</eExpPurpose>
		<sCompiler>JCE</sCompiler>
		<sContributor>JCE</sContributor>
		<dateDateAdded>7/20/2004</dateDateAdded>
		<Property>
			<nPropNumber>1</nPropNumber>
			<Property-MethodID>
				<PropertyGroup>
					<PhaseTransition>
						<ePropName>Solid-liquid equilibrium temperature, K</ePropName>
						<eMethodName>Visual observation</eMethodName>
					</PhaseTransition>
				</PropertyGroup>
			</Property-MethodID>
			<PropPhaseID>
				<ePropPhase>Liquid</ePropPhase>
			</PropPhaseID>
			<ePresentation>Direct value, X</ePresentation>
		</Property>
		<PhaseID>
				<ePhase>Liquid</ePhase>
		</PhaseID>
		<PhaseID>
				<ePhase>Crystal</ePhase>
			<RegNum>
				<nOrgNum>1</nOrgNum>
			</RegNum>
		</PhaseID>
		<Constraint>
			<ConstraintID>
				<ConstraintType>
					<ePressure>Pressure, kPa</ePressure>
				</ConstraintType>
			</ConstraintID>
			<nConstraintValue>101.3</nConstraintValue>
			<nConstrDigits>4</nConstrDigits>
		</Constraint>
		<Variable>
			<nVarNumber>1</nVarNumber>
			<VariableID>
				<VariableType>
					<eComponentComposition>Mole fraction</eComponentComposition>
				</VariableType>
			<RegNum>
				<nOrgNum>1</nOrgNum>
			</RegNum>
			</VariableID>
			<VarPhaseID>
				<eVarPhase>Liquid</eVarPhase>
			</VarPhaseID>
		</Variable>
		<NumValues>
			<VariableValue>
				<nVarNumber>1</nVarNumber>
				<nVarValue>.003</nVarValue>
				<nVarDigits>2</nVarDigits>
			</VariableValue>
			<PropertyValue>
				<nPropNumber>1</nPropNumber>
				<nPropValue>246.15</nPropValue>
				<nPropDigits>5</nPropDigits>
			</PropertyValue>
		</NumValues>
		<NumValues>
			<VariableValue>
				<nVarNumber>1</nVarNumber>
				<nVarValue>.0107</nVarValue>
				<nVarDigits>3</nVarDigits>
			</VariableValue>
			<PropertyValue>
				<nPropNumber>1</nPropNumber>
				<nPropValue>269.95</nPropValue>
				<nPropDigits>5</nPropDigits>
			</PropertyValue>
		</NumValues>
		<NumValues>
			<VariableValue>
				<nVarNumber>1</nVarNumber>
				<nVarValue>.0216</nVarValue>
				<nVarDigits>3</nVarDigits>
			</VariableValue>
			<PropertyValue>
				<nPropNumber>1</nPropNumber>
				<nPropValue>282.85</nPropValue>
				<nPropDigits>5</nPropDigits>
			</PropertyValue>
		</NumValues>
		<NumValues>
			<VariableValue>
				<nVarNumber>1</nVarNumber>
				<nVarValue>.0315</nVarValue>
				<nVarDigits>3</nVarDigits>
			</VariableValue>
			<PropertyValue>
				<nPropNumber>1</nPropNumber>
				<nPropValue>289.95</nPropValue>
				<nPropDigits>5</nPropDigits>
			</PropertyValue>
		</NumValues>
		<NumValues>
			<VariableValue>
				<nVarNumber>1</nVarNumber>
				<nVarValue>.0426</nVarValue>
				<nVarDigits>3</nVarDigits>
			</VariableValue>
			<PropertyValue>
				<nPropNumber>1</nPropNumber>
				<nPropValue>296.15</nPropValue>
				<nPropDigits>5</nPropDigits>
			</PropertyValue>
		</NumValues>
		<NumValues>
			<VariableValue>
				<nVarNumber>1</nVarNumber>
				<nVarValue>.06</nVarValue>
				<nVarDigits>3</nVarDigits>
			</VariableValue>
			<PropertyValue>
				<nPropNumber>1</nPropNumber>
				<nPropValue>303.05</nPropValue>
				<nPropDigits>5</nPropDigits>
			</PropertyValue>
		</NumValues>
		<NumValues>
			<VariableValue>
				<nVarNumber>1</nVarNumber>
				<nVarValue>.0713</nVarValue>
				<nVarDigits>3</nVarDigits>
			</VariableValue>
			<PropertyValue>
				<nPropNumber>1</nPropNumber>
				<nPropValue>306.15</nPropValue>
				<nPropDigits>5</nPropDigits>
			</PropertyValue>
		</NumValues>
		<NumValues>
			<VariableValue>
				<nVarNumber>1</nVarNumber>
				<nVarValue>.0868</nVarValue>
				<nVarDigits>3</nVarDigits>
			</VariableValue>
			<PropertyValue>
				<nPropNumber>1</nPropNumber>
				<nPropValue>310.05</nPropValue>
				<nPropDigits>5</nPropDigits>
			</PropertyValue>
		</NumValues>
		<NumValues>
			<VariableValue>
				<nVarNumber>1</nVarNumber>
				<nVarValue>.1011</nVarValue>
				<nVarDigits>4</nVarDigits>
			</VariableValue>
			<PropertyValue>
				<nPropNumber>1</nPropNumber>
				<nPropValue>313.25</nPropValue>
				<nPropDigits>5</nPropDigits>
			</PropertyValue>
		</NumValues>
		<NumValues>
			<VariableValue>
				<nVarNumber>1</nVarNumber>
				<nVarValue>.1205</nVarValue>
				<nVarDigits>4</nVarDigits>
			</VariableValue>
			<PropertyValue>
				<nPropNumber>1</nPropNumber>
				<nPropValue>317.45</nPropValue>
				<nPropDigits>5</nPropDigits>
			</PropertyValue>
		</NumValues>
		<NumValues>
			<VariableValue>
				<nVarNumber>1</nVarNumber>
				<nVarValue>.149</nVarValue>
				<nVarDigits>4</nVarDigits>
			</VariableValue>
			<PropertyValue>
				<nPropNumber>1</nPropNumber>
				<nPropValue>322.05</nPropValue>
				<nPropDigits>5</nPropDigits>
			</PropertyValue>
		</NumValues>
		<NumValues>
			<VariableValue>
				<nVarNumber>1</nVarNumber>
				<nVarValue>.1915</nVarValue>
				<nVarDigits>4</nVarDigits>
			</VariableValue>
			<PropertyValue>
				<nPropNumber>1</nPropNumber>
				<nPropValue>327.45</nPropValue>
				<nPropDigits>5</nPropDigits>
			</PropertyValue>
		</NumValues>
		<NumValues>
			<VariableValue>
				<nVarNumber>1</nVarNumber>
				<nVarValue>.2228</nVarValue>
				<nVarDigits>4</nVarDigits>
			</VariableValue>
			<PropertyValue>
				<nPropNumber>1</nPropNumber>
				<nPropValue>331.55</nPropValue>
				<nPropDigits>5</nPropDigits>
			</PropertyValue>
		</NumValues>
		<NumValues>
			<VariableValue>
				<nVarNumber>1</nVarNumber>
				<nVarValue>.2464</nVarValue>
				<nVarDigits>4</nVarDigits>
			</VariableValue>
			<PropertyValue>
				<nPropNumber>1</nPropNumber>
				<nPropValue>335.15</nPropValue>
				<nPropDigits>5</nPropDigits>
			</PropertyValue>
		</NumValues>
	</PureOrMixtureData>
	<PureOrMixtureData>
		<Component>
			<RegNum>
				<nOrgNum>8</nOrgNum>
			</RegNum>
			<nSampleNm>1</nSampleNm>
		</Component>
		<Component>
			<RegNum>
				<nOrgNum>1</nOrgNum>
			</RegNum>
			<nSampleNm>1</nSampleNm>
		</Component>
		<eExpPurpose>Principal objective of the work</eExpPurpose>
		<sCompiler>JCE</sCompiler>
		<sContributor>JCE</sContributor>
		<dateDateAdded>7/20/2004</dateDateAdded>
		<Property>
			<nPropNumber>1</nPropNumber>
			<Property-MethodID>
				<PropertyGroup>
					<PhaseTransition>
						<ePropName>Solid-liquid equilibrium temperature, K</ePropName>
						<eMethodName>Visual observation</eMethodName>
					</PhaseTransition>
				</PropertyGroup>
			</Property-MethodID>
			<PropPhaseID>
				<ePropPhase>Liquid</ePropPhase>
			</PropPhaseID>
			<ePresentation>Direct value, X</ePresentation>
		</Property>
		<PhaseID>
				<ePhase>Liquid</ePhase>
		</PhaseID>
		<PhaseID>
				<ePhase>Crystal</ePhase>
			<RegNum>
				<nOrgNum>1</nOrgNum>
			</RegNum>
		</PhaseID>
		<Constraint>
			<ConstraintID>
				<ConstraintType>
					<ePressure>Pressure, kPa</ePressure>
				</ConstraintType>
			</ConstraintID>
			<nConstraintValue>101.3</nConstraintValue>
			<nConstrDigits>4</nConstrDigits>
		</Constraint>
		<Variable>
			<nVarNumber>1</nVarNumber>
			<VariableID>
				<VariableType>
					<eComponentComposition>Mole fraction</eComponentComposition>
				</VariableType>
			<RegNum>
				<nOrgNum>1</nOrgNum>
			</RegNum>
			</VariableID>
			<VarPhaseID>
				<eVarPhase>Liquid</eVarPhase>
			</VarPhaseID>
		</Variable>
		<NumValues>
			<VariableValue>
				<nVarNumber>1</nVarNumber>
				<nVarValue>.0015</nVarValue>
				<nVarDigits>2</nVarDigits>
			</VariableValue>
			<PropertyValue>
				<nPropNumber>1</nPropNumber>
				<nPropValue>246.35</nPropValue>
				<nPropDigits>5</nPropDigits>
			</PropertyValue>
		</NumValues>
		<NumValues>
			<VariableValue>
				<nVarNumber>1</nVarNumber>
				<nVarValue>.0043</nVarValue>
				<nVarDigits>2</nVarDigits>
			</VariableValue>
			<PropertyValue>
				<nPropNumber>1</nPropNumber>
				<nPropValue>266.05</nPropValue>
				<nPropDigits>5</nPropDigits>
			</PropertyValue>
		</NumValues>
		<NumValues>
			<VariableValue>
				<nVarNumber>1</nVarNumber>
				<nVarValue>.0097</nVarValue>
				<nVarDigits>2</nVarDigits>
			</VariableValue>
			<PropertyValue>
				<nPropNumber>1</nPropNumber>
				<nPropValue>277.85</nPropValue>
				<nPropDigits>5</nPropDigits>
			</PropertyValue>
		</NumValues>
		<NumValues>
			<VariableValue>
				<nVarNumber>1</nVarNumber>
				<nVarValue>.0187</nVarValue>
				<nVarDigits>3</nVarDigits>
			</VariableValue>
			<PropertyValue>
				<nPropNumber>1</nPropNumber>
				<nPropValue>285.45</nPropValue>
				<nPropDigits>5</nPropDigits>
			</PropertyValue>
		</NumValues>
		<NumValues>
			<VariableValue>
				<nVarNumber>1</nVarNumber>
				<nVarValue>.0302</nVarValue>
				<nVarDigits>3</nVarDigits>
			</VariableValue>
			<PropertyValue>
				<nPropNumber>1</nPropNumber>
				<nPropValue>293.15</nPropValue>
				<nPropDigits>5</nPropDigits>
			</PropertyValue>
		</NumValues>
		<NumValues>
			<VariableValue>
				<nVarNumber>1</nVarNumber>
				<nVarValue>.0421</nVarValue>
				<nVarDigits>3</nVarDigits>
			</VariableValue>
			<PropertyValue>
				<nPropNumber>1</nPropNumber>
				<nPropValue>298.15</nPropValue>
				<nPropDigits>5</nPropDigits>
			</PropertyValue>
		</NumValues>
		<NumValues>
			<VariableValue>
				<nVarNumber>1</nVarNumber>
				<nVarValue>.0605</nVarValue>
				<nVarDigits>3</nVarDigits>
			</VariableValue>
			<PropertyValue>
				<nPropNumber>1</nPropNumber>
				<nPropValue>303.55</nPropValue>
				<nPropDigits>5</nPropDigits>
			</PropertyValue>
		</NumValues>
		<NumValues>
			<VariableValue>
				<nVarNumber>1</nVarNumber>
				<nVarValue>.0764</nVarValue>
				<nVarDigits>3</nVarDigits>
			</VariableValue>
			<PropertyValue>
				<nPropNumber>1</nPropNumber>
				<nPropValue>308.15</nPropValue>
				<nPropDigits>5</nPropDigits>
			</PropertyValue>
		</NumValues>
		<NumValues>
			<VariableValue>
				<nVarNumber>1</nVarNumber>
				<nVarValue>.0921</nVarValue>
				<nVarDigits>3</nVarDigits>
			</VariableValue>
			<PropertyValue>
				<nPropNumber>1</nPropNumber>
				<nPropValue>311.85</nPropValue>
				<nPropDigits>5</nPropDigits>
			</PropertyValue>
		</NumValues>
		<NumValues>
			<VariableValue>
				<nVarNumber>1</nVarNumber>
				<nVarValue>.1149</nVarValue>
				<nVarDigits>4</nVarDigits>
			</VariableValue>
			<PropertyValue>
				<nPropNumber>1</nPropNumber>
				<nPropValue>316.05</nPropValue>
				<nPropDigits>5</nPropDigits>
			</PropertyValue>
		</NumValues>
		<NumValues>
			<VariableValue>
				<nVarNumber>1</nVarNumber>
				<nVarValue>.139</nVarValue>
				<nVarDigits>4</nVarDigits>
			</VariableValue>
			<PropertyValue>
				<nPropNumber>1</nPropNumber>
				<nPropValue>320.15</nPropValue>
				<nPropDigits>5</nPropDigits>
			</PropertyValue>
		</NumValues>
		<NumValues>
			<VariableValue>
				<nVarNumber>1</nVarNumber>
				<nVarValue>.1615</nVarValue>
				<nVarDigits>4</nVarDigits>
			</VariableValue>
			<PropertyValue>
				<nPropNumber>1</nPropNumber>
				<nPropValue>323.85</nPropValue>
				<nPropDigits>5</nPropDigits>
			</PropertyValue>
		</NumValues>
		<NumValues>
			<VariableValue>
				<nVarNumber>1</nVarNumber>
				<nVarValue>.1806</nVarValue>
				<nVarDigits>4</nVarDigits>
			</VariableValue>
			<PropertyValue>
				<nPropNumber>1</nPropNumber>
				<nPropValue>326.95</nPropValue>
				<nPropDigits>5</nPropDigits>
			</PropertyValue>
		</NumValues>
		<NumValues>
			<VariableValue>
				<nVarNumber>1</nVarNumber>
				<nVarValue>.2081</nVarValue>
				<nVarDigits>4</nVarDigits>
			</VariableValue>
			<PropertyValue>
				<nPropNumber>1</nPropNumber>
				<nPropValue>331.05</nPropValue>
				<nPropDigits>5</nPropDigits>
			</PropertyValue>
		</NumValues>
		<NumValues>
			<VariableValue>
				<nVarNumber>1</nVarNumber>
				<nVarValue>.2329</nVarValue>
				<nVarDigits>4</nVarDigits>
			</VariableValue>
			<PropertyValue>
				<nPropNumber>1</nPropNumber>
				<nPropValue>333.45</nPropValue>
				<nPropDigits>5</nPropDigits>
			</PropertyValue>
		</NumValues>
		<NumValues>
			<VariableValue>
				<nVarNumber>1</nVarNumber>
				<nVarValue>.283</nVarValue>
				<nVarDigits>4</nVarDigits>
			</VariableValue>
			<PropertyValue>
				<nPropNumber>1</nPropNumber>
				<nPropValue>339.05</nPropValue>
				<nPropDigits>5</nPropDigits>
			</PropertyValue>
		</NumValues>
	</PureOrMixtureData>
</DataReport>
