"TBLID","profln","STUB","cest","cme","pcest","pcme"
"DP02",0.0,"Selected Social Characteristics in the United States",,,,
"DP02",0.5,"Selected Social Characteristics in the United States: 2007","Estimate","Margin of Error","Percent","Margin of Error"
"DP02",0.8,"HOUSEHOLDS BY TYPE",,,,
"DP02",1.0,"Total households","2,002,081","+/-11,035","100","(X)"
"DP02",2.0,"Family households (families)","1,297,370","+/-13,965","64.8","+/-0.6"
"DP02",3.0,"With own children under 18 years","570,616","+/-10,404","28.5","+/-0.5"
"DP02",4.0,"Married-couple family","909,613","+/-13,943","45.4","+/-0.6"
"DP02",5.0,"With own children under 18 years","368,710","+/-8,599","18.4","+/-0.4"
"DP02",6.0,"Male householder, no wife present, family","103,223","+/-5,251","5.2","+/-0.3"
"DP02",7.0,"With own children under 18 years","44,053","+/-3,667","2.2","+/-0.2"
"DP02",8.0,"Female householder, no husband present, family","284,534","+/-8,680","14.2","+/-0.4"
"DP02",9.0,"With own children under 18 years","157,853","+/-6,617","7.9","+/-0.3"
"DP02",10.0,"Nonfamily households","704,711","+/-11,369","35.2","+/-0.6"
"DP02",11.0,"Householder living alone","572,938","+/-10,921","28.6","+/-0.5"
"DP02",12.0,"65 years and over","227,688","+/-6,758","11.4","+/-0.3"
"DP02",12.3,,,,,
"DP02",13.0,"Households with one or more people under 18 years","641,675","+/-10,512","32.1","+/-0.5"
"DP02",14.0,"Households with one or more people 65 years and over","602,680","+/-5,799","30.1","+/-0.3"
"DP02",14.3,,,,,
"DP02",15.0,"Average household size","2.65","+/-0.01","(X)","(X)"
"DP02",16.0,"Average family size","3.29","+/-0.03","(X)","(X)"
"DP02",16.3,,,,,
"DP02",16.5,"RELATIONSHIP",,,,
"DP02",17.0,"Population in households","5,313,832","+/-1,760","100","(X)"
"DP02",18.0,"Householder","2,002,081","+/-11,035","37.7","+/-0.2"
"DP02",19.0,"Spouse","910,724","+/-14,014","17.1","+/-0.3"
"DP02",20.0,"Child","1,554,367","+/-15,033","29.3","+/-0.3"
"DP02",21.0,"Other relatives","510,063","+/-17,387","9.6","+/-0.3"
"DP02",22.0,"Nonrelatives","336,597","+/-13,670","6.3","+/-0.3"
"DP02",23.0,"Unmarried partner","119,618","+/-5,767","2.3","+/-0.1"
"DP02",23.3,,,,,
"DP02",23.5,"MARITAL STATUS",,,,
"DP02",24.0,"Males 15 years and over","2,116,427","+/-973","100","(X)"
"DP02",25.0,"Never married","726,868","+/-11,342","34.3","+/-0.5"
"DP02",26.0,"Now married, except separated","1,045,473","+/-13,637","49.4","+/-0.6"
"DP02",27.0,"Separated","52,149","+/-3,814","2.5","+/-0.2"
"DP02",28.0,"Widowed","68,963","+/-4,155","3.3","+/-0.2"
"DP02",29.0,"Divorced","222,974","+/-8,710","10.5","+/-0.4"
"DP02",29.3,,,,,
"DP02",30.0,"Females 15 years and over","2,289,655","+/-860","100","(X)"
"DP02",31.0,"Never married","602,060","+/-8,792","26.3","+/-0.4"
"DP02",32.0,"Now married, except separated","1,016,029","+/-15,038","44.4","+/-0.7"
"DP02",33.0,"Separated","78,256","+/-5,551","3.4","+/-0.2"
"DP02",34.0,"Widowed","271,374","+/-6,990","11.9","+/-0.3"
"DP02",35.0,"Divorced","321,936","+/-9,263","14.1","+/-0.4"
"DP02",35.3,,,,,
"DP02",35.5,"FERTILITY",,,,
"DP02",36.0,"Number of women 15 to 50 years old who had a birth in the past 12 months","61,558","+/-4,722","100","(X)"
"DP02",37.0,"Unmarried women (widowed, divorced, and never married)","21,758","+/-2,881","35.3","+/-3.4"
"DP02",38.0,"Per 1,000 unmarried women","31","+/-4","(X)","(X)"
"DP02",39.0,"Per 1,000 women 15 to 50 years old","47","+/-4","(X)","(X)"
"DP02",40.0,"Per 1,000 women 15 to 19 years old","24","+/-7","(X)","(X)"
"DP02",41.0,"Per 1,000 women 20 to 34 years old","88","+/-8","(X)","(X)"
"DP02",42.0,"Per 1,000 women 35 to 50 years old","23","+/-3","(X)","(X)"
"DP02",42.3,,,,,
"DP02",42.5,"GRANDPARENTS",,,,
"DP02",43.0,"Number of grandparents living with own grandchildren under 18 years","147,361","+/-9,413","100","(X)"
"DP02",44.0,"Responsible for grandchildren","43,441","+/-4,661","29.5","+/-2.8"
"DP02",44.9,"Years responsible for grandchildren",,,,
"DP02",45.0,"Less than 1 year","9,037","+/-1,942","6.1","+/-1.3"
"DP02",46.0,"1 or 2 years","11,230","+/-2,503","7.6","+/-1.6"
"DP02",47.0,"3 or 4 years","7,498","+/-1,896","5.1","+/-1.3"
"DP02",48.0,"5 or more years","15,676","+/-2,391","10.6","+/-1.7"
"DP02",48.3,,,,,
"DP02",48.5,"Characteristics of grandparents responsible for own grandchildren under 18 years",,,,
"DP02",49.0,"Who are female","62.3","+/-3.4","(X)","(X)"
"DP02",50.0,"Who are married","66.0","+/-5.1","(X)","(X)"
"DP02",50.3,,,,,
"DP02",50.5,"SCHOOL ENROLLMENT",,,,
"DP02",51.0,"Population 3 years and over enrolled in school","1,353,763","+/-13,009","100","(X)"
"DP02",52.0,"Nursery school, preschool","96,993","+/-5,899","7.2","+/-0.4"
"DP02",53.0,"Kindergarten","67,568","+/-4,372","5.0","+/-0.3"
"DP02",54.0,"Elementary school (grades 1-8)","532,661","+/-6,275","39.3","+/-0.6"
"DP02",55.0,"High school (grades 9-12)","302,620","+/-6,746","22.4","+/-0.4"
"DP02",56.0,"College or graduate school","353,921","+/-9,528","26.1","+/-0.5"
"DP02",56.3,,,,,
"DP02",56.5,"EDUCATIONAL ATTAINMENT",,,,
"DP02",57.0,"Population 25 years and over","3,715,542","+/-671","100","(X)"
"DP02",58.0,"Less than 9th grade","306,669","+/-9,589","8.3","+/-0.3"
"DP02",59.0,"9th to 12th grade, no diploma","349,409","+/-11,633","9.4","+/-0.3"
"DP02",60.0,"High school graduate (includes equivalency)","1,068,738","+/-16,298","28.8","+/-0.4"
"DP02",61.0,"Some college, no degree","626,629","+/-15,118","16.9","+/-0.4"
"DP02",62.0,"Associate's degree","305,282","+/-9,815","8.2","+/-0.3"
"DP02",63.0,"Bachelor's degree","686,786","+/-14,470","18.5","+/-0.4"
"DP02",64.0,"Graduate or professional degree","372,029","+/-11,156","10.0","+/-0.3"
"DP02",64.3,,,,,
"DP02",65.0,"Percent high school graduate or higher","82.3","+/-0.4","(X)","(X)"
"DP02",66.0,"Percent bachelor's degree or higher","28.5","+/-0.5","(X)","(X)"
"DP02",66.3,,,,,
"DP02",66.5,"VETERAN STATUS",,,,
"DP02",67.0,"Civilian population 18 years and over","4,180,946","+/-1,017","100","(X)"
"DP02",68.0,"Civilian veterans","294,483","+/-7,465","100","(X)"
"DP02",68.3,,,,,
"DP02",68.5,"DISABILITY STATUS OF THE CIVILIAN NONINSTITUTIONALIZED POPULATION",,,,
"DP02",69.0,"Population 5 years and over","4,989,988","+/-1,625","100","(X)"
"DP02",70.0,"With a disability","693,542","+/-12,645","13.9","+/-0.3"
"DP02",70.3,,,,,
"DP02",71.0,"Population 5 to 15 years","729,515","+/-3,665","100","(X)"
"DP02",72.0,"With a disability","29,211","+/-2,880","4.0","+/-0.4"
"DP02",72.3,,,,,
"DP02",73.0,"Population 16 to 64 years","3,408,616","+/-3,748","100","(X)"
"DP02",74.0,"With a disability","328,409","+/-9,906","9.6","+/-0.3"
"DP02",74.3,,,,,
"DP02",75.0,"Population 65 years and over","851,857","+/-1,456","100","(X)"
"DP02",76.0,"With a disability","335,922","+/-8,319","39.4","+/-1.0"
"DP02",76.3,,,,,
"DP02",76.5,"RESIDENCE 1 YEAR AGO",,,,
"DP02",77.0,"Population 1 year and over","5,343,521","+/-4,637","100","(X)"
"DP02",78.0,"Same house","4,536,839","+/-26,448","84.9","+/-0.5"
"DP02",79.0,"Different house in the U.S.","742,646","+/-25,655","13.9","+/-0.5"
"DP02",80.0,"Same county","549,896","+/-20,317","10.3","+/-0.4"
"DP02",81.0,"Different county","192,750","+/-13,604","3.6","+/-0.3"
"DP02",82.0,"Same state","101,845","+/-10,449","1.9","+/-0.2"
"DP02",83.0,"Different state","90,905","+/-8,610","1.7","+/-0.2"
"DP02",84.0,"Abroad","64,036","+/-6,615","1.2","+/-0.1"
"DP02",84.3,,,,,
"DP02",84.5,"PLACE OF BIRTH",,,,
"DP02",85.0,"Total population","5,413,212","*****","100","(X)"
"DP02",86.0,"Native","3,408,034","+/-18,786","63.0","+/-0.3"
"DP02",87.0,"Born in United States","3,249,242","+/-17,451","60.0","+/-0.3"
"DP02",88.0,"State of residence","1,653,335","+/-22,961","30.5","+/-0.4"
"DP02",89.0,"Different state","1,595,907","+/-18,805","29.5","+/-0.3"
"DP02",90.0,"Born in Puerto Rico, U.S. Island areas, or born abroad to American parent(s)","158,792","+/-10,225","2.9","+/-0.2"
"DP02",91.0,"Foreign born","2,005,178","+/-18,786","37.0","+/-0.3"
"DP02",91.3,,,,,
"DP02",91.5,"U.S. CITIZENSHIP STATUS",,,,
"DP02",92.0,"Foreign-born population","2,005,178","+/-18,786","100","(X)"
"DP02",93.0,"Naturalized U.S. citizen","945,596","+/-18,056","47.2","+/-0.9"
"DP02",94.0,"Not a U.S. citizen","1,059,582","+/-22,272","52.8","+/-0.9"
"DP02",94.3,,,,,
"DP02",94.5,"YEAR OF ENTRY",,,,
"DP02",95.0,"Population born outside the United States","2,163,970","+/-17,451","100","(X)"
"DP02",95.3,,,,,
"DP02",96.0,"Native","158,792","+/-10,225","100","(X)"
"DP02",97.0,"Entered 2000 or later","33,659","+/-4,867","21.2","+/-2.4"
"DP02",98.0,"Entered before 2000","125,133","+/-8,069","78.8","+/-2.4"
"DP02",98.3,,,,,
"DP02",99.0,"Foreign born","2,005,178","+/-18,786","100","(X)"
"DP02",100.0,"Entered 2000 or later","545,892","+/-19,042","27.2","+/-0.9"
"DP02",101.0,"Entered before 2000","1,459,286","+/-18,903","72.8","+/-0.9"
"DP02",101.3,,,,,
"DP02",101.5,"WORLD REGION OF BIRTH OF FOREIGN BORN",,,,
"DP02",102.0,"Foreign-born population, excluding population born at sea","2,005,119","+/-18,798","100","(X)"
"DP02",103.0,"Europe","133,730","+/-7,230","6.7","+/-0.4"
"DP02",104.0,"Asia","103,147","+/-4,801","5.1","+/-0.2"
"DP02",105.0,"Africa","18,787","+/-3,648","0.9","+/-0.2"
"DP02",106.0,"Oceania","1,884","+/-676","0.1","+/-0.1"
"DP02",107.0,"Latin America","1,712,594","+/-18,710","85.4","+/-0.5"
"DP02",108.0,"Northern America","34,977","+/-4,204","1.7","+/-0.2"
"DP02",108.3,,,,,
"DP02",108.5,"LANGUAGE SPOKEN AT HOME",,,,
"DP02",109.0,"Population 5 years and over","5,065,479","+/-487","100","(X)"
"DP02",110.0,"English only","2,577,130","+/-20,802","50.9","+/-0.4"
"DP02",111.0,"Language other than English","2,488,349","+/-20,766","49.1","+/-0.4"
"DP02",112.0,"Speak English less than ""very well""","1,205,263","+/-18,148","23.8","+/-0.4"
"DP02",113.0,"Spanish","1,940,471","+/-12,480","38.3","+/-0.2"
"DP02",114.0,"Speak English less than ""very well""","975,026","+/-15,512","19.2","+/-0.3"
"DP02",115.0,"Other Indo-European languages","449,968","+/-17,725","8.9","+/-0.3"
"DP02",116.0,"Speak English less than ""very well""","193,223","+/-10,551","3.8","+/-0.2"
"DP02",117.0,"Asian and Pacific Islander languages","56,902","+/-4,761","1.1","+/-0.1"
"DP02",118.0,"Speak English less than ""very well""","27,285","+/-3,797","0.5","+/-0.1"
"DP02",119.0,"Other languages","41,008","+/-5,372","0.8","+/-0.1"
"DP02",120.0,"Speak English less than ""very well""","9,729","+/-2,048","0.2","+/-0.1"
"DP02",120.3,,,,,
"DP02",120.5,"ANCESTRY",,,,
"DP02",121.0,"Total population","5,413,212","*****","100","(X)"
"DP02",122.0,"American","214,036","+/-12,973","4.0","+/-0.2"
"DP02",123.0,"Arab","37,566","+/-6,047","0.7","+/-0.1"
"DP02",124.0,"Czech","12,663","+/-1,762","0.2","+/-0.1"
"DP02",125.0,"Danish","8,295","+/-2,227","0.2","+/-0.1"
"DP02",126.0,"Dutch","34,877","+/-4,238","0.6","+/-0.1"
"DP02",127.0,"English","244,077","+/-11,130","4.5","+/-0.2"
"DP02",128.0,"French (except Basque)","88,248","+/-6,418","1.6","+/-0.1"
"DP02",129.0,"French Canadian","19,069","+/-2,334","0.4","+/-0.1"
"DP02",130.0,"German","355,418","+/-13,909","6.6","+/-0.3"
"DP02",131.0,"Greek","21,054","+/-3,144","0.4","+/-0.1"
"DP02",132.0,"Hungarian","30,619","+/-3,576","0.6","+/-0.1"
"DP02",133.0,"Irish","328,115","+/-13,016","6.1","+/-0.2"
"DP02",134.0,"Italian","331,840","+/-11,596","6.1","+/-0.2"
"DP02",135.0,"Lithuanian","13,206","+/-2,106","0.2","+/-0.1"
"DP02",136.0,"Norwegian","18,953","+/-3,263","0.4","+/-0.1"
"DP02",137.0,"Polish","138,304","+/-7,328","2.6","+/-0.1"
"DP02",138.0,"Portuguese","13,118","+/-1,999","0.2","+/-0.1"
"DP02",139.0,"Russian","130,390","+/-7,123","2.4","+/-0.1"
"DP02",140.0,"Scotch-Irish","37,769","+/-3,867","0.7","+/-0.1"
"DP02",141.0,"Scottish","50,529","+/-4,580","0.9","+/-0.1"
"DP02",142.0,"Slovak","5,681","+/-1,423","0.1","+/-0.1"
"DP02",143.0,"Subsaharan African","31,956","+/-5,684","0.6","+/-0.1"
"DP02",144.0,"Swedish","29,508","+/-3,840","0.5","+/-0.1"
"DP02",145.0,"Swiss","7,334","+/-1,777","0.1","+/-0.1"
"DP02",146.0,"Ukrainian","13,250","+/-2,194","0.2","+/-0.1"
"DP02",147.0,"Welsh","12,573","+/-2,023","0.2","+/-0.1"
"DP02",148.0,"West Indian (excluding Hispanic origin groups)","478,710","+/-18,472","8.8","+/-0.3"
"DP03",0.0,"Selected Economic Characteristics",,,,
"DP03",0.5,"Selected Economic Characteristics:  2007","Estimate","Margin of Error","Percent","Margin of Error"
"DP03",0.8,"EMPLOYMENT STATUS",,,,
"DP03",1.0,"Population 16 years and over","4,335,685","+/-3,646","100","(X)"
"DP03",2.0,"In labor force","2,714,027","+/-12,274","62.6","+/-0.3"
"DP03",3.0,"Civilian labor force","2,710,212","+/-12,298","62.5","+/-0.3"
"DP03",4.0,"Employed","2,555,886","+/-13,970","58.9","+/-0.3"
"DP03",5.0,"Unemployed","154,326","+/-7,704","3.6","+/-0.2"
"DP03",6.0,"Armed Forces","3,815","+/-816","0.1","+/-0.1"
"DP03",7.0,"Not in labor force","1,621,658","+/-12,375","37.4","+/-0.3"
"DP03",7.3,,,,,
"DP03",8.0,"Civilian labor force","2,710,212","+/-12,298","100","(X)"
"DP03",9.0,"Unemployed","5.7","+/-0.3","(X)","(X)"
"DP03",9.3,,,,,
"DP03",10.0,"Females 16 years and over","2,256,838","+/-2,195","100","(X)"
"DP03",11.0,"In labor force","1,268,769","+/-9,099","56.2","+/-0.4"
"DP03",12.0,"Civilian labor force","1,268,429","+/-9,084","56.2","+/-0.4"
"DP03",13.0,"Employed","1,192,615","+/-9,770","52.8","+/-0.4"
"DP03",13.3,,,,,
"DP03",14.0,"Own children under 6 years","390,323","+/-4,448","100","(X)"
"DP03",15.0,"All parents in family in labor force","258,039","+/-9,370","66.1","+/-2.0"
"DP03",15.3,,,,,
"DP03",16.0,"Own children 6 to 17 years","765,800","+/-5,782","100","(X)"
"DP03",17.0,"All parents in family in labor force","568,158","+/-11,113","74.2","+/-1.3"
"DP03",17.3,,,,,
"DP03",17.5,"COMMUTING TO WORK",,,,
"DP03",18.0,"Workers 16 years and over","2,484,113","+/-14,798","100","(X)"
"DP03",19.0,"Car, truck, or van -- drove alone","1,950,554","+/-18,193","78.5","+/-0.5"
"DP03",20.0,"Car, truck, or van -- carpooled","243,361","+/-10,636","9.8","+/-0.4"
"DP03",21.0,"Public transportation (excluding taxicab)","91,279","+/-6,765","3.7","+/-0.3"
"DP03",22.0,"Walked","45,335","+/-5,112","1.8","+/-0.2"
"DP03",23.0,"Other means","50,058","+/-4,580","2.0","+/-0.2"
"DP03",24.0,"Worked at home","103,526","+/-5,338","4.2","+/-0.2"
"DP03",24.3,,,,,
"DP03",25.0,"Mean travel time to work (minutes)","27.8","+/-0.2","(X)","(X)"
"DP03",25.3,,,,,
"DP03",25.5,"OCCUPATION",,,,
"DP03",26.0,"Civilian employed population 16 years and over","2,555,886","+/-13,970","100","(X)"
"DP03",27.0,"Management, professional, and related occupations","819,690","+/-15,070","32.1","+/-0.6"
"DP03",28.0,"Service occupations","490,283","+/-14,647","19.2","+/-0.6"
"DP03",29.0,"Sales and office occupations","743,756","+/-14,339","29.1","+/-0.6"
"DP03",30.0,"Farming, fishing, and forestry occupations","7,183","+/-1,734","0.3","+/-0.1"
"DP03",31.0,"Construction, extraction, maintenance and repair occupations","259,393","+/-9,086","10.1","+/-0.4"
"DP03",32.0,"Production, transportation, and material moving occupations","235,581","+/-9,086","9.2","+/-0.3"
"DP03",32.3,,,,,
"DP03",32.5,"INDUSTRY",,,,
"DP03",33.0,"Civilian employed population 16 years and over","2,555,886","+/-13,970","100","(X)"
"DP03",34.0,"Agriculture, forestry, fishing and hunting, and mining","11,456","+/-1,958","0.4","+/-0.1"
"DP03",35.0,"Construction","225,580","+/-8,818","8.8","+/-0.3"
"DP03",36.0,"Manufacturing","139,292","+/-6,538","5.4","+/-0.3"
"DP03",37.0,"Wholesale trade","114,812","+/-6,411","4.5","+/-0.3"
"DP03",38.0,"Retail trade","321,714","+/-10,404","12.6","+/-0.4"
"DP03",39.0,"Transportation and warehousing, and utilities","160,725","+/-6,782","6.3","+/-0.3"
"DP03",40.0,"Information","66,114","+/-4,485","2.6","+/-0.2"
"DP03",41.0,"Finance and insurance, and real estate and rental and leasing","228,713","+/-8,195","8.9","+/-0.3"
"DP03",42.0,"Professional, scientific, and management, and administrative and waste management services","322,530","+/-11,087","12.6","+/-0.4"
"DP03",43.0,"Educational services, and health care and social assistance","469,544","+/-10,403","18.4","+/-0.4"
"DP03",44.0,"Arts, entertainment, and recreation, and accommodation, and food services","240,609","+/-10,022","9.4","+/-0.4"
"DP03",45.0,"Other services, except public administration","152,360","+/-7,330","6.0","+/-0.3"
"DP03",46.0,"Public administration","102,437","+/-5,557","4.0","+/-0.2"
"DP03",46.3,,,,,
"DP03",46.5,"CLASS OF WORKER",,,,
"DP03",47.0,"Civilian employed population 16 years and over","2,555,886","+/-13,970","100","(X)"
"DP03",48.0,"Private wage and salary workers","2,084,083","+/-17,865","81.5","+/-0.5"
"DP03",49.0,"Government workers","293,862","+/-7,639","11.5","+/-0.3"
"DP03",50.0,"Self-employed workers in own not incorporated business","174,097","+/-8,489","6.8","+/-0.3"
"DP03",51.0,"Unpaid family workers","3,844","+/-870","0.2","+/-0.1"
"DP03",51.3,,,,,
"DP03",51.5,"INCOME AND BENEFITS (IN 2007 INFLATION-ADJUSTED DOLLARS)",,,,
"DP03",52.0,"Total households","2,002,081","+/-11,035","100","(X)"
"DP03",53.0,"Less than $10,000","149,217","+/-6,216","7.5","+/-0.3"
"DP03",54.0,"$10,000 to $14,999","119,390","+/-4,771","6.0","+/-0.2"
"DP03",55.0,"$15,000 to $24,999","239,063","+/-7,988","11.9","+/-0.4"
"DP03",56.0,"$25,000 to $34,999","215,261","+/-8,584","10.8","+/-0.4"
"DP03",57.0,"$35,000 to $49,999","289,174","+/-8,321","14.4","+/-0.4"
"DP03",58.0,"$50,000 to $74,999","363,968","+/-9,577","18.2","+/-0.5"
"DP03",59.0,"$75,000 to $99,999","225,607","+/-7,541","11.3","+/-0.4"
"DP03",60.0,"$100,000 to $149,999","229,632","+/-7,065","11.5","+/-0.4"
"DP03",61.0,"$150,000 to $199,999","79,043","+/-5,016","3.9","+/-0.2"
"DP03",62.0,"$200,000 or more","91,726","+/-4,756","4.6","+/-0.2"
"DP03",63.0,"Median household income (dollars)","49,232","+/-844","(X)","(X)"
"DP03",64.0,"Mean household income (dollars)","71,062","+/-907","(X)","(X)"
"DP03",64.3,,,,,
"DP03",65.0,"With earnings","1,565,036","+/-11,920","78.2","+/-0.4"
"DP03",66.0,"Mean earnings (dollars)","71,892","+/-939","(X)","(X)"
"DP03",67.0,"With Social Security","606,082","+/-8,465","30.3","+/-0.4"
"DP03",68.0,"Mean Social Security income (dollars)","14,297","+/-140","(X)","(X)"
"DP03",69.0,"With retirement income","260,009","+/-6,809","13.0","+/-0.3"
"DP03",70.0,"Mean retirement income (dollars)","20,535","+/-695","(X)","(X)"
"DP03",70.3,,,,,
"DP03",71.0,"With Supplemental Security Income","75,822","+/-5,074","3.8","+/-0.3"
"DP03",72.0,"Mean Supplemental Security Income (dollars)","7,272","+/-317","(X)","(X)"
"DP03",73.0,"With cash public assistance income","22,188","+/-2,391","1.1","+/-0.1"
"DP03",74.0,"Mean cash public assistance income (dollars)","2,843","+/-313","(X)","(X)"
"DP03",75.0,"With Food Stamp benefits in the past 12 months","154,743","+/-5,305","7.7","+/-0.3"
"DP03",75.3,,,,,
"DP03",76.0,"Families","1,297,370","+/-13,965","100","(X)"
"DP03",77.0,"Less than $10,000","49,975","+/-4,134","3.9","+/-0.3"
"DP03",78.0,"$10,000 to $14,999","53,122","+/-3,497","4.1","+/-0.3"
"DP03",79.0,"$15,000 to $24,999","138,163","+/-5,713","10.6","+/-0.4"
"DP03",80.0,"$25,000 to $34,999","134,272","+/-7,403","10.3","+/-0.5"
"DP03",81.0,"$35,000 to $49,999","184,029","+/-7,464","14.2","+/-0.5"
"DP03",82.0,"$50,000 to $74,999","252,908","+/-7,751","19.5","+/-0.6"
"DP03",83.0,"$75,000 to $99,999","163,812","+/-6,408","12.6","+/-0.5"
"DP03",84.0,"$100,000 to $149,999","180,986","+/-6,063","14.0","+/-0.5"
"DP03",85.0,"$150,000 to $199,999","67,552","+/-4,635","5.2","+/-0.4"
"DP03",86.0,"$200,000 or more","72,551","+/-4,167","5.6","+/-0.3"
"DP03",87.0,"Median family income (dollars)","57,818","+/-1,065","(X)","(X)"
"DP03",88.0,"Mean family income (dollars)","81,392","+/-1,199","(X)","(X)"
"DP03",88.3,,,,,
"DP03",89.0,"Per capita income (dollars)","27,394","+/-354","(X)","(X)"
"DP03",89.3,,,,,
"DP03",90.0,"Nonfamily households","704,711","+/-11,369","100","(X)"
"DP03",91.0,"Median nonfamily income (dollars)","32,199","+/-612","(X)","(X)"
"DP03",92.0,"Mean nonfamily income (dollars)","49,044","+/-1,367","(X)","(X)"
"DP03",92.3,,,,,
"DP03",93.0,"Median earnings for workers (dollars)","27,921","+/-535","(X)","(X)"
"DP03",93.5,"PERCENTAGE OF FAMILIES AND PEOPLE WHOSE INCOME IN THE PAST 12 MONTHS IS BELOW THE POVERTY LEVEL",,,,
"DP03",94.0,"Median earnings for male full-time, year-round workers (dollars)","39,627","+/-924","(X)","(X)"
"DP03",95.0,"Median earnings for female full-time, year-round workers (dollars)","32,839","+/-782","(X)","(X)"
"DP03",95.3,,,,,
"DP03",96.0,"All families","9.5","+/-0.5","(X)","(X)"
"DP03",97.0,"With related children under 18 years","13.9","+/-0.8","(X)","(X)"
"DP03",98.0,"With related children under 5 years only","13.5","+/-1.7","(X)","(X)"
"DP03",99.0,"Married couple families","5.6","+/-0.4","(X)","(X)"
"DP03",100.0,"With related children under 18 years","6.6","+/-0.7","(X)","(X)"
"DP03",101.0,"With related children under 5 years only","5.9","+/-1.4","(X)","(X)"
"DP03",102.0,"Families with female householder, no husband present","22.0","+/-1.4","(X)","(X)"
"DP03",103.0,"With related children under 18 years","29.2","+/-1.8","(X)","(X)"
"DP03",104.0,"With related children under 5 years only","31.8","+/-5.0","(X)","(X)"
"DP03",104.2,,,,,
"DP03",105.0,"All people","12.8","+/-0.4","(X)","(X)"
"DP03",106.0,"Under 18 years","17.7","+/-1.1","(X)","(X)"
"DP03",107.0,"Related children under 18 years","17.1","+/-1.1","(X)","(X)"
"DP03",108.0,"Related children under 5 years","19.7","+/-1.7","(X)","(X)"
"DP03",109.0,"Related children 5 to 17 years","16.0","+/-1.1","(X)","(X)"
"DP03",110.0,"18 years and over","11.4","+/-0.3","(X)","(X)"
"DP03",111.0,"18 to 64 years","10.9","+/-0.4","(X)","(X)"
"DP03",112.0,"65 years and over","13.4","+/-0.7","(X)","(X)"
"DP03",113.0,"People in families","10.4","+/-0.6","(X)","(X)"
"DP03",114.0,"Unrelated individuals 15 years and over","22.7","+/-0.9","(X)","(X)"
"DP04",0.0,"Selected Housing Characteristics",,,,
"DP04",0.5,"Selected Housing Characteristics:  2007","Estimate","Margin of Error","Percent","Margin of Error"
"DP04",0.8,"HOUSING OCCUPANCY",,,,
"DP04",1.0,"Total housing units","2,413,314","+/-668","100","(X)"
"DP04",2.0,"Occupied housing units","2,002,081","+/-11,035","83.0","+/-0.5"
"DP04",3.0,"Vacant housing units","411,233","+/-11,118","17.0","+/-0.5"
"DP04",3.3,,,,,
"DP04",4.0,"Homeowner vacancy rate","4.1","+/-0.4","(X)","(X)"
"DP04",5.0,"Rental vacancy rate","9.6","+/-0.8","(X)","(X)"
"DP04",5.3,,,,,
"DP04",5.5,"UNITS IN STRUCTURE",,,,
"DP04",6.0,"Total housing units","2,413,314","+/-668","100","(X)"
"DP04",7.0,"1-unit, detached","1,035,389","+/-10,925","42.9","+/-0.5"
"DP04",8.0,"1-unit, attached","226,363","+/-7,467","9.4","+/-0.3"
"DP04",9.0,"2 units","61,684","+/-3,809","2.6","+/-0.2"
"DP04",10.0,"3 or 4 units","118,579","+/-5,429","4.9","+/-0.2"
"DP04",11.0,"5 to 9 units","136,153","+/-5,560","5.6","+/-0.2"
"DP04",12.0,"10 to 19 units","165,182","+/-7,259","6.8","+/-0.3"
"DP04",13.0,"20 or more units","611,250","+/-10,661","25.3","+/-0.4"
"DP04",14.0,"Mobile home","57,351","+/-3,661","2.4","+/-0.2"
"DP04",15.0,"Boat, RV, van, etc.","1,363","+/-648","0.1","+/-0.1"
"DP04",15.3,,,,,
"DP04",15.5,"YEAR STRUCTURE BUILT",,,,
"DP04",16.0,"Total housing units","2,413,314","+/-668","100","(X)"
"DP04",17.0,"Built 2005 or later","71,929","+/-4,708","3.0","+/-0.2"
"DP04",18.0,"Built 2000 to 2004","210,208","+/-6,450","8.7","+/-0.3"
"DP04",19.0,"Built 1990 to 1999","360,903","+/-8,795","15.0","+/-0.4"
"DP04",20.0,"Built 1980 to 1989","489,098","+/-11,247","20.3","+/-0.5"
"DP04",21.0,"Built 1970 to 1979","581,964","+/-9,556","24.1","+/-0.4"
"DP04",22.0,"Built 1960 to 1969","305,560","+/-8,035","12.7","+/-0.3"
"DP04",23.0,"Built 1950 to 1959","268,480","+/-6,973","11.1","+/-0.3"
"DP04",24.0,"Built 1940 to 1949","77,117","+/-4,715","3.2","+/-0.2"
"DP04",25.0,"Built 1939 or earlier","48,055","+/-3,475","2.0","+/-0.1"
"DP04",25.3,,,,,
"DP04",25.5,"ROOMS",,,,
"DP04",26.0,"Total housing units","2,413,314","+/-668","100","(X)"
"DP04",27.0,"1 room","30,240","+/-3,061","1.3","+/-0.1"
"DP04",28.0,"2 rooms","94,119","+/-5,392","3.9","+/-0.2"
"DP04",29.0,"3 rooms","341,515","+/-7,912","14.2","+/-0.3"
"DP04",30.0,"4 rooms","640,688","+/-12,760","26.5","+/-0.5"
"DP04",31.0,"5 rooms","508,233","+/-9,606","21.1","+/-0.4"
"DP04",32.0,"6 rooms","353,386","+/-10,198","14.6","+/-0.4"
"DP04",33.0,"7 rooms","240,157","+/-7,361","10.0","+/-0.3"
"DP04",34.0,"8 rooms","125,169","+/-5,230","5.2","+/-0.2"
"DP04",35.0,"9 rooms or more","79,807","+/-3,833","3.3","+/-0.2"
"DP04",36.0,"Median (rooms)","4.7","+/-0.1","(X)","(X)"
"DP04",36.3,,,,,
"DP04",36.5,"BEDROOMS",,,,
"DP04",37.0,"Total housing units","2,413,314","+/-668","100","(X)"
"DP04",38.0,"No bedroom","39,742","+/-3,382","1.6","+/-0.1"
"DP04",39.0,"1 bedroom","390,164","+/-9,029","16.2","+/-0.4"
"DP04",40.0,"2 bedrooms","896,462","+/-11,927","37.1","+/-0.5"
"DP04",41.0,"3 bedrooms","732,899","+/-13,389","30.4","+/-0.6"
"DP04",42.0,"4 bedrooms","284,516","+/-8,454","11.8","+/-0.4"
"DP04",43.0,"5 or more bedrooms","69,531","+/-4,222","2.9","+/-0.2"
"DP04",43.3,,,,,
"DP04",43.5,"HOUSING TENURE",,,,
"DP04",44.0,"Occupied housing units","2,002,081","+/-11,035","100","(X)"
"DP04",45.0,"Owner-occupied","1,354,306","+/-11,022","67.6","+/-0.5"
"DP04",46.0,"Renter-occupied","647,775","+/-11,823","32.4","+/-0.5"
"DP04",46.3,,,,,
"DP04",47.0,"Average household size of owner-occupied unit","2.67","+/-0.02","(X)","(X)"
"DP04",48.0,"Average household size of renter-occupied unit","2.62","+/-0.03","(X)","(X)"
"DP04",48.3,,,,,
"DP04",48.5,"YEAR HOUSEHOLDER MOVED INTO UNIT",,,,
"DP04",49.0,"Occupied housing units","2,002,081","+/-11,035","100","(X)"
"DP04",50.0,"Moved in 2005 or later","610,476","+/-12,244","30.5","+/-0.5"
"DP04",51.0,"Moved in 2000 to 2004","590,897","+/-9,552","29.5","+/-0.5"
"DP04",52.0,"Moved in 1990 to 1999","472,104","+/-8,560","23.6","+/-0.4"
"DP04",53.0,"Moved in 1980 to 1989","196,058","+/-5,861","9.8","+/-0.3"
"DP04",54.0,"Moved in 1970 to 1979","89,806","+/-4,980","4.5","+/-0.3"
"DP04",55.0,"Moved in 1969 or earlier","42,740","+/-3,152","2.1","+/-0.2"
"DP04",55.3,,,,,
"DP04",55.5,"VEHICLES AVAILABLE",,,,
"DP04",56.0,"Occupied housing units","2,002,081","+/-11,035","100","(X)"
"DP04",57.0,"No vehicles available","164,043","+/-6,923","8.2","+/-0.3"
"DP04",58.0,"1 vehicle available","802,833","+/-12,317","40.1","+/-0.6"
"DP04",59.0,"2 vehicles available","737,317","+/-11,015","36.8","+/-0.5"
"DP04",60.0,"3 or more vehicles available","297,888","+/-7,711","14.9","+/-0.4"
"DP04",60.3,,,,,
"DP04",60.5,"HOUSE HEATING FUEL",,,,
"DP04",61.0,"Occupied housing units","2,002,081","+/-11,035","100","(X)"
"DP04",62.0,"Utility gas","42,830","+/-2,858","2.1","+/-0.1"
"DP04",63.0,"Bottled, tank, or LP gas","9,233","+/-1,167","0.5","+/-0.1"
"DP04",64.0,"Electricity","1,866,892","+/-12,413","93.2","+/-0.3"
"DP04",65.0,"Fuel oil, kerosene, etc.","1,877","+/-610","0.1","+/-0.1"
"DP04",66.0,"Coal or coke","0","+/-303","0.0","+/-0.1"
"DP04",67.0,"Wood","553","+/-355","0.0","+/-0.1"
"DP04",68.0,"Solar energy","485","+/-274","0.0","+/-0.1"
"DP04",69.0,"Other fuel","847","+/-392","0.0","+/-0.1"
"DP04",70.0,"No fuel used","79,364","+/-4,418","4.0","+/-0.2"
"DP04",70.3,,,,,
"DP04",70.5,"SELECTED CHARACTERISTICS",,,,
"DP04",71.0,"Occupied housing units","2,002,081","+/-11,035","100","(X)"
"DP04",72.0,"Lacking complete plumbing facilities","4,945","+/-997","0.2","+/-0.1"
"DP04",73.0,"Lacking complete kitchen facilities","6,232","+/-1,447","0.3","+/-0.1"
"DP04",74.0,"No telephone service available","112,869","+/-5,801","5.6","+/-0.3"
"DP04",74.3,,,,,
"DP04",74.5,"OCCUPANTS PER ROOM",,,,
"DP04",75.0,"Occupied housing units","2,002,081","+/-11,035","100","(X)"
"DP04",76.0,"1.00 or less","1,926,044","+/-11,206","96.2","+/-0.2"
"DP04",77.0,"1.01 to 1.50","60,048","+/-4,117","3.0","+/-0.2"
"DP04",78.0,"1.51 or more","15,989","+/-2,025","0.8","+/-0.1"
"DP04",78.3,,,,,
"DP04",78.5,"VALUE",,,,
"DP04",79.0,"Owner-occupied units","1,354,306","+/-11,022","100","(X)"
"DP04",80.0,"Less than $50,000","33,821","+/-3,226","2.5","+/-0.2"
"DP04",81.0,"$50,000 to $99,999","60,218","+/-3,829","4.4","+/-0.3"
"DP04",82.0,"$100,000 to $149,999","86,022","+/-4,351","6.4","+/-0.3"
"DP04",83.0,"$150,000 to $199,999","145,821","+/-5,782","10.8","+/-0.4"
"DP04",84.0,"$200,000 to $299,999","322,113","+/-8,390","23.8","+/-0.6"
"DP04",85.0,"$300,000 to $499,999","448,772","+/-9,726","33.1","+/-0.7"
"DP04",86.0,"$500,000 to $999,999","200,852","+/-6,328","14.8","+/-0.5"
"DP04",87.0,"$1,000,000 or more","56,687","+/-3,045","4.2","+/-0.2"
"DP04",88.0,"Median (dollars)","310,300","+/-2,673","(X)","(X)"
"DP04",88.3,,,,,
"DP04",88.5,"MORTGAGE STATUS AND SELECTED MONTHLY OWNER COSTS",,,,
"DP04",89.0,"Owner-occupied units","1,354,306","+/-11,022","100","(X)"
"DP04",90.0,"Housing units with a mortgage","931,201","+/-10,390","100","(X)"
"DP04",91.0,"Less than $300","743","+/-360","0.1","+/-0.1"
"DP04",92.0,"$300 to $499","7,404","+/-1,306","0.5","+/-0.1"
"DP04",93.0,"$500 to $699","20,072","+/-2,046","1.5","+/-0.2"
"DP04",94.0,"$700 to $999","71,957","+/-3,898","5.3","+/-0.3"
"DP04",95.0,"$1,000 to $1,499","192,902","+/-7,069","14.2","+/-0.5"
"DP04",96.0,"$1,500 to $1,999","201,552","+/-6,968","14.9","+/-0.5"
"DP04",97.0,"$2,000 or more","436,571","+/-9,295","32.2","+/-0.6"
"DP04",98.0,"Median (dollars)","1,926","+/-20","(X)","(X)"
"DP04",99.0,"Housing units without a mortgage","423,105","+/-8,403","100","(X)"
"DP04",100.0,"Less than $100","3,977","+/-1,044","0.3","+/-0.1"
"DP04",101.0,"$100 to $199","12,281","+/-1,764","0.9","+/-0.1"
"DP04",102.0,"$200 to $299","30,524","+/-2,638","2.3","+/-0.2"
"DP04",103.0,"$300 to $399","48,425","+/-3,292","3.6","+/-0.2"
"DP04",104.0,"$400 or more","327,898","+/-7,442","24.2","+/-0.5"
"DP04",105.0,"Median (dollars)","604","+/-10","(X)","(X)"
"DP04",105.3,,,,,
"DP04",105.5,"SELECTED MONTHLY OWNER COSTS AS A PERCENTAGE OF HOUSEHOLD INCOME",,,,
"DP04",106.0,"Owner-occupied units","1,354,306","+/-11,022","100","(X)"
"DP04",107.0,"Housing unit with a mortgage","931,201","+/-10,390","100","(X)"
"DP04",108.0,"Less than 20.0 percent","176,707","+/-6,856","13.0","+/-0.5"
"DP04",109.0,"20.0 to 24.9 percent","105,535","+/-4,815","7.8","+/-0.4"
"DP04",110.0,"25.0 to 29.9 percent","103,734","+/-4,860","7.7","+/-0.4"
"DP04",111.0,"30.0 to 34.9 percent","87,449","+/-4,790","6.5","+/-0.4"
"DP04",112.0,"35.0 percent or more","450,858","+/-8,966","33.3","+/-0.6"
"DP04",113.0,"Not computed","6,918","+/-1,722","100","(X)"
"DP04",114.0,"Housing unit without a mortgage","423,105","+/-8,403","100","(X)"
"DP04",115.0,"Less than 10.0 percent","100,695","+/-4,786","7.4","+/-0.3"
"DP04",116.0,"10.0 to 14.9 percent","72,371","+/-3,755","5.3","+/-0.3"
"DP04",117.0,"15.0 to 19.9 percent","56,504","+/-3,726","4.2","+/-0.3"
"DP04",118.0,"20.0 to 24.9 percent","37,322","+/-2,569","2.8","+/-0.2"
"DP04",119.0,"25.0 to 29.9 percent","30,438","+/-2,744","2.2","+/-0.2"
"DP04",120.0,"30.0 to 34.9 percent","23,197","+/-2,017","1.7","+/-0.1"
"DP04",121.0,"35.0 percent or more","96,424","+/-4,921","7.1","+/-0.3"
"DP04",122.0,"Not computed","6,154","+/-1,396","100","(X)"
"DP04",122.3,,,,,
"DP04",122.5,"GROSS RENT",,,,
"DP04",123.0,"Renter-occupied units","647,775","+/-11,823","100","(X)"
"DP04",124.0,"Less than $200","15,478","+/-2,269","2.4","+/-0.3"
"DP04",125.0,"$200 to $299","14,429","+/-1,993","2.2","+/-0.3"
"DP04",126.0,"$300 to $499","23,556","+/-2,531","3.6","+/-0.4"
"DP04",127.0,"$500 to $749","78,165","+/-5,506","12.1","+/-0.8"
"DP04",128.0,"$750 to $999","162,749","+/-6,934","25.1","+/-1.0"
"DP04",129.0,"$1,000 to $1,499","217,042","+/-7,916","33.5","+/-1.1"
"DP04",130.0,"$1,500 or more","110,171","+/-5,739","17.0","+/-0.8"
"DP04",131.0,"No cash rent","26,185","+/-2,947","100","(X)"
"DP04",132.0,"Median (dollars)","1,031","+/-11","(X)","(X)"
"DP04",132.3,,,,,
"DP04",132.5,"GROSS RENT AS A PERCENTAGE OF HOUSEHOLD INCOME",,,,
"DP04",133.0,"Renter-occupied units","647,775","+/-11,823","100","(X)"
"DP04",134.0,"Less than 15.0 percent","38,613","+/-3,784","6.0","+/-0.6"
"DP04",135.0,"15.0 to 19.9 percent","56,329","+/-4,141","8.7","+/-0.6"
"DP04",136.0,"20.0 to 24.9 percent","67,453","+/-4,574","10.4","+/-0.7"
"DP04",137.0,"25.0 to 29.9 percent","69,225","+/-4,604","10.7","+/-0.7"
"DP04",138.0,"30.0 to 34.9 percent","62,592","+/-4,433","9.7","+/-0.6"
"DP04",139.0,"35.0 percent or more","317,051","+/-8,983","48.9","+/-1.1"
"DP04",140.0,"Not computed","36,512","+/-3,402","100","(X)"
"DP05",0.0,"ACS Demographic and Housing Estimates",,,,
"DP05",0.5,"ACS Demographic and Housing Estimates:  2007","Estimate","Margin of Error","Percent","Margin of Error"
"DP05",0.8,"SEX AND AGE",,,,
"DP05",1.0,"Total population","5,413,212","*****","100","(X)"
"DP05",2.0,"Male","2,632,820","+/-1,144","48.6","+/-0.1"
"DP05",3.0,"Female","2,780,392","+/-1,144","51.4","+/-0.1"
"DP05",3.3,,,,,
"DP05",4.0,"Under 5 years","347,733","+/-487","6.4","+/-0.1"
"DP05",5.0,"5 to 9 years","327,284","+/-6,976","6.0","+/-0.1"
"DP05",6.0,"10 to 14 years","332,113","+/-6,994","6.1","+/-0.1"
"DP05",7.0,"15 to 19 years","356,946","+/-761","6.6","+/-0.1"
"DP05",8.0,"20 to 24 years","333,594","+/-688","6.2","+/-0.1"
"DP05",9.0,"25 to 34 years","626,402","+/-561","11.6","+/-0.1"
"DP05",10.0,"35 to 44 years","818,575","+/-929","15.1","+/-0.1"
"DP05",11.0,"45 to 54 years","793,429","+/-912","14.7","+/-0.1"
"DP05",12.0,"55 to 59 years","329,683","+/-6,830","6.1","+/-0.1"
"DP05",13.0,"60 to 64 years","269,117","+/-6,971","5.0","+/-0.1"
"DP05",14.0,"65 to 74 years","402,404","+/-876","7.4","+/-0.1"
"DP05",15.0,"75 to 84 years","336,462","+/-4,703","6.2","+/-0.1"
"DP05",16.0,"85 years and over","139,470","+/-4,575","2.6","+/-0.1"
"DP05",16.3,,,,,
"DP05",17.0,"Median age (years)","39.9","+/-0.1","(X)","(X)"
"DP05",17.3,,,,,
"DP05",18.0,"18 years and over","4,184,761","+/-558","77.3","+/-0.1"
"DP05",19.0,"21 years and over","3,978,504","+/-4,736","73.5","+/-0.1"
"DP05",20.0,"62 years and over","1,029,994","+/-6,305","19.0","+/-0.1"
"DP05",21.0,"65 years and over","878,336","+/-729","16.2","+/-0.1"
"DP05",21.3,,,,,
"DP05",22.0,"18 years and over","4,184,761","+/-558","100","(X)"
"DP05",23.0,"Male","2,003,093","+/-752","37.0","+/-0.1"
"DP05",24.0,"Female","2,181,668","+/-640","40.3","+/-0.1"
"DP05",24.3,,,,,
"DP05",25.0,"65 years and over","878,336","+/-729","100","(X)"
"DP05",26.0,"Male","371,791","+/-510","6.9","+/-0.1"
"DP05",27.0,"Female","506,545","+/-438","9.4","+/-0.1"
"DP05",27.3,,,,,
"DP05",27.5,"RACE",,,,
"DP05",28.0,"Total population","5,413,212","*****","100","(X)"
"DP05",29.0,"One race","5,319,364","+/-8,505","100","(X)"
"DP05",30.0,"Two or more races","93,848","+/-8,505","100","(X)"
"DP05",30.3,,,,,
"DP05",31.0,"One race","5,319,364","+/-8,505","98.3","+/-0.2"
"DP05",32.0,"White","3,798,424","+/-18,037","71.4","+/-0.3"
"DP05",33.0,"Black or African American","1,099,040","+/-8,761","20.7","+/-0.2"
"DP05",34.0,"American Indian and Alaska Native","12,989","+/-2,651","0.2","+/-0.1"
"DP05",35.0,"Cherokee tribal grouping","2,183","+/-921","16.8","+/-7.4"
"DP05",36.0,"Chippewa tribal grouping","34","+/-59","0.3","+/-0.5"
"DP05",37.0,"Navajo tribal grouping","343","+/-459","2.6","+/-3.6"
"DP05",38.0,"Sioux tribal grouping","206","+/-200","1.6","+/-1.6"
"DP05",39.0,"Asian","113,152","+/-2,870","2.1","+/-0.1"
"DP05",40.0,"Asian Indian","38,436","+/-4,928","34.0","+/-4.1"
"DP05",41.0,"Chinese","26,190","+/-3,895","23.1","+/-3.4"
"DP05",42.0,"Filipino","18,927","+/-3,114","16.7","+/-2.7"
"DP05",43.0,"Japanese","3,117","+/-1,181","2.8","+/-1.0"
"DP05",44.0,"Korean","6,753","+/-2,297","6.0","+/-2.1"
"DP05",45.0,"Vietnamese","8,297","+/-2,706","7.3","+/-2.4"
"DP05",46.0,"Other Asian","11,432","+/-3,194","10.1","+/-2.8"
"DP05",47.0,"Native Hawaiian and Other Pacific Islander","1,826","+/-791","0.0","+/-0.1"
"DP05",48.0,"Native Hawaiian","548","+/-497","30.0","+/-25.4"
"DP05",49.0,"Guamanian or Chamorro","839","+/-711","45.9","+/-31.1"
"DP05",50.0,"Samoan","0","+/-303","0.0","+/-11.0"
"DP05",51.0,"Other Pacific Islander","439","+/-410","24.0","+/-22.0"
"DP05",52.0,"Some other race","293,933","+/-16,686","5.5","+/-0.3"
"DP05",53.0,"Two or more races","93,848","+/-8,505","1.7","+/-0.2"
"DP05",54.0,"White and Black or African American","26,556","+/-5,075","28.3","+/-4.3"
"DP05",55.0,"White and American Indian and Alaska Native","10,661","+/-2,319","11.4","+/-2.4"
"DP05",56.0,"White and Asian","11,995","+/-2,694","12.8","+/-2.7"
"DP05",57.0,"Black or African American and American Indian and Alaska Native","1,531","+/-900","1.6","+/-0.9"
"DP05",57.3,,,,,
"DP05",57.5,"Race alone or in combination with one or more other races",,,,
"DP05",58.0,"Total population","5,413,212","*****","100","(X)"
"DP05",59.0,"White","3,877,229","+/-17,254","71.6","+/-0.3"
"DP05",60.0,"Black or African American","1,141,434","+/-9,060","21.1","+/-0.2"
"DP05",61.0,"American Indian and Alaska Native","26,191","+/-2,682","0.5","+/-0.1"
"DP05",62.0,"Asian","135,966","+/-3,755","2.5","+/-0.1"
"DP05",63.0,"Native Hawaiian and Other Pacific Islander","3,922","+/-1,011","0.1","+/-0.1"
"DP05",64.0,"Some other race","326,758","+/-17,142","6.0","+/-0.3"
"DP05",64.3,,,,,
"DP05",64.5,"HISPANIC OR LATINO AND RACE",,,,
"DP05",65.0,"Total population","5,413,212","*****","100","(X)"
"DP05",66.0,"Hispanic or Latino (of any race)","2,110,201","*****","39.0","*****"
"DP05",67.0,"Mexican","124,666","+/-11,646","2.3","+/-0.2"
"DP05",68.0,"Puerto Rican","195,352","+/-14,716","3.6","+/-0.3"
"DP05",69.0,"Cuban","907,807","+/-23,918","16.8","+/-0.4"
"DP05",70.0,"Other Hispanic or Latino","882,376","+/-25,394","16.3","+/-0.5"
"DP05",71.0,"Not Hispanic or Latino","3,303,011","*****","61.0","*****"
"DP05",72.0,"White alone","2,065,413","+/-3,780","38.2","+/-0.1"
"DP05",73.0,"Black or African American alone","1,043,156","+/-5,535","19.3","+/-0.1"
"DP05",74.0,"American Indian and Alaska Native alone","7,587","+/-1,208","0.1","+/-0.1"
"DP05",75.0,"Asian alone","110,878","+/-2,728","2.0","+/-0.1"
"DP05",76.0,"Native Hawaiian and Other Pacific Islander alone","1,595","+/-733","0.0","+/-0.1"
"DP05",77.0,"Some other race alone","23,623","+/-5,115","0.4","+/-0.1"
"DP05",78.0,"Two or more races","50,759","+/-6,311","0.9","+/-0.1"
"DP05",79.0,"Two races including Some other race","4,504","+/-1,230","0.1","+/-0.1"
"DP05",80.0,"Two races excluding Some other race, and Three or more races","46,255","+/-6,250","0.9","+/-0.1"
"DP05",80.3,,,,,
"DP05",81.0,"Total housing units","2,413,314","+/-668","100","(X)"

