<?xml version="1.0" encoding="utf-8"?>
<i:session-info xmlns:i="http://www.apreso.com/schemas/session-info-1.5">
  <i:apreso-version>1.5.0</i:apreso-version>
  <i:total-presentation-size>0007985716</i:total-presentation-size>
  <i:start-timestamp>01/07/2004 16:09:20</i:start-timestamp>
  <i:end-timestamp>01/07/2004 16:12:59</i:end-timestamp>
  <i:duration>219562.5</i:duration>
  <i:powerpoint-source-file>\\Amigoni\dfs\SC Current Clients\FMCSA\PPT Training Modules\Police\Apreso What to do.ppt</i:powerpoint-source-file>
  <i:files-suffix>_files</i:files-suffix>
  <i:media profile="High Quality (DSL Connection)" type="Video" width="320" height="240" uri="media.wmv" maxCompatibility="True" codec="" />
  <i:output-template>Basic</i:output-template>
  <i:presentation-guid>a61f4db9-e121-4c31-8a80-2b79b1343c4b</i:presentation-guid>
  <i:hosting-info isHosted="false" redirectUri="" />
  <i:organization-properties />
  <i:presentation-properties>
    <i:name>What To Do If Pulled Over By The Authorities In The U.S.</i:name>
  </i:presentation-properties>
  <i:presenter-properties>
    <i:title>Video Dude</i:title>
    <i:name>John Grevera</i:name>
    <i:organization>S&amp;C Advertising and Public Relations</i:organization>
  </i:presenter-properties>
  <i:document-properties>
    <i:property name="Manager">Andres H. Lagueruela</i:property>
    <i:property name="Creation date">8/5/2003 12:19:38 PM</i:property>
    <i:property name="Category">http://www.scpr.com</i:property>
    <i:property name="Last save time">1/7/2004 4:13:02 PM</i:property>
    <i:property name="Revision number">146</i:property>
    <i:property name="Title">What To Do When Pulled Over by Authorities in the United States</i:property>
    <i:property name="Author">Elena Aguilar PE and Marilee Miller</i:property>
    <i:property name="Company">S&amp;C Advertising &amp; Public Relations</i:property>
    <i:property name="Number of slides">17</i:property>
    <i:property name="Last author">John Grevera</i:property>
    <i:property name="Total editing time">141</i:property>
    <i:property name="Number of words">456</i:property>
  </i:document-properties>
  <i:slides>
    <i:slide id="274">
      <i:number>1</i:number>
      <i:duration>8484.375</i:duration>
      <i:location>slide274.htm</i:location>
      <i:thumbnail>thumbnails\slide274.jpg</i:thumbnail>
      <i:title>WHAT TO DO&#xB; IF PULLED OVER BY AUTHORITIES&#xB; IN THE UNITED STATES</i:title>
      <i:notes />
      <i:tokens>
        <i:t />
        <i:t>by</i:t>
        <i:t>over</i:t>
        <i:t>pulled</i:t>
        <i:t>what</i:t>
        <i:t>authorities</i:t>
        <i:t>united</i:t>
        <i:t>in</i:t>
        <i:t>do</i:t>
        <i:t>to</i:t>
        <i:t>if</i:t>
        <i:t>the</i:t>
        <i:t>states</i:t>
      </i:tokens>
    </i:slide>
    <i:slide id="257">
      <i:number>2</i:number>
      <i:duration>12546.875</i:duration>
      <i:location>slide257.htm</i:location>
      <i:thumbnail>thumbnails\slide257.jpg</i:thumbnail>
      <i:title>Anyone &#xB;Can Get A Ticket</i:title>
      <i:notes />
      <i:text index-level="1" bulleted="False">ANY Police, State or City</i:text>
      <i:text index-level="1" bulleted="False">Officer who has reason to</i:text>
      <i:text index-level="1" bulleted="False">believe that a commercial</i:text>
      <i:text index-level="1" bulleted="False">motor vehicle is not safely</i:text>
      <i:text index-level="1" bulleted="False">loaded or is of illegal</i:text>
      <i:text index-level="1" bulleted="False">measurement has the</i:text>
      <i:text index-level="1" bulleted="False">authority to stop the</i:text>
      <i:text index-level="1" bulleted="False">vehicle and inspect it.</i:text>
      <i:tokens>
        <i:t>anyone</i:t>
        <i:t>who</i:t>
        <i:t>state</i:t>
        <i:t>or</i:t>
        <i:t>not</i:t>
        <i:t>has</i:t>
        <i:t>officer</i:t>
        <i:t>vehicle</i:t>
        <i:t>a</i:t>
        <i:t>inspect</i:t>
        <i:t>of</i:t>
        <i:t>get</i:t>
        <i:t>believe</i:t>
        <i:t>police</i:t>
        <i:t>that</i:t>
        <i:t>the</i:t>
        <i:t>reason</i:t>
        <i:t>loaded</i:t>
        <i:t>measurement</i:t>
        <i:t>authority</i:t>
        <i:t>stop</i:t>
        <i:t>is</i:t>
        <i:t>it</i:t>
        <i:t>any</i:t>
        <i:t>to</i:t>
        <i:t />
        <i:t>and</i:t>
        <i:t>safely</i:t>
        <i:t>can</i:t>
        <i:t>motor</i:t>
        <i:t>illegal</i:t>
        <i:t>city</i:t>
        <i:t>ticket</i:t>
        <i:t>commercial</i:t>
      </i:tokens>
    </i:slide>
    <i:slide id="258">
      <i:number>3</i:number>
      <i:duration>8406.25</i:duration>
      <i:location>slide258.htm</i:location>
      <i:thumbnail>thumbnails\slide258.jpg</i:thumbnail>
      <i:title>Pre-Trip   Inspection</i:title>
      <i:notes />
      <i:text index-level="1" bulleted="False">One way to protect yourself and your company from violations is to conduct a thorough inspection before you begin your trip.</i:text>
      <i:tokens>
        <i:t>pre</i:t>
        <i:t>you</i:t>
        <i:t>company</i:t>
        <i:t>is</i:t>
        <i:t>before</i:t>
        <i:t>inspection</i:t>
        <i:t>your</i:t>
        <i:t>begin</i:t>
        <i:t>one</i:t>
        <i:t>thorough</i:t>
        <i:t />
        <i:t>yourself</i:t>
        <i:t>from</i:t>
        <i:t>violations</i:t>
        <i:t>and</i:t>
        <i:t>protect</i:t>
        <i:t>a</i:t>
        <i:t>conduct</i:t>
        <i:t>way</i:t>
        <i:t>to</i:t>
        <i:t>trip</i:t>
      </i:tokens>
    </i:slide>
    <i:slide id="259">
      <i:number>4</i:number>
      <i:duration>21265.625</i:duration>
      <i:location>slide259.htm</i:location>
      <i:thumbnail>thumbnails\slide259.jpg</i:thumbnail>
      <i:title>Pre-Trip Inspection</i:title>
      <i:notes />
      <i:text index-level="1" bulleted="True">Vehicle overview</i:text>
      <i:text index-level="1" bulleted="True">Check engine compartment</i:text>
      <i:text index-level="1" bulleted="True">Start engine and inspect inside of cab</i:text>
      <i:text index-level="1" bulleted="True">Turn off engine and check lights</i:text>
      <i:text index-level="1" bulleted="True">Walk-around inspection</i:text>
      <i:text index-level="1" bulleted="True">Check signal lights</i:text>
      <i:text index-level="1" bulleted="True">Start engine and &#xB;check brake system</i:text>
      <i:tokens>
        <i:t>pre</i:t>
        <i:t>around</i:t>
        <i:t>start</i:t>
        <i:t>of</i:t>
        <i:t>turn</i:t>
        <i:t>system</i:t>
        <i:t>signal</i:t>
        <i:t>inside</i:t>
        <i:t>compartment</i:t>
        <i:t>overview</i:t>
        <i:t />
        <i:t>walk</i:t>
        <i:t>inspection</i:t>
        <i:t>check</i:t>
        <i:t>engine</i:t>
        <i:t>and</i:t>
        <i:t>off</i:t>
        <i:t>cab</i:t>
        <i:t>brake</i:t>
        <i:t>inspect</i:t>
        <i:t>lights</i:t>
        <i:t>vehicle</i:t>
        <i:t>trip</i:t>
      </i:tokens>
    </i:slide>
    <i:slide id="260">
      <i:number>5</i:number>
      <i:duration>11015.625</i:duration>
      <i:location>slide260.htm</i:location>
      <i:thumbnail>thumbnails\slide260.jpg</i:thumbnail>
      <i:title>Begin Trip</i:title>
      <i:notes />
      <i:text index-level="1" bulleted="False">Make sure to obey all posted</i:text>
      <i:text index-level="1" bulleted="False">speed limits and traffic laws</i:text>
      <i:text index-level="1" bulleted="False">to avoid being pulled over</i:text>
      <i:text index-level="1" bulleted="False">unnecessarily.</i:text>
      <i:tokens>
        <i:t>and</i:t>
        <i:t>avoid</i:t>
        <i:t>traffic</i:t>
        <i:t>begin</i:t>
        <i:t>laws</i:t>
        <i:t>over</i:t>
        <i:t>sure</i:t>
        <i:t />
        <i:t>pulled</i:t>
        <i:t>make</i:t>
        <i:t>all</i:t>
        <i:t>unnecessarily</i:t>
        <i:t>speed</i:t>
        <i:t>limits</i:t>
        <i:t>posted</i:t>
        <i:t>obey</i:t>
        <i:t>being</i:t>
        <i:t>to</i:t>
        <i:t>trip</i:t>
      </i:tokens>
    </i:slide>
    <i:slide id="262">
      <i:number>6</i:number>
      <i:duration>3750</i:duration>
      <i:location>slide262.htm</i:location>
      <i:thumbnail>thumbnails\slide262.jpg</i:thumbnail>
      <i:title>Police Stop</i:title>
      <i:notes />
      <i:text index-level="1" bulleted="False">What do you do?</i:text>
      <i:tokens>
        <i:t>you</i:t>
        <i:t>what</i:t>
        <i:t>stop</i:t>
        <i:t>do</i:t>
        <i:t />
        <i:t>police</i:t>
      </i:tokens>
    </i:slide>
    <i:slide id="261">
      <i:number>7</i:number>
      <i:duration>10421.875</i:duration>
      <i:location>slide261.htm</i:location>
      <i:thumbnail>thumbnails\slide261.jpg</i:thumbnail>
      <i:title>Don't Panic</i:title>
      <i:notes />
      <i:text index-level="1" bulleted="False">Calmly and safely pull over to the right side of the road. As long as you are legally operating under FMCSA guidelines you have nothing to fear.</i:text>
      <i:tokens>
        <i:t>of</i:t>
        <i:t>right</i:t>
        <i:t>operating</i:t>
        <i:t>safely</i:t>
        <i:t>under</i:t>
        <i:t>panic</i:t>
        <i:t>guidelines</i:t>
        <i:t>you</i:t>
        <i:t>nothing</i:t>
        <i:t>don</i:t>
        <i:t>pull</i:t>
        <i:t>the</i:t>
        <i:t>have</i:t>
        <i:t>fmcsa</i:t>
        <i:t>long</i:t>
        <i:t>road</i:t>
        <i:t />
        <i:t>as</i:t>
        <i:t>calmly</i:t>
        <i:t>side</i:t>
        <i:t>are</i:t>
        <i:t>over</i:t>
        <i:t>and</i:t>
        <i:t>legally</i:t>
        <i:t>fear</i:t>
        <i:t>t</i:t>
        <i:t>to</i:t>
      </i:tokens>
    </i:slide>
    <i:slide id="263">
      <i:number>8</i:number>
      <i:duration>7296.875</i:duration>
      <i:location>slide263.htm</i:location>
      <i:thumbnail>thumbnails\slide263.jpg</i:thumbnail>
      <i:title>Be Prepared</i:title>
      <i:notes />
      <i:text index-level="1" bulleted="False">Have all proper documentation in a secure place with easy access.</i:text>
      <i:tokens>
        <i:t />
        <i:t>a</i:t>
        <i:t>proper</i:t>
        <i:t>secure</i:t>
        <i:t>in</i:t>
        <i:t>place</i:t>
        <i:t>be</i:t>
        <i:t>prepared</i:t>
        <i:t>have</i:t>
        <i:t>access</i:t>
        <i:t>documentation</i:t>
        <i:t>all</i:t>
        <i:t>easy</i:t>
        <i:t>with</i:t>
      </i:tokens>
    </i:slide>
    <i:slide id="264">
      <i:number>9</i:number>
      <i:duration>14265.625</i:duration>
      <i:location>slide264.htm</i:location>
      <i:thumbnail>thumbnails\slide264.jpg</i:thumbnail>
      <i:title>Necessary Documents</i:title>
      <i:notes />
      <i:text index-level="1" bulleted="True">Certificate of Registration</i:text>
      <i:text index-level="1" bulleted="True">Hours of service records (log book)</i:text>
      <i:text index-level="1" bulleted="True">Registration papers (cab cards, permits, etc.)</i:text>
      <i:text index-level="1" bulleted="True">Proof of insurance (MCS-90)</i:text>
      <i:text index-level="1" bulleted="True">Driver’s license documents and any related  certificates</i:text>
      <i:tokens>
        <i:t>of</i:t>
        <i:t>proof</i:t>
        <i:t>records</i:t>
        <i:t>90</i:t>
        <i:t>s</i:t>
        <i:t>registration</i:t>
        <i:t>and</i:t>
        <i:t>cards</i:t>
        <i:t>insurance</i:t>
        <i:t>certificate</i:t>
        <i:t>mcs</i:t>
        <i:t>driver</i:t>
        <i:t>documents</i:t>
        <i:t>hours</i:t>
        <i:t>service</i:t>
        <i:t>papers</i:t>
        <i:t>any</i:t>
        <i:t>permits</i:t>
        <i:t>necessary</i:t>
        <i:t>license</i:t>
        <i:t>cab</i:t>
        <i:t />
        <i:t>related</i:t>
        <i:t>etc</i:t>
        <i:t>certificates</i:t>
        <i:t>log</i:t>
        <i:t>book</i:t>
      </i:tokens>
    </i:slide>
    <i:slide id="265">
      <i:number>10</i:number>
      <i:duration>18734.375</i:duration>
      <i:location>slide265.htm</i:location>
      <i:thumbnail>thumbnails\slide265.jpg</i:thumbnail>
      <i:title>Necessary Documents</i:title>
      <i:notes />
      <i:text index-level="1" bulleted="True">Special permits for oversize and overweight loads, if required</i:text>
      <i:text index-level="1" bulleted="True">Hazardous materials shipping papers, if required</i:text>
      <i:text index-level="1" bulleted="True">Fuel tax permits</i:text>
      <i:text index-level="1" bulleted="True">Bills/Invoices, etc. showing content and origin of agricultural products, if required</i:text>
      <i:text index-level="1" bulleted="True">Evidence of financial responsibility</i:text>
      <i:tokens>
        <i:t>oversize</i:t>
        <i:t>hazardous</i:t>
        <i:t>required</i:t>
        <i:t>content</i:t>
        <i:t>for</i:t>
        <i:t>financial</i:t>
        <i:t>special</i:t>
        <i:t>invoices</i:t>
        <i:t>overweight</i:t>
        <i:t>bills</i:t>
        <i:t>of</i:t>
        <i:t>loads</i:t>
        <i:t>if</i:t>
        <i:t>necessary</i:t>
        <i:t>materials</i:t>
        <i:t>documents</i:t>
        <i:t>tax</i:t>
        <i:t>papers</i:t>
        <i:t>origin</i:t>
        <i:t>permits</i:t>
        <i:t>agricultural</i:t>
        <i:t>products</i:t>
        <i:t>and</i:t>
        <i:t />
        <i:t>responsibility</i:t>
        <i:t>evidence</i:t>
        <i:t>shipping</i:t>
        <i:t>etc</i:t>
        <i:t>fuel</i:t>
        <i:t>showing</i:t>
      </i:tokens>
    </i:slide>
    <i:slide id="266">
      <i:number>11</i:number>
      <i:duration>16937.5</i:duration>
      <i:location>slide266.htm</i:location>
      <i:thumbnail>thumbnails\slide266.jpg</i:thumbnail>
      <i:title>Stay Inside</i:title>
      <i:notes />
      <i:text index-level="1" bulleted="False">Do not get out of your truck unless asked to</i:text>
      <i:text index-level="1" bulleted="False">by the officer and keep</i:text>
      <i:text index-level="1" bulleted="False">your hands in clear</i:text>
      <i:text index-level="1" bulleted="False">view. Many officers are</i:text>
      <i:text index-level="1" bulleted="False">injured in the line of</i:text>
      <i:text index-level="1" bulleted="False">duty and sudden moves</i:text>
      <i:text index-level="1" bulleted="False">could be perceived as</i:text>
      <i:text index-level="1" bulleted="False">threatening behavior.</i:text>
      <i:tokens>
        <i:t>truck</i:t>
        <i:t>as</i:t>
        <i:t>not</i:t>
        <i:t>are</i:t>
        <i:t>officer</i:t>
        <i:t>of</i:t>
        <i:t>out</i:t>
        <i:t>unless</i:t>
        <i:t>get</i:t>
        <i:t>perceived</i:t>
        <i:t>officers</i:t>
        <i:t>the</i:t>
        <i:t>could</i:t>
        <i:t>line</i:t>
        <i:t>stay</i:t>
        <i:t>clear</i:t>
        <i:t>asked</i:t>
        <i:t>many</i:t>
        <i:t>by</i:t>
        <i:t>duty</i:t>
        <i:t>view</i:t>
        <i:t>keep</i:t>
        <i:t>sudden</i:t>
        <i:t>do</i:t>
        <i:t>your</i:t>
        <i:t>behavior</i:t>
        <i:t>to</i:t>
        <i:t />
        <i:t>and</i:t>
        <i:t>injured</i:t>
        <i:t>be</i:t>
        <i:t>moves</i:t>
        <i:t>threatening</i:t>
        <i:t>in</i:t>
        <i:t>hands</i:t>
        <i:t>inside</i:t>
      </i:tokens>
    </i:slide>
    <i:slide id="267">
      <i:number>12</i:number>
      <i:duration>17468.75</i:duration>
      <i:location>slide267.htm</i:location>
      <i:thumbnail>thumbnails\slide267.jpg</i:thumbnail>
      <i:title>Be Respectful</i:title>
      <i:notes />
      <i:text index-level="1" bulleted="False">Refer to the officer as “officer” or “sir” when</i:text>
      <i:text index-level="1" bulleted="False">addressing him. Even if he raises his voice,</i:text>
      <i:text index-level="1" bulleted="False">he is still just trying to do his job and keep</i:text>
      <i:text index-level="1" bulleted="False">the highways safe for everyone.</i:text>
      <i:text index-level="1" bulleted="False">Upsetting him further will</i:text>
      <i:text index-level="1" bulleted="False">just make the situation</i:text>
      <i:text index-level="1" bulleted="False">more difficult for the</i:text>
      <i:text index-level="1" bulleted="False">both of you.</i:text>
      <i:tokens>
        <i:t>or</i:t>
        <i:t>both</i:t>
        <i:t>officer</i:t>
        <i:t>he</i:t>
        <i:t>as</i:t>
        <i:t>of</i:t>
        <i:t>situation</i:t>
        <i:t>safe</i:t>
        <i:t>the</i:t>
        <i:t>when</i:t>
        <i:t>still</i:t>
        <i:t>you</i:t>
        <i:t>just</i:t>
        <i:t>raises</i:t>
        <i:t>for</i:t>
        <i:t>will</i:t>
        <i:t>his</i:t>
        <i:t>even</i:t>
        <i:t>is</i:t>
        <i:t>keep</i:t>
        <i:t>do</i:t>
        <i:t>further</i:t>
        <i:t>everyone</i:t>
        <i:t>more</i:t>
        <i:t>him</i:t>
        <i:t>difficult</i:t>
        <i:t>to</i:t>
        <i:t />
        <i:t>and</i:t>
        <i:t>sir</i:t>
        <i:t>be</i:t>
        <i:t>if</i:t>
        <i:t>voice</i:t>
        <i:t>respectful</i:t>
        <i:t>addressing</i:t>
        <i:t>refer</i:t>
        <i:t>job</i:t>
        <i:t>upsetting</i:t>
        <i:t>highways</i:t>
        <i:t>make</i:t>
        <i:t>trying</i:t>
      </i:tokens>
    </i:slide>
    <i:slide id="268">
      <i:number>13</i:number>
      <i:duration>20109.375</i:duration>
      <i:location>slide268.htm</i:location>
      <i:thumbnail>thumbnails\slide268.jpg</i:thumbnail>
      <i:title>DO NOT OFFER&#xB; “GIFTS”</i:title>
      <i:notes />
      <i:text index-level="1" bulleted="False">NEVER attempt to offer any gifts  to an officer in the United States.  This could result in serious penalties for you and/or your company.</i:text>
      <i:tokens>
        <i:t>could</i:t>
        <i:t>states</i:t>
        <i:t>gifts</i:t>
        <i:t>company</i:t>
        <i:t>do</i:t>
        <i:t>this</i:t>
        <i:t>result</i:t>
        <i:t>penalties</i:t>
        <i:t>not</i:t>
        <i:t>the</i:t>
        <i:t>never</i:t>
        <i:t>you</i:t>
        <i:t>for</i:t>
        <i:t />
        <i:t>in</i:t>
        <i:t>any</i:t>
        <i:t>offer</i:t>
        <i:t>your</i:t>
        <i:t>and</i:t>
        <i:t>or</i:t>
        <i:t>serious</i:t>
        <i:t>attempt</i:t>
        <i:t>officer</i:t>
        <i:t>an</i:t>
        <i:t>united</i:t>
        <i:t>to</i:t>
      </i:tokens>
    </i:slide>
    <i:slide id="269">
      <i:number>14</i:number>
      <i:duration>10500</i:duration>
      <i:location>slide269.htm</i:location>
      <i:thumbnail>thumbnails\slide269.jpg</i:thumbnail>
      <i:title>Video Taping</i:title>
      <i:notes />
      <i:text index-level="1" bulleted="False">Many of the patrol vehicles are now equipped with video equipment.  Both audio and video are being recorded.</i:text>
      <i:tokens>
        <i:t>of</i:t>
        <i:t>taping</i:t>
        <i:t>now</i:t>
        <i:t>vehicles</i:t>
        <i:t>the</i:t>
        <i:t>audio</i:t>
        <i:t>recorded</i:t>
        <i:t>are</i:t>
        <i:t />
        <i:t>patrol</i:t>
        <i:t>many</i:t>
        <i:t>video</i:t>
        <i:t>and</i:t>
        <i:t>equipment</i:t>
        <i:t>being</i:t>
        <i:t>both</i:t>
        <i:t>with</i:t>
        <i:t>equipped</i:t>
      </i:tokens>
    </i:slide>
    <i:slide id="270">
      <i:number>15</i:number>
      <i:duration>10406.25</i:duration>
      <i:location>slide270.htm</i:location>
      <i:thumbnail>thumbnails\slide270.jpg</i:thumbnail>
      <i:title>If a Ticket or Report &#xB;is Issued</i:title>
      <i:notes />
      <i:text index-level="1" bulleted="False">Do not attempt to dispute the Ticket or report with the officer. Notify your Company and make sure you follow the instructions in the paperwork.</i:text>
      <i:tokens>
        <i:t>ticket</i:t>
        <i:t>to</i:t>
        <i:t />
        <i:t>company</i:t>
        <i:t>do</i:t>
        <i:t>not</i:t>
        <i:t>dispute</i:t>
        <i:t>report</i:t>
        <i:t>issued</i:t>
        <i:t>the</i:t>
        <i:t>if</i:t>
        <i:t>follow</i:t>
        <i:t>you</i:t>
        <i:t>sure</i:t>
        <i:t>a</i:t>
        <i:t>make</i:t>
        <i:t>in</i:t>
        <i:t>paperwork</i:t>
        <i:t>notify</i:t>
        <i:t>your</i:t>
        <i:t>and</i:t>
        <i:t>or</i:t>
        <i:t>attempt</i:t>
        <i:t>officer</i:t>
        <i:t>instructions</i:t>
        <i:t>with</i:t>
        <i:t>is</i:t>
      </i:tokens>
    </i:slide>
    <i:slide id="271">
      <i:number>16</i:number>
      <i:duration>7515.625</i:duration>
      <i:location>slide271.htm</i:location>
      <i:thumbnail>thumbnails\slide271.jpg</i:thumbnail>
      <i:title>IMPORTANT</i:title>
      <i:notes />
      <i:text index-level="1" bulleted="False">Be sure to note the specified date by which the ticket or report must be handled.</i:text>
      <i:tokens>
        <i:t />
        <i:t>specified</i:t>
        <i:t>sure</i:t>
        <i:t>or</i:t>
        <i:t>ticket</i:t>
        <i:t>be</i:t>
        <i:t>important</i:t>
        <i:t>note</i:t>
        <i:t>report</i:t>
        <i:t>by</i:t>
        <i:t>handled</i:t>
        <i:t>to</i:t>
        <i:t>which</i:t>
        <i:t>the</i:t>
        <i:t>must</i:t>
        <i:t>date</i:t>
      </i:tokens>
    </i:slide>
    <i:slide id="272">
      <i:number>17</i:number>
      <i:duration>20437.5</i:duration>
      <i:location>slide272.htm</i:location>
      <i:thumbnail>thumbnails\slide272.jpg</i:thumbnail>
      <i:title>Thank You</i:title>
      <i:notes />
      <i:text index-level="1" bulleted="True">Thank you for your time and attention throughout this presentation.</i:text>
      <i:text index-level="1" bulleted="True">If you have any further questions, please visit the FMCSA website at:</i:text>
      <i:text index-level="1" bulleted="False">http://www.fmcsa.dot.gov</i:text>
      <i:text index-level="1" bulleted="False">or</i:text>
      <i:text index-level="1" bulleted="False">http://www.fmcsa.dot.gov/español</i:text>
      <i:text index-level="1" bulleted="False">Created by: http://www.scpr.com</i:text>
      <i:tokens>
        <i:t>gov</i:t>
        <i:t>by</i:t>
        <i:t>visit</i:t>
        <i:t>created</i:t>
        <i:t>thank</i:t>
        <i:t>questions</i:t>
        <i:t>for</i:t>
        <i:t>website</i:t>
        <i:t>this</i:t>
        <i:t>time</i:t>
        <i:t>you</i:t>
        <i:t>have</i:t>
        <i:t>fmcsa</i:t>
        <i:t>if</i:t>
        <i:t>please</i:t>
        <i:t>attention</i:t>
        <i:t />
        <i:t>dot</i:t>
        <i:t>www</i:t>
        <i:t>español</i:t>
        <i:t>any</i:t>
        <i:t>the</i:t>
        <i:t>your</i:t>
        <i:t>and</i:t>
        <i:t>or</i:t>
        <i:t>further</i:t>
        <i:t>scpr</i:t>
        <i:t>http</i:t>
        <i:t>presentation</i:t>
        <i:t>at</i:t>
        <i:t>com</i:t>
        <i:t>throughout</i:t>
      </i:tokens>
    </i:slide>
  </i:slides>
  <i:markers>
    <i:marker slideIndex="1" slideId="274" buildNumber="-1" visitedCount="1" time="0" />
    <i:marker slideIndex="2" slideId="257" buildNumber="-1" visitedCount="1" time="8484.375" />
    <i:marker slideIndex="3" slideId="258" buildNumber="-1" visitedCount="1" time="21031.25" />
    <i:marker slideIndex="4" slideId="259" buildNumber="-1" visitedCount="1" time="29437.5" />
    <i:marker slideIndex="5" slideId="260" buildNumber="-1" visitedCount="1" time="50703.125" />
    <i:marker slideIndex="6" slideId="262" buildNumber="-1" visitedCount="1" time="61718.75" />
    <i:marker slideIndex="7" slideId="261" buildNumber="-1" visitedCount="1" time="65468.75" />
    <i:marker slideIndex="8" slideId="263" buildNumber="-1" visitedCount="1" time="75890.625" />
    <i:marker slideIndex="9" slideId="264" buildNumber="-1" visitedCount="1" time="83187.5" />
    <i:marker slideIndex="10" slideId="265" buildNumber="-1" visitedCount="1" time="97453.125" />
    <i:marker slideIndex="11" slideId="266" buildNumber="-1" visitedCount="1" time="116187.5" />
    <i:marker slideIndex="12" slideId="267" buildNumber="-1" visitedCount="1" time="133125" />
    <i:marker slideIndex="13" slideId="268" buildNumber="-1" visitedCount="1" time="150593.75" />
    <i:marker slideIndex="14" slideId="269" buildNumber="-1" visitedCount="1" time="170703.125" />
    <i:marker slideIndex="15" slideId="270" buildNumber="-1" visitedCount="1" time="181203.125" />
    <i:marker slideIndex="16" slideId="271" buildNumber="-1" visitedCount="1" time="191609.375" />
    <i:marker slideIndex="17" slideId="272" buildNumber="-1" visitedCount="1" time="199125" />
  </i:markers>
</i:session-info>