<rdf:RDF
    xmlns:j.0="http://xmdr.org/ont/iso11179-3e3draft_r4.owl#"
    xmlns:rdf="http://www.w3.org/1999/02/22-rdf-syntax-ns#"
    xmlns:pf="java:com.hp.hpl.jena.query.pfunction.library."
    xmlns:owl="http://www.w3.org/2002/07/owl#" > 
  <rdf:Description rdf:nodeID="A0">
    <j.0:Link_End.role rdf:resource="http://bambam.lbl.gov:8080/xmdr/content/NCI_Thesaurus/R-R/Procedure_Has_Excised_Anatomy.ExcisedAnatomyOf.xml"/>
    <j.0:Link_End.end rdf:resource="http://bambam.lbl.gov:8080/xmdr/content/NCI_Thesaurus/R-C/C1/2404.xml"/>
    <j.0:Link_End.link rdf:resource="http://bambam.lbl.gov:8080/xmdr/content/NCI_Thesaurus/L/Procedure_Has_Excised_Anatomy/NCI_Thesaurus/C1/5291/NCI_Thesaurus/C1/2404.xml"/>
    <rdf:type rdf:resource="http://www.w3.org/2002/07/owl#Thing"/>
    <rdf:type rdf:resource="http://xmdr.org/ont/iso11179-3e3draft_r4.owl#Link_End"/>
  </rdf:Description>
  <rdf:Description rdf:nodeID="A1">
    <j.0:Designation_Context.relevant_designation rdf:nodeID="A2"/>
    <j.0:Designation_Context.scope rdf:resource="http://bambam.lbl.gov:8080/xmdr/content/NCI_Thesaurus/CON/DEFAULT.xml"/>
    <j.0:Designation_Context.preferred_designation_indicator rdf:datatype="http://www.w3.org/2001/XMLSchema#boolean">
            true
          </j.0:Designation_Context.preferred_designation_indicator>
    <rdf:type rdf:resource="http://www.w3.org/2002/07/owl#Thing"/>
    <rdf:type rdf:resource="http://xmdr.org/ont/iso11179-3e3draft_r4.owl#Designation_Context"/>
  </rdf:Description>
  <rdf:Description rdf:nodeID="A3">
    <j.0:Link_End.end rdf:resource="http://bambam.lbl.gov:8080/xmdr/content/NCI_Thesaurus/R-C/C1/2404.xml"/>
    <j.0:Link_End.role rdf:resource="http://bambam.lbl.gov:8080/xmdr/content/NCI_Thesaurus/R-R/hasSubtype.hasSubtype.xml"/>
    <j.0:Link_End.link rdf:resource="http://bambam.lbl.gov:8080/xmdr/content/NCI_Thesaurus/L/hasSubtype/NCI_Thesaurus/C1/2404/NCI_Thesaurus/C3/3487.xml"/>
    <rdf:type rdf:resource="http://www.w3.org/2002/07/owl#Thing"/>
    <rdf:type rdf:resource="http://xmdr.org/ont/iso11179-3e3draft_r4.owl#Link_End"/>
  </rdf:Description>
  <rdf:Description rdf:nodeID="A4">
    <j.0:Identification.identifier_context rdf:resource="http://bambam.lbl.gov:8080/xmdr/content/admin/XMDR_Register.xml"/>
    <j.0:Identification.identifier_scope rdf:nodeID="A5"/>
    <j.0:Identification.item_identifier rdf:datatype="http://www.w3.org/2001/XMLSchema#string">NCI_Thesaurus/R-C/C1/2404.xml#P11</j.0:Identification.item_identifier>
    <rdf:type rdf:resource="http://www.w3.org/2002/07/owl#Thing"/>
    <rdf:type rdf:resource="http://xmdr.org/ont/iso11179-3e3draft_r4.owl#Identification"/>
  </rdf:Description>
  <rdf:Description rdf:nodeID="A6">
    <j.0:Link_End.end rdf:resource="http://bambam.lbl.gov:8080/xmdr/content/NCI_Thesaurus/R-C/C1/2404.xml"/>
    <j.0:Link_End.role rdf:resource="http://bambam.lbl.gov:8080/xmdr/content/NCI_Thesaurus/R-R/Biological_Process_Has_Associated_Location.AssociatedLocationOf.xml"/>
    <j.0:Link_End.link rdf:resource="http://bambam.lbl.gov:8080/xmdr/content/NCI_Thesaurus/L/Biological_Process_Has_Associated_Location/NCI_Thesaurus/C1/6938/NCI_Thesaurus/C1/2404.xml"/>
    <rdf:type rdf:resource="http://www.w3.org/2002/07/owl#Thing"/>
    <rdf:type rdf:resource="http://xmdr.org/ont/iso11179-3e3draft_r4.owl#Link_End"/>
  </rdf:Description>
  <rdf:Description rdf:nodeID="A7">
    <j.0:Designation.designation_sign rdf:datatype="http://www.w3.org/2001/XMLSchema#string">Ovary</j.0:Designation.designation_sign>
    <j.0:Designation.item rdf:resource="http://bambam.lbl.gov:8080/xmdr/content/NCI_Thesaurus/R-C/C1/2404.xml"/>
    <j.0:Designation.designation_language rdf:datatype="http://www.w3.org/2001/XMLSchema#string">en</j.0:Designation.designation_language>
    <rdf:type rdf:resource="http://www.w3.org/2002/07/owl#Thing"/>
    <rdf:type rdf:resource="http://xmdr.org/ont/iso11179-3e3draft_r4.owl#Designation"/>
  </rdf:Description>
  <rdf:Description rdf:nodeID="A8">
    <j.0:Submission.submission_contact rdf:resource="http://bambam.lbl.gov:8080/xmdr/content/admin/XMDR_Registrar.xml"/>
    <j.0:Submission.submitter rdf:resource="http://bambam.lbl.gov:8080/xmdr/content/admin/XMDR_Registration_Authority.xml"/>
    <j.0:Submission.submitted_item rdf:resource="http://bambam.lbl.gov:8080/xmdr/content/NCI_Thesaurus/R-C/C1/2404.xml"/>
    <rdf:type rdf:resource="http://www.w3.org/2002/07/owl#Thing"/>
    <rdf:type rdf:resource="http://xmdr.org/ont/iso11179-3e3draft_r4.owl#Submission"/>
  </rdf:Description>
  <rdf:Description rdf:nodeID="A9">
    <j.0:Definition.definition_source_reference rdf:resource="http://bambam.lbl.gov:8080/xmdr/content//NCI_Thesaurus/RD/NCI.xml"/>
    <j.0:Definition.definition_text rdf:datatype="http://www.w3.org/2001/XMLSchema#string">One of the paired female reproductive glands containing the ova or germ cells; the ovary's stroma is a vascular connective tissue containing numbers of ovarian follicles enclosing the ova; surrounding this stroma is a more condensed layer of stroma called the tunica albuginea.</j.0:Definition.definition_text>
    <j.0:Definition.item rdf:resource="http://bambam.lbl.gov:8080/xmdr/content/NCI_Thesaurus/R-C/C1/2404.xml"/>
    <j.0:Definition.definition_language rdf:datatype="http://www.w3.org/2001/XMLSchema#string">en</j.0:Definition.definition_language>
    <rdf:type rdf:resource="http://xmdr.org/ont/iso11179-3e3draft_r4.owl#Definition"/>
    <rdf:type rdf:resource="http://www.w3.org/2002/07/owl#Thing"/>
  </rdf:Description>
  <rdf:Description rdf:nodeID="A10">
    <j.0:Identification.identifier_context rdf:resource="http://bambam.lbl.gov:8080/xmdr/content/admin/XMDR_Register.xml"/>
    <j.0:Identification.identifier_scope rdf:resource="http://bambam.lbl.gov:8080/xmdr/content/NCI_Thesaurus/R-C/C1/2404.xml"/>
    <j.0:Identification.item_identifier rdf:datatype="http://www.w3.org/2001/XMLSchema#string">NCI_Thesaurus/R-C/C1/2404.xml</j.0:Identification.item_identifier>
    <rdf:type rdf:resource="http://www.w3.org/2002/07/owl#Thing"/>
    <rdf:type rdf:resource="http://xmdr.org/ont/iso11179-3e3draft_r4.owl#Identification"/>
  </rdf:Description>
  <rdf:Description rdf:nodeID="A11">
    <j.0:Link_End.role rdf:resource="http://bambam.lbl.gov:8080/xmdr/content/NCI_Thesaurus/R-R/Procedure_Has_Partially_Excised_Anatomy.PartiallyExcisedAnatomyOf.xml"/>
    <j.0:Link_End.end rdf:resource="http://bambam.lbl.gov:8080/xmdr/content/NCI_Thesaurus/R-C/C1/2404.xml"/>
    <j.0:Link_End.link rdf:resource="http://bambam.lbl.gov:8080/xmdr/content/NCI_Thesaurus/L/Procedure_Has_Partially_Excised_Anatomy/NCI_Thesaurus/C2/9893/NCI_Thesaurus/C1/2404.xml"/>
    <rdf:type rdf:resource="http://www.w3.org/2002/07/owl#Thing"/>
    <rdf:type rdf:resource="http://xmdr.org/ont/iso11179-3e3draft_r4.owl#Link_End"/>
  </rdf:Description>
  <rdf:Description rdf:nodeID="A12">
    <j.0:Link_End.end rdf:resource="http://bambam.lbl.gov:8080/xmdr/content/NCI_Thesaurus/R-C/C1/2404.xml"/>
    <j.0:Link_End.role rdf:resource="http://bambam.lbl.gov:8080/xmdr/content/NCI_Thesaurus/R-R/Anatomic_Structure_Is_Physical_Part_Of.PhysicalPartOfhas.xml"/>
    <j.0:Link_End.link rdf:resource="http://bambam.lbl.gov:8080/xmdr/content/NCI_Thesaurus/L/Anatomic_Structure_Is_Physical_Part_Of/NCI_Thesaurus/C3/3246/NCI_Thesaurus/C1/2404.xml"/>
    <rdf:type rdf:resource="http://www.w3.org/2002/07/owl#Thing"/>
    <rdf:type rdf:resource="http://xmdr.org/ont/iso11179-3e3draft_r4.owl#Link_End"/>
  </rdf:Description>
  <rdf:Description rdf:nodeID="A13">
    <j.0:Link_End.end rdf:resource="http://bambam.lbl.gov:8080/xmdr/content/NCI_Thesaurus/R-C/C1/2404.xml"/>
    <j.0:Link_End.role rdf:resource="http://bambam.lbl.gov:8080/xmdr/content/NCI_Thesaurus/R-R/hasSubtype.hasSubtype.xml"/>
    <j.0:Link_End.link rdf:resource="http://bambam.lbl.gov:8080/xmdr/content/NCI_Thesaurus/L/hasSubtype/NCI_Thesaurus/C1/2404/NCI_Thesaurus/C3/2969.xml"/>
    <rdf:type rdf:resource="http://www.w3.org/2002/07/owl#Thing"/>
    <rdf:type rdf:resource="http://xmdr.org/ont/iso11179-3e3draft_r4.owl#Link_End"/>
  </rdf:Description>
  <rdf:Description rdf:nodeID="A14">
    <rdf:type rdf:resource="http://xmdr.org/ont/iso11179-3e3draft_r4.owl#Designatable_Item"/>
    <j.0:Identified_Item.identification_identifier_scope rdf:nodeID="A15"/>
    <j.0:Facet.facet_name rdf:datatype="http://www.w3.org/2001/XMLSchema#string">CONCEPT_NAME</j.0:Facet.facet_name>
    <rdf:type rdf:resource="http://www.w3.org/2002/07/owl#Thing"/>
    <rdf:type rdf:resource="http://xmdr.org/ont/iso11179-3e3draft_r4.owl#Facet"/>
    <rdf:type rdf:resource="http://xmdr.org/ont/iso11179-3e3draft_r4.owl#Classification_Node"/>
    <rdf:type rdf:resource="http://xmdr.org/ont/iso11179-3e3draft_r4.owl#Identified_Item"/>
    <j.0:Classification_Node.container rdf:resource="http://bambam.lbl.gov:8080/xmdr/content/NCI_Thesaurus/CS.xml"/>
    <j.0:Facet.facet_value rdf:datatype="http://www.w3.org/2001/XMLSchema#string">Ovary</j.0:Facet.facet_value>
    <j.0:Classification_Node.classified_item rdf:resource="http://bambam.lbl.gov:8080/xmdr/content/NCI_Thesaurus/R-C/C1/2404.xml"/>
  </rdf:Description>
  <rdf:Description rdf:nodeID="A16">
    <j.0:Link_End.link rdf:resource="http://bambam.lbl.gov:8080/xmdr/content/NCI_Thesaurus/L/Disease_Has_Associated_Anatomic_Site/NCI_Thesaurus/C2/6841/NCI_Thesaurus/C1/2404.xml"/>
    <j.0:Link_End.end rdf:resource="http://bambam.lbl.gov:8080/xmdr/content/NCI_Thesaurus/R-C/C1/2404.xml"/>
    <j.0:Link_End.role rdf:resource="http://bambam.lbl.gov:8080/xmdr/content/NCI_Thesaurus/R-R/Disease_Has_Associated_Anatomic_Site.AssociatedAnatomicSiteOf.xml"/>
    <rdf:type rdf:resource="http://www.w3.org/2002/07/owl#Thing"/>
    <rdf:type rdf:resource="http://xmdr.org/ont/iso11179-3e3draft_r4.owl#Link_End"/>
  </rdf:Description>
  <rdf:Description rdf:nodeID="A17">
    <j.0:Identification.identifier_context rdf:resource="http://bambam.lbl.gov:8080/xmdr/content/admin/XMDR_Register.xml"/>
    <j.0:Identification.identifier_scope rdf:nodeID="A18"/>
    <j.0:Identification.item_identifier rdf:datatype="http://www.w3.org/2001/XMLSchema#string">NCI_Thesaurus/R-C/C1/2404.xml#P4</j.0:Identification.item_identifier>
    <rdf:type rdf:resource="http://www.w3.org/2002/07/owl#Thing"/>
    <rdf:type rdf:resource="http://xmdr.org/ont/iso11179-3e3draft_r4.owl#Identification"/>
  </rdf:Description>
  <rdf:Description rdf:nodeID="A19">
    <j.0:Link_End.end rdf:resource="http://bambam.lbl.gov:8080/xmdr/content/NCI_Thesaurus/R-C/C1/2404.xml"/>
    <j.0:Link_End.role rdf:resource="http://bambam.lbl.gov:8080/xmdr/content/NCI_Thesaurus/R-R/hasSubtype.isA.xml"/>
    <j.0:Link_End.link rdf:resource="http://bambam.lbl.gov:8080/xmdr/content/NCI_Thesaurus/L/hasSubtype/NCI_Thesaurus/C1/2321/NCI_Thesaurus/C1/2404.xml"/>
    <rdf:type rdf:resource="http://www.w3.org/2002/07/owl#Thing"/>
    <rdf:type rdf:resource="http://xmdr.org/ont/iso11179-3e3draft_r4.owl#Link_End"/>
  </rdf:Description>
  <rdf:Description rdf:nodeID="A20">
    <j.0:Link_End.role rdf:resource="http://bambam.lbl.gov:8080/xmdr/content/NCI_Thesaurus/R-R/Gene_Product_Has_Associated_Anatomy.AssociatedAnatomyOf.xml"/>
    <j.0:Link_End.end rdf:resource="http://bambam.lbl.gov:8080/xmdr/content/NCI_Thesaurus/R-C/C1/2404.xml"/>
    <j.0:Link_End.link rdf:resource="http://bambam.lbl.gov:8080/xmdr/content/NCI_Thesaurus/L/Gene_Product_Has_Associated_Anatomy/NCI_Thesaurus/C2/6375/NCI_Thesaurus/C1/2404.xml"/>
    <rdf:type rdf:resource="http://www.w3.org/2002/07/owl#Thing"/>
    <rdf:type rdf:resource="http://xmdr.org/ont/iso11179-3e3draft_r4.owl#Link_End"/>
  </rdf:Description>
  <rdf:Description rdf:nodeID="A21">
    <rdf:type rdf:resource="http://xmdr.org/ont/iso11179-3e3draft_r4.owl#Designatable_Item"/>
    <j.0:Facet.facet_value rdf:datatype="http://www.w3.org/2001/XMLSchema#string">Ovary</j.0:Facet.facet_value>
    <rdf:type rdf:resource="http://xmdr.org/ont/iso11179-3e3draft_r4.owl#Identified_Item"/>
    <rdf:type rdf:resource="http://xmdr.org/ont/iso11179-3e3draft_r4.owl#Classification_Node"/>
    <j.0:Classification_Node.container rdf:resource="http://bambam.lbl.gov:8080/xmdr/content/NCI_Thesaurus/CS.xml"/>
    <rdf:type rdf:resource="http://www.w3.org/2002/07/owl#Thing"/>
    <j.0:Identified_Item.identification_identifier_scope rdf:nodeID="A22"/>
    <rdf:type rdf:resource="http://xmdr.org/ont/iso11179-3e3draft_r4.owl#Facet"/>
    <j.0:Facet.facet_name rdf:datatype="http://www.w3.org/2001/XMLSchema#string">Display_Name</j.0:Facet.facet_name>
    <j.0:Classification_Node.classified_item rdf:resource="http://bambam.lbl.gov:8080/xmdr/content/NCI_Thesaurus/R-C/C1/2404.xml"/>
  </rdf:Description>
  <rdf:Description rdf:nodeID="A15">
    <j.0:Identification.identifier_context rdf:resource="http://bambam.lbl.gov:8080/xmdr/content/admin/XMDR_Register.xml"/>
    <j.0:Identification.identifier_scope rdf:nodeID="A14"/>
    <j.0:Identification.item_identifier rdf:datatype="http://www.w3.org/2001/XMLSchema#string">NCI_Thesaurus/R-C/C1/2404.xml#P1</j.0:Identification.item_identifier>
    <rdf:type rdf:resource="http://www.w3.org/2002/07/owl#Thing"/>
    <rdf:type rdf:resource="http://xmdr.org/ont/iso11179-3e3draft_r4.owl#Identification"/>
  </rdf:Description>
  <rdf:Description rdf:nodeID="A22">
    <j.0:Identification.identifier_context rdf:resource="http://bambam.lbl.gov:8080/xmdr/content/admin/XMDR_Register.xml"/>
    <j.0:Identification.identifier_scope rdf:nodeID="A21"/>
    <j.0:Identification.item_identifier rdf:datatype="http://www.w3.org/2001/XMLSchema#string">NCI_Thesaurus/R-C/C1/2404.xml#P10</j.0:Identification.item_identifier>
    <rdf:type rdf:resource="http://www.w3.org/2002/07/owl#Thing"/>
    <rdf:type rdf:resource="http://xmdr.org/ont/iso11179-3e3draft_r4.owl#Identification"/>
  </rdf:Description>
  <rdf:Description rdf:nodeID="A23">
    <j.0:Link_End.link rdf:resource="http://bambam.lbl.gov:8080/xmdr/content/NCI_Thesaurus/L/Disease_Has_Primary_Anatomic_Site/NCI_Thesaurus/C/4862/NCI_Thesaurus/C1/2404.xml"/>
    <j.0:Link_End.end rdf:resource="http://bambam.lbl.gov:8080/xmdr/content/NCI_Thesaurus/R-C/C1/2404.xml"/>
    <j.0:Link_End.role rdf:resource="http://bambam.lbl.gov:8080/xmdr/content/NCI_Thesaurus/R-R/Disease_Has_Primary_Anatomic_Site.PrimaryAnatomicSiteOf.xml"/>
    <rdf:type rdf:resource="http://www.w3.org/2002/07/owl#Thing"/>
    <rdf:type rdf:resource="http://xmdr.org/ont/iso11179-3e3draft_r4.owl#Link_End"/>
  </rdf:Description>
  <rdf:Description rdf:nodeID="A24">
    <j.0:Link_End.end rdf:resource="http://bambam.lbl.gov:8080/xmdr/content/NCI_Thesaurus/R-C/C1/2404.xml"/>
    <j.0:Link_End.role rdf:resource="http://bambam.lbl.gov:8080/xmdr/content/NCI_Thesaurus/R-R/Anatomic_Structure_Is_Physical_Part_Of.PhysicalPartOfhas.xml"/>
    <j.0:Link_End.link rdf:resource="http://bambam.lbl.gov:8080/xmdr/content/NCI_Thesaurus/L/Anatomic_Structure_Is_Physical_Part_Of/NCI_Thesaurus/C3/2508/NCI_Thesaurus/C1/2404.xml"/>
    <rdf:type rdf:resource="http://www.w3.org/2002/07/owl#Thing"/>
    <rdf:type rdf:resource="http://xmdr.org/ont/iso11179-3e3draft_r4.owl#Link_End"/>
  </rdf:Description>
  <rdf:Description rdf:nodeID="A25">
    <j.0:Designation.designation_sign rdf:datatype="http://www.w3.org/2001/XMLSchema#string">ovaries</j.0:Designation.designation_sign>
    <j.0:Designation.item rdf:resource="http://bambam.lbl.gov:8080/xmdr/content/NCI_Thesaurus/R-C/C1/2404.xml"/>
    <j.0:Designation.designation_language rdf:datatype="http://www.w3.org/2001/XMLSchema#string">en</j.0:Designation.designation_language>
    <rdf:type rdf:resource="http://www.w3.org/2002/07/owl#Thing"/>
    <rdf:type rdf:resource="http://xmdr.org/ont/iso11179-3e3draft_r4.owl#Designation"/>
  </rdf:Description>
  <rdf:Description rdf:nodeID="A26">
    <j.0:Designation.designation_sign rdf:datatype="http://www.w3.org/2001/XMLSchema#string">Ovaries</j.0:Designation.designation_sign>
    <j.0:Designation.item rdf:resource="http://bambam.lbl.gov:8080/xmdr/content/NCI_Thesaurus/R-C/C1/2404.xml"/>
    <j.0:Designation.designation_language rdf:datatype="http://www.w3.org/2001/XMLSchema#string">en</j.0:Designation.designation_language>
    <rdf:type rdf:resource="http://www.w3.org/2002/07/owl#Thing"/>
    <rdf:type rdf:resource="http://xmdr.org/ont/iso11179-3e3draft_r4.owl#Designation"/>
  </rdf:Description>
  <rdf:Description rdf:nodeID="A27">
    <j.0:Link_End.role rdf:resource="http://bambam.lbl.gov:8080/xmdr/content/NCI_Thesaurus/R-R/Gene_Product_Expressed_In_Tissue.Gene_Product_Expressed_In_Tissue_inverse.xml"/>
    <j.0:Link_End.end rdf:resource="http://bambam.lbl.gov:8080/xmdr/content/NCI_Thesaurus/R-C/C1/2404.xml"/>
    <j.0:Link_End.link rdf:resource="http://bambam.lbl.gov:8080/xmdr/content/NCI_Thesaurus/L/Gene_Product_Expressed_In_Tissue/NCI_Thesaurus/C2/1403/NCI_Thesaurus/C1/2404.xml"/>
    <rdf:type rdf:resource="http://www.w3.org/2002/07/owl#Thing"/>
    <rdf:type rdf:resource="http://xmdr.org/ont/iso11179-3e3draft_r4.owl#Link_End"/>
  </rdf:Description>
  <rdf:Description rdf:nodeID="A28">
    <j.0:Link_End.link rdf:resource="http://bambam.lbl.gov:8080/xmdr/content/NCI_Thesaurus/L/Disease_Has_Primary_Anatomic_Site/NCI_Thesaurus/C/2895/NCI_Thesaurus/C1/2404.xml"/>
    <j.0:Link_End.end rdf:resource="http://bambam.lbl.gov:8080/xmdr/content/NCI_Thesaurus/R-C/C1/2404.xml"/>
    <j.0:Link_End.role rdf:resource="http://bambam.lbl.gov:8080/xmdr/content/NCI_Thesaurus/R-R/Disease_Has_Primary_Anatomic_Site.PrimaryAnatomicSiteOf.xml"/>
    <rdf:type rdf:resource="http://www.w3.org/2002/07/owl#Thing"/>
    <rdf:type rdf:resource="http://xmdr.org/ont/iso11179-3e3draft_r4.owl#Link_End"/>
  </rdf:Description>
  <rdf:Description rdf:nodeID="A29">
    <j.0:Link_End.role rdf:resource="http://bambam.lbl.gov:8080/xmdr/content/caDSR/R-R/origin.source.xml"/>
    <j.0:Link_End.end rdf:resource="http://bambam.lbl.gov:8080/xmdr/content/NCI_Thesaurus/R-C/C1/2404.xml"/>
    <j.0:Link_End.link rdf:resource="http://bambam.lbl.gov:8080/xmdr/content/caDSR/L/origin/source/NCI_Thesaurus/R-C/C1/2404/result/caDSR/CHAR/2480658.xml"/>
    <rdf:type rdf:resource="http://www.w3.org/2002/07/owl#Thing"/>
    <rdf:type rdf:resource="http://xmdr.org/ont/iso11179-3e3draft_r4.owl#Link_End"/>
  </rdf:Description>
  <rdf:Description rdf:nodeID="A30">
    <j.0:Link_End.link rdf:resource="http://bambam.lbl.gov:8080/xmdr/content/NCI_Thesaurus/L/Disease_Has_Primary_Anatomic_Site/NCI_Thesaurus/C4/0021/NCI_Thesaurus/C1/2404.xml"/>
    <j.0:Link_End.end rdf:resource="http://bambam.lbl.gov:8080/xmdr/content/NCI_Thesaurus/R-C/C1/2404.xml"/>
    <j.0:Link_End.role rdf:resource="http://bambam.lbl.gov:8080/xmdr/content/NCI_Thesaurus/R-R/Disease_Has_Primary_Anatomic_Site.PrimaryAnatomicSiteOf.xml"/>
    <rdf:type rdf:resource="http://www.w3.org/2002/07/owl#Thing"/>
    <rdf:type rdf:resource="http://xmdr.org/ont/iso11179-3e3draft_r4.owl#Link_End"/>
  </rdf:Description>
  <rdf:Description rdf:nodeID="A31">
    <j.0:Identification.identifier_context rdf:resource="http://bambam.lbl.gov:8080/xmdr/content/admin/XMDR_Register.xml"/>
    <j.0:Identification.identifier_scope rdf:nodeID="A32"/>
    <j.0:Identification.item_identifier rdf:datatype="http://www.w3.org/2001/XMLSchema#string">NCI_Thesaurus/R-C/C1/2404.xml#P13</j.0:Identification.item_identifier>
    <rdf:type rdf:resource="http://www.w3.org/2002/07/owl#Thing"/>
    <rdf:type rdf:resource="http://xmdr.org/ont/iso11179-3e3draft_r4.owl#Identification"/>
  </rdf:Description>
  <rdf:Description rdf:nodeID="A2">
    <j.0:Designation.designation_sign rdf:datatype="http://www.w3.org/2001/XMLSchema#string">Ovary</j.0:Designation.designation_sign>
    <j.0:Designation.item rdf:resource="http://bambam.lbl.gov:8080/xmdr/content/NCI_Thesaurus/R-C/C1/2404.xml"/>
    <j.0:Designation.designation_context_relevant_designation rdf:nodeID="A1"/>
    <j.0:Designation.designation_language rdf:datatype="http://www.w3.org/2001/XMLSchema#string">en</j.0:Designation.designation_language>
    <rdf:type rdf:resource="http://www.w3.org/2002/07/owl#Thing"/>
    <rdf:type rdf:resource="http://xmdr.org/ont/iso11179-3e3draft_r4.owl#Designation"/>
  </rdf:Description>
  <rdf:Description rdf:nodeID="A33">
    <j.0:Identification.identifier_context rdf:resource="http://bambam.lbl.gov:8080/xmdr/content/admin/XMDR_Register.xml"/>
    <j.0:Identification.identifier_scope rdf:nodeID="A34"/>
    <j.0:Identification.item_identifier rdf:datatype="http://www.w3.org/2001/XMLSchema#string">NCI_Thesaurus/R-C/C1/2404.xml#P14</j.0:Identification.item_identifier>
    <rdf:type rdf:resource="http://www.w3.org/2002/07/owl#Thing"/>
    <rdf:type rdf:resource="http://xmdr.org/ont/iso11179-3e3draft_r4.owl#Identification"/>
  </rdf:Description>
  <rdf:Description rdf:nodeID="A35">
    <j.0:Link_End.end rdf:resource="http://bambam.lbl.gov:8080/xmdr/content/NCI_Thesaurus/R-C/C1/2404.xml"/>
    <j.0:Link_End.role rdf:resource="http://bambam.lbl.gov:8080/xmdr/content/NCI_Thesaurus/R-R/hasSubtype.isA.xml"/>
    <j.0:Link_End.link rdf:resource="http://bambam.lbl.gov:8080/xmdr/content/NCI_Thesaurus/L/hasSubtype/NCI_Thesaurus/C1/3018/NCI_Thesaurus/C1/2404.xml"/>
    <rdf:type rdf:resource="http://www.w3.org/2002/07/owl#Thing"/>
    <rdf:type rdf:resource="http://xmdr.org/ont/iso11179-3e3draft_r4.owl#Link_End"/>
  </rdf:Description>
  <rdf:Description rdf:nodeID="A32">
    <j.0:Identified_Item.identification_identifier_scope rdf:nodeID="A31"/>
    <rdf:type rdf:resource="http://xmdr.org/ont/iso11179-3e3draft_r4.owl#Designatable_Item"/>
    <rdf:type rdf:resource="http://www.w3.org/2002/07/owl#Thing"/>
    <j.0:Facet.facet_value rdf:datatype="http://www.w3.org/2001/XMLSchema#string">C0029939</j.0:Facet.facet_value>
    <j.0:Classification_Node.container rdf:resource="http://bambam.lbl.gov:8080/xmdr/content/NCI_Thesaurus/CS.xml"/>
    <rdf:type rdf:resource="http://xmdr.org/ont/iso11179-3e3draft_r4.owl#Classification_Node"/>
    <j.0:Classification_Node.classified_item rdf:resource="http://bambam.lbl.gov:8080/xmdr/content/NCI_Thesaurus/R-C/C1/2404.xml"/>
    <rdf:type rdf:resource="http://xmdr.org/ont/iso11179-3e3draft_r4.owl#Facet"/>
    <rdf:type rdf:resource="http://xmdr.org/ont/iso11179-3e3draft_r4.owl#Identified_Item"/>
    <j.0:Facet.facet_name rdf:datatype="http://www.w3.org/2001/XMLSchema#string">UMLS_CUI</j.0:Facet.facet_name>
  </rdf:Description>
  <rdf:Description rdf:nodeID="A5">
    <rdf:type rdf:resource="http://xmdr.org/ont/iso11179-3e3draft_r4.owl#Classification_Node"/>
    <rdf:type rdf:resource="http://xmdr.org/ont/iso11179-3e3draft_r4.owl#Designatable_Item"/>
    <rdf:type rdf:resource="http://xmdr.org/ont/iso11179-3e3draft_r4.owl#Facet"/>
    <j.0:Classification_Node.classified_item rdf:resource="http://bambam.lbl.gov:8080/xmdr/content/NCI_Thesaurus/R-C/C1/2404.xml"/>
    <j.0:Classification_Node.container rdf:resource="http://bambam.lbl.gov:8080/xmdr/content/NCI_Thesaurus/CS.xml"/>
    <rdf:type rdf:resource="http://www.w3.org/2002/07/owl#Thing"/>
    <rdf:type rdf:resource="http://xmdr.org/ont/iso11179-3e3draft_r4.owl#Identified_Item"/>
    <j.0:Facet.facet_name rdf:datatype="http://www.w3.org/2001/XMLSchema#string">Mitelman_Code</j.0:Facet.facet_name>
    <j.0:Identified_Item.identification_identifier_scope rdf:nodeID="A4"/>
    <j.0:Facet.facet_value rdf:datatype="http://www.w3.org/2001/XMLSchema#string">501</j.0:Facet.facet_value>
  </rdf:Description>
  <rdf:Description rdf:nodeID="A36">
    <j.0:Link_End.role rdf:resource="http://bambam.lbl.gov:8080/xmdr/content/NCI_Thesaurus/R-R/Anatomic_Structure_Is_Physical_Part_Of.PhysicalPartOfhas.xml"/>
    <j.0:Link_End.end rdf:resource="http://bambam.lbl.gov:8080/xmdr/content/NCI_Thesaurus/R-C/C1/2404.xml"/>
    <j.0:Link_End.link rdf:resource="http://bambam.lbl.gov:8080/xmdr/content/NCI_Thesaurus/L/Anatomic_Structure_Is_Physical_Part_Of/NCI_Thesaurus/C4/9265/NCI_Thesaurus/C1/2404.xml"/>
    <rdf:type rdf:resource="http://www.w3.org/2002/07/owl#Thing"/>
    <rdf:type rdf:resource="http://xmdr.org/ont/iso11179-3e3draft_r4.owl#Link_End"/>
  </rdf:Description>
  <rdf:Description rdf:nodeID="A34">
    <j.0:Classification_Node.classified_item rdf:resource="http://bambam.lbl.gov:8080/xmdr/content/NCI_Thesaurus/R-C/C1/2404.xml"/>
    <rdf:type rdf:resource="http://xmdr.org/ont/iso11179-3e3draft_r4.owl#Identified_Item"/>
    <j.0:Facet.facet_name rdf:datatype="http://www.w3.org/2001/XMLSchema#string">primitive</j.0:Facet.facet_name>
    <rdf:type rdf:resource="http://xmdr.org/ont/iso11179-3e3draft_r4.owl#Classification_Node"/>
    <rdf:type rdf:resource="http://xmdr.org/ont/iso11179-3e3draft_r4.owl#Designatable_Item"/>
    <rdf:type rdf:resource="http://www.w3.org/2002/07/owl#Thing"/>
    <rdf:type rdf:resource="http://xmdr.org/ont/iso11179-3e3draft_r4.owl#Facet"/>
    <j.0:Classification_Node.container rdf:resource="http://bambam.lbl.gov:8080/xmdr/content/NCI_Thesaurus/CS.xml"/>
    <j.0:Identified_Item.identification_identifier_scope rdf:nodeID="A33"/>
    <j.0:Facet.facet_value rdf:datatype="http://www.w3.org/2001/XMLSchema#string">true</j.0:Facet.facet_value>
  </rdf:Description>
  <rdf:Description rdf:nodeID="A37">
    <j.0:Link_End.link rdf:resource="http://bambam.lbl.gov:8080/xmdr/content/NCI_Thesaurus/L/Disease_Has_Primary_Anatomic_Site/NCI_Thesaurus/C/5244/NCI_Thesaurus/C1/2404.xml"/>
    <j.0:Link_End.end rdf:resource="http://bambam.lbl.gov:8080/xmdr/content/NCI_Thesaurus/R-C/C1/2404.xml"/>
    <j.0:Link_End.role rdf:resource="http://bambam.lbl.gov:8080/xmdr/content/NCI_Thesaurus/R-R/Disease_Has_Primary_Anatomic_Site.PrimaryAnatomicSiteOf.xml"/>
    <rdf:type rdf:resource="http://www.w3.org/2002/07/owl#Thing"/>
    <rdf:type rdf:resource="http://xmdr.org/ont/iso11179-3e3draft_r4.owl#Link_End"/>
  </rdf:Description>
  <rdf:Description rdf:nodeID="A38">
    <j.0:Designation.designation_sign rdf:datatype="http://www.w3.org/2001/XMLSchema#string">Genital System, Female, Ovary</j.0:Designation.designation_sign>
    <j.0:Designation.item rdf:resource="http://bambam.lbl.gov:8080/xmdr/content/NCI_Thesaurus/R-C/C1/2404.xml"/>
    <j.0:Designation.designation_language rdf:datatype="http://www.w3.org/2001/XMLSchema#string">en</j.0:Designation.designation_language>
    <rdf:type rdf:resource="http://www.w3.org/2002/07/owl#Thing"/>
    <rdf:type rdf:resource="http://xmdr.org/ont/iso11179-3e3draft_r4.owl#Designation"/>
  </rdf:Description>
  <rdf:Description rdf:nodeID="A39">
    <j.0:Link_End.end rdf:resource="http://bambam.lbl.gov:8080/xmdr/content/NCI_Thesaurus/R-C/C1/2404.xml"/>
    <j.0:Link_End.role rdf:resource="http://bambam.lbl.gov:8080/xmdr/content/NCI_Thesaurus/R-R/Biological_Process_Has_Associated_Location.AssociatedLocationOf.xml"/>
    <j.0:Link_End.link rdf:resource="http://bambam.lbl.gov:8080/xmdr/content/NCI_Thesaurus/L/Biological_Process_Has_Associated_Location/NCI_Thesaurus/C2/0136/NCI_Thesaurus/C1/2404.xml"/>
    <rdf:type rdf:resource="http://www.w3.org/2002/07/owl#Thing"/>
    <rdf:type rdf:resource="http://xmdr.org/ont/iso11179-3e3draft_r4.owl#Link_End"/>
  </rdf:Description>
  <rdf:Description rdf:nodeID="A40">
    <j.0:Designation.designation_sign rdf:datatype="http://www.w3.org/2001/XMLSchema#string">Ovaries</j.0:Designation.designation_sign>
    <j.0:Designation.item rdf:resource="http://bambam.lbl.gov:8080/xmdr/content/NCI_Thesaurus/R-C/C1/2404.xml"/>
    <j.0:Designation.designation_language rdf:datatype="http://www.w3.org/2001/XMLSchema#string">en</j.0:Designation.designation_language>
    <rdf:type rdf:resource="http://www.w3.org/2002/07/owl#Thing"/>
    <rdf:type rdf:resource="http://xmdr.org/ont/iso11179-3e3draft_r4.owl#Designation"/>
  </rdf:Description>
  <rdf:Description rdf:about="http://bambam.lbl.gov:8080/xmdr/content/NCI_Thesaurus/R-C/C1/2404.xml">
    <j.0:Concept.link_end_end rdf:nodeID="A13"/>
    <j.0:Designatable_Item.designation rdf:nodeID="A38"/>
    <rdf:type rdf:resource="http://xmdr.org/ont/iso11179-3e3draft_r4.owl#Registered_Item"/>
    <j.0:Concept.link_end_end rdf:nodeID="A39"/>
    <j.0:Concept.link_end_end rdf:nodeID="A27"/>
    <j.0:Concept.link_end_end rdf:nodeID="A41"/>
    <j.0:Concept.container rdf:resource="http://bambam.lbl.gov:8080/xmdr/content/NCI_Thesaurus/CS.xml"/>
    <j.0:Designatable_Item.designation rdf:nodeID="A7"/>
    <rdf:type rdf:resource="http://xmdr.org/ont/iso11179-3e3draft_r4.owl#Reference_Concept"/>
    <j.0:Designatable_Item.designation rdf:nodeID="A26"/>
    <j.0:Concept.link_end_end rdf:nodeID="A42"/>
    <j.0:Designatable_Item.designation rdf:nodeID="A2"/>
    <j.0:Concept.link_end_end rdf:nodeID="A35"/>
    <j.0:Concept.link_end_end rdf:nodeID="A19"/>
    <j.0:Concept.link_end_end rdf:nodeID="A43"/>
    <rdf:type rdf:resource="http://xmdr.org/ont/iso11179-3e3draft_r4.owl#Identified_Item"/>
    <j.0:Concept.link_end_end rdf:nodeID="A11"/>
    <rdf:type rdf:resource="http://xmdr.org/ont/iso11179-3e3draft_r4.owl#Classification_Node"/>
    <j.0:Concept.link_end_end rdf:nodeID="A30"/>
    <j.0:Attached_Item.owner rdf:resource="http://bambam.lbl.gov:8080/xmdr/content/NCI_Thesaurus/CS.xml"/>
    <j.0:Concept.link_end_end rdf:nodeID="A37"/>
    <rdf:type rdf:resource="http://www.w3.org/2002/07/owl#Thing"/>
    <rdf:type rdf:resource="http://xmdr.org/ont/iso11179-3e3draft_r4.owl#Classifiable_Item"/>
    <j.0:Classifiable_Item.classification rdf:nodeID="A32"/>
    <j.0:Concept.link_end_end rdf:nodeID="A44"/>
    <j.0:Concept.link_end_end rdf:nodeID="A6"/>
    <rdf:type rdf:resource="http://xmdr.org/ont/iso11179-3e3draft_r4.owl#Documentable_Item"/>
    <j.0:Concept.link_end_end rdf:nodeID="A24"/>
    <j.0:Classifiable_Item.classification rdf:nodeID="A34"/>
    <rdf:type rdf:resource="http://xmdr.org/ont/iso11179-3e3draft_r4.owl#Concept"/>
    <j.0:Concept.link_end_end rdf:nodeID="A29"/>
    <j.0:Concept.link_end_end rdf:nodeID="A23"/>
    <j.0:Classifiable_Item.classification rdf:nodeID="A18"/>
    <j.0:Classifiable_Item.classification rdf:nodeID="A5"/>
    <j.0:Concept.link_end_end rdf:nodeID="A28"/>
    <j.0:Concept.link_end_end rdf:nodeID="A3"/>
    <j.0:Concept.link_end_end rdf:nodeID="A20"/>
    <j.0:Designatable_Item.designation rdf:nodeID="A40"/>
    <rdf:type rdf:resource="http://xmdr.org/ont/iso11179-3e3draft_r4.owl#Attached_Item"/>
    <rdf:type rdf:resource="http://xmdr.org/ont/iso11179-3e3draft_r4.owl#Designatable_Item"/>
    <j.0:Concept.link_end_end rdf:nodeID="A36"/>
    <j.0:Concept.link_end_end rdf:nodeID="A12"/>
    <j.0:Identified_Item.identification_identifier_scope rdf:nodeID="A10"/>
    <j.0:Designatable_Item.designation rdf:nodeID="A25"/>
    <j.0:Classifiable_Item.classification rdf:nodeID="A14"/>
    <j.0:Registered_Item.submission_submitted_item rdf:nodeID="A8"/>
    <j.0:Classifiable_Item.classification rdf:nodeID="A21"/>
    <j.0:Classifiable_Item.classification rdf:nodeID="A45"/>
    <j.0:Concept.link_end_end rdf:nodeID="A16"/>
    <j.0:Concept.link_end_end rdf:nodeID="A0"/>
    <j.0:Designatable_Item.definition rdf:nodeID="A9"/>
  </rdf:Description>
  <rdf:Description rdf:nodeID="A44">
    <j.0:Link_End.role rdf:resource="http://bambam.lbl.gov:8080/xmdr/content/NCI_Thesaurus/R-R/Gene_Product_Expressed_In_Tissue.Gene_Product_Expressed_In_Tissue_inverse.xml"/>
    <j.0:Link_End.end rdf:resource="http://bambam.lbl.gov:8080/xmdr/content/NCI_Thesaurus/R-C/C1/2404.xml"/>
    <j.0:Link_End.link rdf:resource="http://bambam.lbl.gov:8080/xmdr/content/NCI_Thesaurus/L/Gene_Product_Expressed_In_Tissue/NCI_Thesaurus/C1/7916/NCI_Thesaurus/C1/2404.xml"/>
    <rdf:type rdf:resource="http://www.w3.org/2002/07/owl#Thing"/>
    <rdf:type rdf:resource="http://xmdr.org/ont/iso11179-3e3draft_r4.owl#Link_End"/>
  </rdf:Description>
  <rdf:Description rdf:nodeID="A41">
    <j.0:Link_End.role rdf:resource="http://bambam.lbl.gov:8080/xmdr/content/NCI_Thesaurus/R-R/Gene_Product_Expressed_In_Tissue.Gene_Product_Expressed_In_Tissue_inverse.xml"/>
    <j.0:Link_End.end rdf:resource="http://bambam.lbl.gov:8080/xmdr/content/NCI_Thesaurus/R-C/C1/2404.xml"/>
    <j.0:Link_End.link rdf:resource="http://bambam.lbl.gov:8080/xmdr/content/NCI_Thesaurus/L/Gene_Product_Expressed_In_Tissue/NCI_Thesaurus/C2/6479/NCI_Thesaurus/C1/2404.xml"/>
    <rdf:type rdf:resource="http://www.w3.org/2002/07/owl#Thing"/>
    <rdf:type rdf:resource="http://xmdr.org/ont/iso11179-3e3draft_r4.owl#Link_End"/>
  </rdf:Description>
  <rdf:Description rdf:nodeID="A45">
    <j.0:Facet.facet_value rdf:datatype="http://www.w3.org/2001/XMLSchema#string">&lt;def-source&gt;NCI-GLOSS&lt;/def-source&gt;&lt;def-definition&gt;(O-va-reez) The pair of female reproductive glands in which the ova, or eggs, are formed. The ovaries are located in the pelvis, one on each side of the uterus.&lt;/def-definition&gt;</j.0:Facet.facet_value>
    <j.0:Identified_Item.identification_identifier_scope rdf:nodeID="A46"/>
    <rdf:type rdf:resource="http://xmdr.org/ont/iso11179-3e3draft_r4.owl#Designatable_Item"/>
    <rdf:type rdf:resource="http://xmdr.org/ont/iso11179-3e3draft_r4.owl#Identified_Item"/>
    <rdf:type rdf:resource="http://xmdr.org/ont/iso11179-3e3draft_r4.owl#Facet"/>
    <j.0:Facet.facet_name rdf:datatype="http://www.w3.org/2001/XMLSchema#string">ALT_DEFINITION</j.0:Facet.facet_name>
    <rdf:type rdf:resource="http://xmdr.org/ont/iso11179-3e3draft_r4.owl#Classification_Node"/>
    <j.0:Classification_Node.container rdf:resource="http://bambam.lbl.gov:8080/xmdr/content/NCI_Thesaurus/CS.xml"/>
    <j.0:Classification_Node.classified_item rdf:resource="http://bambam.lbl.gov:8080/xmdr/content/NCI_Thesaurus/R-C/C1/2404.xml"/>
    <rdf:type rdf:resource="http://www.w3.org/2002/07/owl#Thing"/>
  </rdf:Description>
  <rdf:Description rdf:nodeID="A18">
    <rdf:type rdf:resource="http://xmdr.org/ont/iso11179-3e3draft_r4.owl#Classification_Node"/>
    <j.0:Classification_Node.classified_item rdf:resource="http://bambam.lbl.gov:8080/xmdr/content/NCI_Thesaurus/R-C/C1/2404.xml"/>
    <rdf:type rdf:resource="http://xmdr.org/ont/iso11179-3e3draft_r4.owl#Identified_Item"/>
    <rdf:type rdf:resource="http://xmdr.org/ont/iso11179-3e3draft_r4.owl#Facet"/>
    <j.0:Facet.facet_name rdf:datatype="http://www.w3.org/2001/XMLSchema#string">Semantic_Type</j.0:Facet.facet_name>
    <rdf:type rdf:resource="http://xmdr.org/ont/iso11179-3e3draft_r4.owl#Designatable_Item"/>
    <j.0:Classification_Node.container rdf:resource="http://bambam.lbl.gov:8080/xmdr/content/NCI_Thesaurus/CS.xml"/>
    <j.0:Identified_Item.identification_identifier_scope rdf:nodeID="A17"/>
    <rdf:type rdf:resource="http://www.w3.org/2002/07/owl#Thing"/>
    <j.0:Facet.facet_value rdf:datatype="http://www.w3.org/2001/XMLSchema#string">Body Part, Organ, or Organ Component</j.0:Facet.facet_value>
  </rdf:Description>
  <rdf:Description rdf:nodeID="A42">
    <j.0:Link_End.link rdf:resource="http://bambam.lbl.gov:8080/xmdr/content/NCI_Thesaurus/L/Disease_Has_Metastatic_Anatomic_Site/NCI_Thesaurus/C/7456/NCI_Thesaurus/C1/2404.xml"/>
    <j.0:Link_End.role rdf:resource="http://bambam.lbl.gov:8080/xmdr/content/NCI_Thesaurus/R-R/Disease_Has_Metastatic_Anatomic_Site.MetastaticAnatomicSiteOf.xml"/>
    <j.0:Link_End.end rdf:resource="http://bambam.lbl.gov:8080/xmdr/content/NCI_Thesaurus/R-C/C1/2404.xml"/>
    <rdf:type rdf:resource="http://www.w3.org/2002/07/owl#Thing"/>
    <rdf:type rdf:resource="http://xmdr.org/ont/iso11179-3e3draft_r4.owl#Link_End"/>
  </rdf:Description>
  <rdf:Description rdf:nodeID="A46">
    <j.0:Identification.identifier_context rdf:resource="http://bambam.lbl.gov:8080/xmdr/content/admin/XMDR_Register.xml"/>
    <j.0:Identification.identifier_scope rdf:nodeID="A45"/>
    <j.0:Identification.item_identifier rdf:datatype="http://www.w3.org/2001/XMLSchema#string">NCI_Thesaurus/R-C/C1/2404.xml#P12</j.0:Identification.item_identifier>
    <rdf:type rdf:resource="http://www.w3.org/2002/07/owl#Thing"/>
    <rdf:type rdf:resource="http://xmdr.org/ont/iso11179-3e3draft_r4.owl#Identification"/>
  </rdf:Description>
  <rdf:Description rdf:nodeID="A43">
    <j.0:Link_End.role rdf:resource="http://bambam.lbl.gov:8080/xmdr/content/NCI_Thesaurus/R-R/Procedure_Has_Excised_Anatomy.ExcisedAnatomyOf.xml"/>
    <j.0:Link_End.end rdf:resource="http://bambam.lbl.gov:8080/xmdr/content/NCI_Thesaurus/R-C/C1/2404.xml"/>
    <j.0:Link_End.link rdf:resource="http://bambam.lbl.gov:8080/xmdr/content/NCI_Thesaurus/L/Procedure_Has_Excised_Anatomy/NCI_Thesaurus/C1/5323/NCI_Thesaurus/C1/2404.xml"/>
    <rdf:type rdf:resource="http://www.w3.org/2002/07/owl#Thing"/>
    <rdf:type rdf:resource="http://xmdr.org/ont/iso11179-3e3draft_r4.owl#Link_End"/>
  </rdf:Description>
</rdf:RDF>
