<?xml version="1.0" encoding="UTF-8"?>
<?xml-stylesheet type="text/xsl" href="billres.xsl"?>
<!--<?xml version="1.0"?>-->
<!--<!DOCTYPE bill PUBLIC "-//US Congress//DTDs/bill.dtd//EN" "C:\Program Files\Corel\rules\bill.dtd" []>-->
<!DOCTYPE bill PUBLIC "-//US Congress//DTDs/bill v2.8 20020720//EN" "http://thomas.loc.gov/dtd/bill.dtd">
<bill bill-stage="Introduced-in-House" bill-type="olc" dms-id="H9F5166E529734DEEA91C786C4667016C" public-private="public">
<metadata xmlns:dc="http://purl.org/dc/elements/1.1/">
<dublinCore>
<dc:title>110 HR 322 IH: To derive human pluripotent stem cell lines using
</dc:title>
<dc:publisher>U.S. House of Representatives</dc:publisher>
<dc:date>2007-01-09</dc:date>
<dc:format>text/xml</dc:format>
<dc:language>EN</dc:language>
<dc:rights>Pursuant to Title 17 Section 105 of the United States Code, this file is not subject to copyright protection and is in the public domain.</dc:rights>
</dublinCore>
</metadata>
	<form>
		<distribution-code display="yes">I</distribution-code>
		<congress>110th CONGRESS</congress>
		<session>1st Session</session>
		<legis-num>H. R. 322</legis-num>
		<current-chamber>IN THE HOUSE OF REPRESENTATIVES</current-chamber>
		<action>
			<action-date date="20070109">January 9, 2007</action-date>
			<action-desc><sponsor name-id="B000208">Mr. Bartlett of
			 Maryland</sponsor> (for himself, <cosponsor name-id="G000550">Mr.
			 Gingrey</cosponsor>, <cosponsor name-id="W000273">Mr. Weller</cosponsor>,
			 <cosponsor name-id="C000266">Mr. Chabot</cosponsor>,
			 <cosponsor name-id="L000563">Mr. Lipinski</cosponsor>,
			 <cosponsor name-id="D000603">Mr. Davis of Kentucky</cosponsor>,
			 <cosponsor name-id="D000599">Mr. Lincoln Davis of Tennessee</cosponsor>,
			 <cosponsor name-id="F000448">Mr. Franks of Arizona</cosponsor>,
			 <cosponsor name-id="H000981">Mr. Hunter</cosponsor>,
			 <cosponsor name-id="M001152">Mrs. Musgrave</cosponsor>,
			 <cosponsor name-id="J000255">Mr. Jones of North Carolina</cosponsor>,
			 <cosponsor name-id="I000023">Mr. Inglis of South Carolina</cosponsor>, and
			 <cosponsor name-id="G000180">Mr. Gilchrest</cosponsor>) introduced the
			 following bill; which was referred to the <committee-name committee-id="HIF00">Committee on Energy and
			 Commerce</committee-name></action-desc>
		</action>
		<legis-type>A BILL</legis-type>
		<official-title>To derive human pluripotent stem cell lines using
		  techniques that do not harm human embryos.</official-title>
	</form>
	<legis-body id="H122653AE674F45169863A330F1BA881" style="OLC">
		<section display-inline="no-display-inline" id="H7E4B48BFBBE7403F87FE283691FBEC17" section-type="section-one"><enum>1.</enum><header>Short title</header><text display-inline="no-display-inline">This Act may be cited as the
			 <quote>Alternative Pluripotent Stem Cell Therapies Enhancement Act of
			 2007</quote>.</text>
		</section><section id="H6AFA17CA0E2147C2B0847F2392F124A9"><enum>2.</enum><header>Purposes</header><text display-inline="no-display-inline">It is the purpose of this Act to—</text>
			<paragraph id="H3B7BBF0C798D401A94012EA4B4F14F33"><enum>(1)</enum><text>intensify research
			 that may result in improved understanding of or treatments for diseases and
			 other adverse health conditions; and</text>
			</paragraph><paragraph id="HB300138CB0F040028D9307849B196734"><enum>(2)</enum><text>promote the
			 derivation of pluripotent stem cell lines, including from postnatal sources,
			 without creating human embryos for research purposes or discarding, destroying,
			 or harming a human embryo or fetus.</text>
			</paragraph></section><section id="H69DB76DDD9EB42E1929F4907AD38161D"><enum>3.</enum><header>Alternative human
			 pluripotent stem cell research</header><text display-inline="no-display-inline">Part B of title IV of the
			 <act-name parsable-cite="PHSA">Public Health Service Act</act-name> (42 U.S.C.
			 284 et seq.) is amended by inserting after section 409I the following:</text>
			<quoted-block act-name="Public Health Service Act" id="HE4745CBA116E4D4BB3182CBB22EBACD2" style="OLC">
				<section id="HD69248D005014E8E8C44BF0091AB3BD9"><enum>409J.</enum><header>Alternative
				human pluripotent stem cell research</header>
					<subsection id="H11EA62FFB60647409DF91B387B99C0E9"><enum>(a)</enum><header>In
				General</header><text>In accordance with section 492, the Secretary shall
				conduct and support basic and applied research to develop techniques for the
				isolation, derivation, production, or testing of stem cells that, like
				embryonic stem cells, are capable of producing all or almost all of the cell
				types of the developing body and may result in improved understanding of or
				treatments for diseases and other adverse health conditions, but are not
				derived from a human embryo.</text>
					</subsection><subsection id="H9869B0741D46465593A7619D00C841D4"><enum>(b)</enum><header>Guidelines</header><text>Not
				later than 90 days after the date of the enactment of this section, the
				Secretary, after consultation with the Director of the National Institutes of
				Health, shall issue final guidelines to implement subsection (a), that—</text>
						<paragraph id="HE0FC46CD1ADA4309A4009B00EEF8851F"><enum>(1)</enum><text>provide guidance
				concerning the next steps required for additional research, which shall include
				a determination of the extent to which specific techniques may require
				additional basic or animal research to ensure that any research involving human
				cells using these techniques would clearly be consistent with the standards
				established under this section;</text>
						</paragraph><paragraph id="HC56086593DBB4593A93C007F2EBF57CE"><enum>(2)</enum><text>prioritize
				research with the greatest potential for near-term clinical benefit; and</text>
						</paragraph><paragraph id="HC1A81EAE3CF54241A4139B33248285C"><enum>(3)</enum><text>consistent with
				subsection (a), take into account techniques outlined by the President’s
				Council on Bioethics and any other appropriate techniques and research.</text>
						</paragraph></subsection><subsection id="H61878AEF876B47EF86AD739585DFB1E"><enum>(c)</enum><header>Reporting
				Requirements</header><text>Not later than January 1 of each year, the Secretary
				shall prepare and submit to the appropriate committees of the Congress a report
				describing the activities carried out under this section during the fiscal
				year, including a description of the research conducted under this
				section.</text>
					</subsection><subsection id="HFF5D345E39E44C61A53786F7DFD0300"><enum>(d)</enum><header>Rule of
				Construction</header><text>Nothing in this section shall be construed to affect
				any policy, guideline, or regulation regarding embryonic stem cell research,
				human cloning by somatic cell nuclear transfer, or any other research not
				specifically authorized by this section.</text>
					</subsection><subsection id="HF18F5129F0FF4C1DA51FB5167CABF43"><enum>(e)</enum><header>Definition</header><text display-inline="yes-display-inline">In this section, the term <term>human
				embryo</term> includes any organism, not protected as a human subject under
				part 46 of title 45, Code of Federal Regulations, as of the date of the
				enactment of the Alternative Pluripotent Stem Cell Therapies Enhancement Act of
				2007, that is derived by fertilization, parthenogenesis, cloning, or any other
				means from one or more human gametes or human diploid cells</text>
					</subsection><subsection id="H1BF9897EFD8242D99294F8F3A03C72F5"><enum>(f)</enum><header>Authorization of
				Appropriations</header><text>There are authorized to be appropriated such sums
				as may be necessary for each of fiscal years 2008 through 2010, to carry out
				this
				section.</text>
					</subsection></section><after-quoted-block>.</after-quoted-block></quoted-block>
		</section></legis-body>
</bill>


