<rss xmlns:itunes="http://www.itunes.com/DTDs/Podcast-1.0.dtd" version="2.0">
<channel>
  <title>USDA - National Agricultural Statistics Service Kansas Audio Broadcasts</title> 
  <itunes:author>USDA-NASS-KS</itunes:author> 
  <link>http://www.nass.usda.gov/ks/</link> 
  <itunes:subtitle>News audio - National Agricultural Statistics Service - Kansas Field Office</itunes:subtitle> 
  <itunes:summary>Discussion of the latest USDA agricultural production reports and news with NASS officials who collect and disseminate the statistics. The National Agricultural Statistics Service (NASS) conducts hundreds of surveys each year and issues nearly 500 national reports annually.</itunes:summary> 
  <language>en-us</language> 
  <copyright>&#xA9; USDA-NASS 2007</copyright> 
<itunes:owner>
  <itunes:name>www.nass.usda.gov</itunes:name> 
  <itunes:email>nass-ks@nass.usda.gov</itunes:email> 
  </itunes:owner>
<!--  iTunes prefers square images 300x300 pixels or larger 
  --> 
  <itunes:image href="http://www.nass.usda.gov/rss/podcast_logo.gif" /> 
<!--  iTunes Browse Podcasts Category 
  --> 
  <ttl>60</ttl> 
  <itunes:category text="Government" /> 


<item>
  <itunes:author>USDA - National Agricultural Statistics Service - Kansas Field Office</itunes:author>
  <itunes:subtitle>National Agricultural Statistics Service Kansas Audio Broadcasts</itunes:subtitle>
  <itunes:summary>February 2009 Wheat Variety</itunes:summary>
  <enclosure url="http://www.nass.usda.gov/Statistics_by_State/Kansas/Audio_Clips/whtvar0209.mp3" type="audio/mp3" />
  <itunes:category text="Government"></itunes:category>
  <itunes:duration>0:00:59</itunes:duration>
  <itunes:year>2009</itunes:year>
  <itunes:keywords>USDA Agriculture Statistics NASS National Agricultural Statistics Service Government Kansas</itunes:keywords>
  <guid>http://www.nass.usda.gov/Statistics_by_State/Kansas/Audio_Clips/whtvar0209.mp3</guid>
  <pubDate>Friday, 13 Feb 2009 3:00:00 CST</pubDate>
  <title>February 2009 Wheat Variety</title>
  </item>
     

 

  </channel>
  </rss>