<?xml version="1.0" encoding="ISO-8859-1"?>
<metadata>
<idinfo>
<citation>
<citeinfo>
<origin>U.S. Geological Survey (USGS), Coastal and Marine Geology (CMG)</origin>
<pubdate>20081216</pubdate>
<title>
Sampling data of field activity O-L-92-SC in Owens Lake,
California from 06/00/1992 to 06/00/1992
</title>
<pubinfo>
<publish>U.S. Geological Survey (USGS), Coastal and Marine Geology (CMG)</publish>
</pubinfo>
<onlink>http://walrus.wr.usgs.gov/infobank/gos/o-l-92-sc.fmeta.xml</onlink>
<onlink>http://walrus.wr.usgs.gov/infobank/o/ol92sc/html/o-l-92-sc.meta.html</onlink>
</citeinfo>
</citation>
<descript>
<abstract>
United States Geological Survey, Menlo Park, California.
Chief Scientist: Jim Bischoff. Sampling data (core) of field
activity O-L-92-SC in Owens Lake, California from 06/00/1992
to 06/00/1992,
http://walrus.wr.usgs.gov/infobank/o/ol92sc/html/o-l-92-sc.meta.html.
</abstract>
<purpose>
These data and information are intended for science
researchers, students from elementary through
college, policy makers, and general public.
</purpose>
<supplinf>

Equipment Used -

core                          core catchers

Notes -

This activity had been created (1/9/99) for samples located in the

core storage reefer. Small boat used.

Similar information is available for thousands
of other USGS/CMG-related Activities.

If known, available are Activity-specific
navigation, gravity, magnetics, bathymetry,
seismic, and sampling data; track maps; and
equipment information; as well as summary
overviews, crew lists, and information
about analog materials.

If available, access to physical samples is
described in the &quot;WR CMG Sample Distribution
Policy&quot; at:
http://walrus.wr.usgs.gov/infobank/programs/html/main/sample-dist-policy.html

Primary access to the USGS/CMG Information
Bank&apos;s digital data, analog data, and
metadata is provided through...
http://walrus.wr.usgs.gov/infobank/

This page accomodates a variety of search
approaches (e.g., by platform, by region,
by scientist, by equipment type, etc.).
</supplinf>
</descript>
<timeperd>
<timeinfo>
<rngdates>
<begdate>19920600</begdate>
<enddate>19920600</enddate>
</rngdates>
</timeinfo>
<current>ground condition</current>
</timeperd>
<status>
<progress>Complete</progress>
<update>As needed</update>
</status>
<spdom>
<bounding>
<westbc>-122.50000</westbc>
<eastbc>-114.00000</eastbc>
<northbc>36.00000</northbc>
<southbc>33.75000</southbc>
</bounding>
</spdom>
<keywords>
<theme>
<themekt>ISO 19115 Topic Category</themekt>
<themekey>geoscientificinformation</themekey>
<themekey>oceans</themekey>
</theme>
<theme>
<themekt>USGS CMG InfoBank</themekt>
<themekey>Marine Geology</themekey>
</theme>
<place>
<placekt>USGS CMG InfoBank</placekt>
<placekey>CA</placekey>
<placekey>North Pacific Ocean</placekey>
<placekey>Northern Pacific Ocean</placekey>
<placekey>Owens Lake, California</placekey>
<placekey>Southern California</placekey>
<placekey>USA</placekey>
</place>
</keywords>
<accconst>
Physical materials are under controlled on-site access.

If available, access to physical samples is described
in the &quot;WR CMG Sample Distribution Policy&quot; at:
http://walrus.wr.usgs.gov/infobank/programs/html/main/sample-dist-policy.html
</accconst>
<useconst>
Please recognize the U.S. Geological Survey (USGS) as
the source of this information.

Physical materials are under controlled on-site access.

Some USGS information accessed through this means
may be preliminary in nature and presented without
the approval of the Director of the USGS.  This
information is provided with the understanding
that it is not guaranteed to be correct or complete
and conclusions drawn from such information are
the responsibility of the user.

This information is not intended for navigational
purposes.

Any use of trade, firm, or product names is for
descriptive purposes only and does not imply
endorsement by the U.S. Government.
</useconst>
<ptcontac>
<cntinfo>
<cntorgp>
<cntorg>U.S. Geological Survey (USGS), Coastal and Marine Geology (CMG)</cntorg>
<cntper>Clint Steele</cntper>
</cntorgp>
<cntpos>Data Acquisition, Processing, and Storage (DAPS) Group Leader</cntpos>
<cntaddr>
<addrtype>mailing and physical address</addrtype>
<address>USGS, MailStop 999, 345 Middlefield Road</address>
<city>Menlo Park</city>
<state>CA</state>
<postal>94025-3561</postal>
<country>USA</country>
</cntaddr>
<cntvoice>(650) 329-5055</cntvoice>
<cntfax>(650) 329-5190</cntfax>
<cntemail>csteele@usgs.gov</cntemail>
</cntinfo>
</ptcontac>
<browse>
<browsen>http://walrus.wr.usgs.gov/infobank/o/ol92sc/html/o-l-92-sc.nav.gif</browsen>
<browsed>Trackline map of O-L-92-SC</browsed>
<browset>GIF</browset>
</browse>
<datacred>
Jim Bischoff (Chief Scientist, USGS Western Region)
</datacred>
<native>Digital, ASCII</native>
<crossref>
<citeinfo>
<origin>U.S. Geological Survey (USGS), Coastal and Marine Geology (CMG)</origin>
<pubdate>Unknown</pubdate>
<title>USGS/CMG Information Bank</title>
<pubinfo>
<publish>U.S. Geological Survey (USGS), Coastal and Marine Geology (CMG)</publish>
</pubinfo>
<othercit>Updated daily</othercit>
<onlink>http://walrus.wr.usgs.gov/infobank/</onlink>
</citeinfo>
</crossref>
</idinfo>
<dataqual>
<attracc>
<attraccr>Identified as best available version.</attraccr>
</attracc>
<logic>Unspecified</logic>
<complete>
Start and end date/times of data
&gt;Navigation Data (o-l-92-sc.050 [SINS])
&gt;YYYYMMDDHHMMSST    YYYYMMDDHHMMSST
&gt;199201010101000    199201050101000
&gt;YYYYMMDDHHMMSST    YYYYMMDDHHMMSST
</complete>
<posacc>
<horizpa>
<horizpar>Unspecified</horizpar>
</horizpa>
<vertacc>
<vertaccr>Unspecified</vertaccr>
</vertacc>
</posacc>
<lineage>
<procstep>
<procdesc>
Navigation Data
Unknown
</procdesc>
<procdate>20060306</procdate>
<proccont>
<cntinfo>
<cntorgp>
<cntorg>U.S. Geological Survey (USGS), Coastal and Marine Geology (CMG)</cntorg>
<cntper>Clint Steele</cntper>
</cntorgp>
<cntpos>Data Acquisition, Processing, and Storage (DAPS) Group Leader</cntpos>
<cntaddr>
<addrtype>mailing and physical address</addrtype>
<address>USGS, MailStop 999, 345 Middlefield Road</address>
<city>Menlo Park</city>
<state>CA</state>
<postal>94025-3561</postal>
<country>USA</country>
</cntaddr>
<cntvoice>(650) 329-5055</cntvoice>
<cntfax>(650) 329-5190</cntfax>
<cntemail>csteele@usgs.gov</cntemail>
</cntinfo>
</proccont>
</procstep>
</lineage>
</dataqual>
<spdoinfo>
<indspref>Owens Lake, California</indspref>
<direct>Point</direct>
<ptvctinf>
<sdtsterm>
<sdtstype>Point</sdtstype>
</sdtsterm>
</ptvctinf>
</spdoinfo>
<spref>
<horizsys>
<geograph>
<latres>0.00001</latres>
<longres>0.00001</longres>
<geogunit>Decimal degrees</geogunit>
</geograph>
<geodetic>
<horizdn>North American Datum of 1983</horizdn>
<ellips>Geodetic Reference System 80</ellips>
<semiaxis>6378137</semiaxis>
<denflat>298.257</denflat>
</geodetic>
</horizsys>
<vertdef>
<depthsys>
<depthdn>Local surface</depthdn>
<depthres>0.1</depthres>
<depthdu>meters</depthdu>
<depthem>Attribute values</depthem>
</depthsys>
</vertdef>
</spref>
<eainfo>
<overview>
<eaover>Navigation with Time Stamp</eaover>
<eadetcit>
Integrated navigation (SINS) data
&gt;Mnemonic:       (Year, Day, Hour, Min, Sec, Tenths, Latitude, Longitude)
&gt;FORTRAN format: (i4.4, i3.3, 3i2.2, i1.1, t16, f9.5, t26, f10.5)
&gt;C format:       (%4.4i%3.3i3%2.2i%1.1i %9.5f %10.5f\\n)
&gt;Naming:         .050
</eadetcit>
</overview>
</eainfo>
<distinfo>
<distrib>
<cntinfo>
<cntorgp>
<cntorg>U.S. Geological Survey (USGS), Coastal and Marine Geology (CMG)</cntorg>
<cntper>Clint Steele</cntper>
</cntorgp>
<cntpos>Data Acquisition, Processing, and Storage (DAPS) Group Leader</cntpos>
<cntaddr>
<addrtype>mailing and physical address</addrtype>
<address>USGS, MailStop 999, 345 Middlefield Road</address>
<city>Menlo Park</city>
<state>CA</state>
<postal>94025-3561</postal>
<country>USA</country>
</cntaddr>
<cntvoice>(650) 329-5055</cntvoice>
<cntfax>(650) 329-5190</cntfax>
<cntemail>csteele@usgs.gov</cntemail>
</cntinfo>
</distrib>
<resdesc>Downloadable Data O-L-92-SC data set</resdesc>
<distliab>
Please recognize the U.S. Geological Survey (USGS) as
the source of this information.

Physical materials are under controlled on-site access.

Some USGS information accessed through this means
may be preliminary in nature and presented without
the approval of the Director of the USGS.  This
information is provided with the understanding
that it is not guaranteed to be correct or complete
and conclusions drawn from such information are
the responsibility of the user.

This information is not intended for navigational
purposes.

Any use of trade, firm, or product names is for
descriptive purposes only and does not imply
endorsement by the U.S. Government.
</distliab>
<stdorder>
<digform>
<digtinfo>
<formname>ASCII</formname>
<filedec>No compression applied</filedec>
<transize>0.1</transize>
</digtinfo>
<digtopt>
<onlinopt>
<computer>
<networka>
<networkr>http://walrus.wr.usgs.gov/infobank/o/ol92sc/html/o-l-92-sc.nav.html</networkr>
</networka>
</computer>
</onlinopt>
</digtopt>
</digform>
<fees>None</fees>
</stdorder>
</distinfo>
<metainfo>
<metd>20081216</metd>
<metc>
<cntinfo>
<cntorgp>
<cntorg>U.S. Geological Survey (USGS), Coastal and Marine Geology (CMG)</cntorg>
<cntper>Clint Steele</cntper>
</cntorgp>
<cntpos>Data Acquisition, Processing, and Storage (DAPS) Group Leader</cntpos>
<cntaddr>
<addrtype>mailing and physical address</addrtype>
<address>USGS, MailStop 999, 345 Middlefield Road</address>
<city>Menlo Park</city>
<state>CA</state>
<postal>94025-3561</postal>
<country>USA</country>
</cntaddr>
<cntvoice>(650) 329-5055</cntvoice>
<cntfax>(650) 329-5190</cntfax>
<cntemail>csteele@usgs.gov</cntemail>
</cntinfo>
</metc>
<metstdn>FGDC Content Standards for Digital Geospatial Metadata</metstdn>
<metstdv>FGDC-STD-001-1998</metstdv>
<mettc>universal time</mettc>
<metac>none</metac>
<metuc>none</metuc>
</metainfo>
</metadata>
