Table with row headers in column A and column headers in rows 6 through 8,,,,,,,,,,
"TABLE 3A. Vocational Field by Sex, Race and Hispanic Origin, and Age, 2004",,,,,,,,,,
Population age 18 and over where highest degree is a vocational certificate,,,,,,,,,,
Numbers in thousands,,,,,,,,,,
,,,,,,,,,,
Field,,Sex,,Race and Hispanic Origin,,,,Age,,
,,,,White,White Non-Hispanic,Black,Hispanic*,18 to 29 years old,30 to 49 years old,50 years old & over
,Total,Men,Women,,,,,,,
,,,,,,,,,,
Total,"18,782","9,131","9,651","14,787","13,117","2,898","1,812","2,191","8,267","8,324"

Agriculture,190,154,37,164,157,21,7,30,81,79
Auto mechanics,"1,106","1,097",9,887,803,129,103,143,513,450
Aviation,204,173,31,158,140,27,21,17,88,99
"Business, office","2,401",358,"2,044","1,913","1,761",359,178,138,935,"1,329"
Computer,884,348,537,650,567,166,86,138,419,327
Construction trades,952,944,8,751,655,137,98,135,453,364
Cosmetology,"1,476",75,"1,401","1,226","1,105",188,142,168,637,671
Drafting,184,177,7,167,143,12,24,26,67,92
Electronics,869,824,45,765,651,51,116,77,396,396
Food service,242,127,115,160,142,57,19,20,133,89
Health care,"2,560",218,"2,342","1,792","1,493",629,314,426,"1,136",998
Home Economics,73,10,63,55,53,12,2,15,14,44
"Hotel, Restaurant",13,7,6,6,6,4,-,-,8,6
Marketing,67,34,33,64,60,3,4,-,21,46
Metal working,583,554,30,506,486,50,24,71,234,278
Police and protective,256,201,55,213,201,27,17,47,133,75
"Refrigeration, heating",451,448,4,353,321,72,32,50,197,204
Transportation,431,368,62,344,292,72,52,48,244,139
Other,"5,838","3,014","2,823","4,613","4,080",884,571,640,"2,560","2,638"
Footnotes:,,,,,,,,,,
(-) Indicates value of zero,,,,,,,,,,
* Hispanics may be of any race,,,,,,,,
Note:  Changes were made in the way the data were collected for people who received vocational certificates in the 2004 panel.  Users will therefore see some differences in the estimates in this table compared to 2001 and previous panels.  ,,,,,,,,
,,,,,,,,
,,,,,,,,
"Source: US Census Bureau, Survey of Income and Program Participation, 2004 Panel.  For more information on sampling and nonsampling error see http://www.sipp.census.gov/sipp/source.html",,,,,,,,
"Internet Release date:  January 29, 2008",,,,,,,,
