<Spase xmlns:xsi="http://www.w3.org/2001/XMLSchema-instance"
       xmlns="http://www.spase-group.org/data/schema">
<Version>1.3.0</Version>
<Granule>
  <ResourceID>spase://VMO/Granule/Geotail/CPI/SWA_PT48S/ge_h0_cpi_20060226_v05</ResourceID>
  <ReleaseDate>2008-12-10T02:33:42Z</ReleaseDate>
  <ParentID>spase://VMO/NumericalData/Geotail/CPI/SWA_PT48S</ParentID>
  <URL>http://erebus.physics.uiowa.edu/cpi-data/sw/2006/ge_h0_cpi_20060226_v05.cdf</URL>
  <StartDate>2006-02-26T00:00:32Z</StartDate>
  <StopDate>2006-02-26T23:59:45Z</StopDate>
  <Checksum>
    <HashValue>d8ed50c52b639c7f276ed8097cf787a8</HashValue>
    <HashFunction>MD5</HashFunction>
  </Checksum>
  <DataExtent>
    <Quantity>100237</Quantity>
    <Units>Bytes</Units>
  </DataExtent>
</Granule>
</Spase>
