Table 5-6: Colorado and U.S. Recreational Boat Registrations by Propulsion Type,,,,,,,,,
,Colorado,,United States,,,,,,
,1999  ,2000  ,1999    ,2000    ,,,,,
Total,"101,137","104,880","12,738,271","12,782,143",,,,,
Powered,"96,033","99,639","11,811,562","11,648,769",,,,,
Nonpowered,"4,384","4,496","481,191","547,271",,,,,
Other,730,745,"445,518","590,103",,,,,
"NOTE:  Data are derived from reports of states and other jurisdiction with varying registration categories.  ""Other"" includes boats not elsewhere classified by the reporting jurisdiction. ",,,,,,,,,
"NOTES FOR DATA ON THIS PAGE: U.S. totals include Guam, Puerto Rico, the Virgin Islands, American Samoa, and the Northern Mariana Islands.  Colorado statistics include all watercraft powered by motor or sail.  U.S. total does not include sailboards, which ",,,,,,,,,
"SOURCES FOR DATA ON THIS PAGE: U.S. Department of Transportation, U.S. Coast Guard, Boating Statistics, 2000 and Boating Statistics, 1999, Washington, DC: 2001, available at http://www.uscgboating.org/Saf/pdf/Boating_Statistics_2000.pdf and 1999.pdf as of",,,,,,,,,
,,,,,,,,,
,,,,,,,,,
,,,,,,,,,
,,,,,,,,,
,,,,,,,,,
,,,,,,,,,
,,,,,,,,









,,,,,,,,
