<?xml version="1.0" encoding="UTF-8"?>
<mods xmlns:xlink="http://www.w3.org/1999/xlink" xmlns:xsi="http://www.w3.org/2001/XMLSchema-instance" xmlns="http://www.loc.gov/mods/v3" version="3.3" xsi:schemaLocation="http://www.loc.gov/mods/v3 http://www.loc.gov/standards/mods/v3/mods-3-3.xsd" ID="id-06-2854">
<name type="corporate">
<namePart>United States Government Printing Office</namePart>
<role>
<roleTerm authority="marcrelator" type="text">printer</roleTerm>
<roleTerm authority="marcrelator" type="code">prt</roleTerm>
</role>
<role>
<roleTerm authority="marcrelator" type="text">distributor</roleTerm>
<roleTerm authority="marcrelator" type="code">dst</roleTerm>
</role>
</name>
<name type="corporate">
<namePart>United States</namePart>
<namePart>National Archives and Records Administration</namePart>
<namePart>Federal Register Office</namePart>
<role>
<roleTerm authority="marcrelator" type="text">author</roleTerm>
<roleTerm authority="marcrelator" type="code">aut</roleTerm>
</role>
<description>Government Organization</description>
</name>
<typeOfResource>text</typeOfResource>
<genre authority="marcgt">government publication</genre>
<language>
<languageTerm type="code" authority="iso639-2b">eng</languageTerm>
</language>
<extension>
<collectionCode>FR</collectionCode>
<category>Regulatory Information</category>
<waisDatabaseName>2006_register</waisDatabaseName>
<branch>executive</branch>
</extension>
<genre authority="marcgt">article</genre>
<titleInfo>
<title>Decorations, Medals, Ribbons, &amp; Similar Devices</title>
<partNumber>Part IV</partNumber>
<partName>Rules and Regulations</partName>
</titleInfo>
<name type="corporate">
<namePart>United States</namePart>
<namePart>Department of Defense</namePart>
<role>
<roleTerm authority="marcrelator" type="text">originator</roleTerm>
<roleTerm authority="marcrelator" type="code">org</roleTerm>
</role>
<description>United States Government Agency or Subagency</description>
</name>
<name type="corporate">
<namePart>United States</namePart>
<namePart>Department of the Army</namePart>
<role>
<roleTerm authority="marcrelator" type="text">originator</roleTerm>
<roleTerm authority="marcrelator" type="code">org</roleTerm>
</role>
<description>United States Government Agency or Subagency</description>
</name>
<abstract>The Department of the Army is revising our rule concerning the regulation that prescribes policy, criteria, and administrative instructions concerning individual military awards. This rule finalizes the proposed rule that was published in the Federal Register on November 2, 2005.</abstract>
<identifier type="FR citation">71 FR 17276</identifier>
<identifier type="uri">http://www.gpo.gov/fdsys/granule/FR-2006-04-05/06-2854</identifier>
<identifier type="FR Doc No.">06-2854</identifier>
<identifier type="former granule identifier">fr05ap06-22</identifier>
<identifier type="rin">RIN 0702-AA41</identifier>
<identifier type="billing code">3710-08-P</identifier>
<location>
<url displayLabel="Content Detail" access="object in context">http://www.gpo.gov/fdsys/granule/FR-2006-04-05/06-2854/content-detail.html</url>
<url displayLabel="PDF rendition" access="raw object">http://www.gpo.gov/fdsys/pkg/FR-2006-04-05/pdf/06-2854.pdf</url>
<url displayLabel="HTML rendition" access="raw object">http://www.gpo.gov/fdsys/pkg/FR-2006-04-05/html/06-2854.html</url>
</location>
<subject>
<topic>Awards</topic>
<topic>Decorations</topic>
<topic>Medals</topic>
<topic>Military personnel</topic>
</subject>
<physicalDescription>
<extent>59 p.</extent>
</physicalDescription>
<part type="Part IV">
<extent unit="pages">
<start>17276</start>
<end>17334</end>
</extent>
</part>
<identifier type="preferred citation">71 FR 17276</identifier>
<relatedItem type="isReferencedBy">
<titleInfo>
<title>Code of Federal Regulations</title>
<partNumber>Title 32 Part 578</partNumber>
</titleInfo>
<identifier type="CFR citation">32 CFR  578</identifier>
</relatedItem>
<relatedItem type="isReferencedBy">
<identifier type="regulation ID number">RIN0702-AA41</identifier>
</relatedItem>
<extension>
<searchTitle>Decorations, Medals, Ribbons, &amp; Similar Devices; Federal Register Vol. 71, Issue </searchTitle>
<granuleClass>RULE</granuleClass>
<accessId>06-2854</accessId>
<partNumber>IV</partNumber>
<agency order="1">DEPARTMENT OF DEFENSE</agency>
<agency order="2">Department of the Army</agency>
<rin number="0702-AA41"/>
<billingCode>3710-08-P</billingCode>
<frDocNumber>06-2854</frDocNumber>
<action>Final rule.</action>
<summary>The Department of the Army is revising our rule concerning the regulation that prescribes policy, criteria, and administrative instructions concerning individual military awards. This rule finalizes the proposed rule that was published in the Federal Register on November 2, 2005.</summary>
<contact>Ms. Denise Harris, U.S. Army Human Resources Command, Military Awards Branch at (703)325-9171.</contact>
<cfr title="32">
            <part number="578"/>
            <subject>Awards</subject>
            <subject>Decorations</subject>
            <subject>Medals</subject>
            <subject>Military personnel</subject>
          </cfr>
<tocSubject1>Personnel:</tocSubject1>
<tocDoc>Decorations, medals, ribbons, and similar devices, </tocDoc>
<urlRef>https://www.perscomonline.army.mil/tagd/awards/Appendix_D.doc</urlRef>
<urlRef>https://www.perscomonline.army.mil/tagd/awards/HSM.doc</urlRef>
<urlRef>https://www.perscomonline.army.mil/tagd/coldwar/default.htm</urlRef>
<urlRef>www.benning.army.mil/usapfs/</urlRef>
</extension>
<relatedItem type="host" ID="" xlink:href="http://www.gpo.gov/fdsys/pkg/FR-2006-04-05/mods.xml">
<titleInfo>
<title>Federal Register</title>
<partNumber>Vol. 71, no. 65</partNumber>
</titleInfo>
<originInfo>
<publisher>Office of the Federal Register, National Archives and Records Administration</publisher>
<dateIssued encoding="w3cdtf">2006-04-05</dateIssued>
<issuance>continuing</issuance>
<frequency>daily</frequency>
</originInfo>
<physicalDescription>
<note type="source content type">deposited</note>
<digitalOrigin>born digital</digitalOrigin>
<extent>362 p.</extent>
</physicalDescription>
<tableOfContents xlink:href="http://www.gpo.gov/fdsys/pkg/FR-2006-04-05/toc.html">
    Table of Contents: 
  </tableOfContents>
<classification authority="sudocs">AE 2.7:</classification>
<classification authority="sudocs">GS 4.107:</classification>
<classification authority="sudocs">AE 2.106:</classification>
<classification authority="lcc">KF70.A2</classification>
<identifier type="uri">http://www.gpo.gov/fdsys/pkg/FR-2006-04-05</identifier>
<identifier type="issn">0097-6326</identifier>
<identifier type="issn">0042-1219</identifier>
<identifier type="issn">0364-1406</identifier>
<identifier type="stock number">769-004-00000-9</identifier>
<identifier type="ILS system id">000582072</identifier>
<identifier type="former identifier">fr05ap06</identifier>
<location>
<url displayLabel="Content Detail" access="object in context">http://www.gpo.gov/fdsys/pkg/FR-2006-04-05/content-detail.html</url>
<url displayLabel="PDF rendition" access="raw object">http://www.gpo.gov/fdsys/pkg/FR-2006-04-05/pdf/FR-2006-04-05.pdf</url>
</location>
<part type="issue">
<extent unit="pages">
<start>16973</start>
<end>17334</end>
</extent>
</part>
<recordInfo>
<recordContentSource authority="marcorg">DGPO</recordContentSource>
<recordCreationDate encoding="w3cdtf">2009-01-09</recordCreationDate>
<recordChangeDate encoding="w3cdtf">2009-01-09</recordChangeDate>
<recordIdentifier source="DGPO">FR-2006-04-05</recordIdentifier>
<recordOrigin>machine generated</recordOrigin>
<languageOfCataloging>
<languageTerm type="code" authority="iso639-2b">eng</languageTerm>
</languageOfCataloging>
</recordInfo>
<extension>
<docClass>FR</docClass>
<accessId>FR-2006-04-05</accessId>
<volume>71</volume>
<issue>65</issue>
</extension>
</relatedItem>
</mods>
