<FileRequiredAttributes><FilePhysicalAttributes><FileName>muon_eff_skim.tmb</FileName><FileId>0</FileId><FileSize>1.0126e+08B</FileSize><FileCRC>unknown crc value (unknown crc type)</FileCRC><FileEventCount>1357</FileEventCount></FilePhysicalAttributes><FileType>derivedDetector</FileType><FileFormat>unknown</FileFormat><FileContentStatus>good</FileContentStatus></FileRequiredAttributes><FileAdditionalAttributes><dataTier>reconstructed-bygroup</dataTier><datastream>
 <Name>notstreamed</Name>
</datastream><endTime>1164721624</endTime><firstEvent>10617687</firstEvent><group>dzero</group><lastEvent>13655454</lastEvent><parents>
 <NameOrId>
  <Name>CSskim-2MUhighpt-20060618-153831-2687991_p17.09.06</Name>
 </NameOrId>
 <NameOrId>
  <Name>CSskim-2MUhighpt-20060619-151445-2697181_p17.09.06</Name>
 </NameOrId>
 <NameOrId>
  <Name>CSskim-2MUhighpt-20060622-132648-2722247_p17.09.06</Name>
 </NameOrId>
 <NameOrId>
  <Name>CSskim-2MUhighpt-20060914-003732-3277797_p17.09.06</Name>
 </NameOrId>
 <NameOrId>
  <Name>CSskim-2MUhighpt-20060914-004121-3277797_p17.09.06</Name>
 </NameOrId>
</parents><processId>14152883</processId><runDescriptorList>
 <RunDescriptor>
  <RunType>physics data taking</RunType>
  <RunNumber>213082</RunNumber>
 </RunDescriptor>
 <RunDescriptor>
  <RunType>physics data taking</RunType>
  <RunNumber>213083</RunNumber>
 </RunDescriptor>
 <RunDescriptor>
  <RunType>physics data taking</RunType>
  <RunNumber>213087</RunNumber>
 </RunDescriptor>
 <RunDescriptor>
  <RunType>physics data taking</RunType>
  <RunNumber>213089</RunNumber>
 </RunDescriptor>
 <RunDescriptor>
  <RunType>physics data taking</RunType>
  <RunNumber>213104</RunNumber>
 </RunDescriptor>
 <RunDescriptor>
  <RunType>physics data taking</RunType>
  <RunNumber>213105</RunNumber>
 </RunDescriptor>
 <RunDescriptor>
  <RunType>physics data taking</RunType>
  <RunNumber>213109</RunNumber>
 </RunDescriptor>
 <RunDescriptor>
  <RunType>physics data taking</RunType>
  <RunNumber>213115</RunNumber>
 </RunDescriptor>
 <RunDescriptor>
  <RunType>physics data taking</RunType>
  <RunNumber>213117</RunNumber>
 </RunDescriptor>
 <RunDescriptor>
  <RunType>physics data taking</RunType>
  <RunNumber>213127</RunNumber>
 </RunDescriptor>
 <RunDescriptor>
  <RunType>physics data taking</RunType>
  <RunNumber>213128</RunNumber>
 </RunDescriptor>
 <RunDescriptor>
  <RunType>physics data taking</RunType>
  <RunNumber>213228</RunNumber>
 </RunDescriptor>
 <RunDescriptor>
  <RunType>physics data taking</RunType>
  <RunNumber>213234</RunNumber>
 </RunDescriptor>
 <RunDescriptor>
  <RunType>physics data taking</RunType>
  <RunNumber>213235</RunNumber>
 </RunDescriptor>
 <RunDescriptor>
  <RunType>physics data taking</RunType>
  <RunNumber>213237</RunNumber>
 </RunDescriptor>
 <RunDescriptor>
  <RunType>physics data taking</RunType>
  <RunNumber>213245</RunNumber>
 </RunDescriptor>
 <RunDescriptor>
  <RunType>physics data taking</RunType>
  <RunNumber>213246</RunNumber>
 </RunDescriptor>
 <RunDescriptor>
  <RunType>physics data taking</RunType>
  <RunNumber>213247</RunNumber>
 </RunDescriptor>
 <RunDescriptor>
  <RunType>physics data taking</RunType>
  <RunNumber>213248</RunNumber>
 </RunDescriptor>
 <RunDescriptor>
  <RunType>physics data taking</RunType>
  <RunNumber>213249</RunNumber>
 </RunDescriptor>
 <RunDescriptor>
  <RunType>physics data taking</RunType>
  <RunNumber>213250</RunNumber>
 </RunDescriptor>
 <RunDescriptor>
  <RunType>physics data taking</RunType>
  <RunNumber>213252</RunNumber>
 </RunDescriptor>
 <RunDescriptor>
  <RunType>physics data taking</RunType>
  <RunNumber>213254</RunNumber>
 </RunDescriptor>
 <RunDescriptor>
  <RunType>physics data taking</RunType>
  <RunNumber>213256</RunNumber>
 </RunDescriptor>
 <RunDescriptor>
  <RunType>physics data taking</RunType>
  <RunNumber>213258</RunNumber>
 </RunDescriptor>
 <RunDescriptor>
  <RunType>physics data taking</RunType>
  <RunNumber>213269</RunNumber>
 </RunDescriptor>
 <RunDescriptor>
  <RunType>physics data taking</RunType>
  <RunNumber>213270</RunNumber>
 </RunDescriptor>
 <RunDescriptor>
  <RunType>physics data taking</RunType>
  <RunNumber>213271</RunNumber>
 </RunDescriptor>
 <RunDescriptor>
  <RunType>physics data taking</RunType>
  <RunNumber>213273</RunNumber>
 </RunDescriptor>
 <RunDescriptor>
  <RunType>physics data taking</RunType>
  <RunNumber>213275</RunNumber>
 </RunDescriptor>
 <RunDescriptor>
  <RunType>physics data taking</RunType>
  <RunNumber>213302</RunNumber>
 </RunDescriptor>
 <RunDescriptor>
  <RunType>physics data taking</RunType>
  <RunNumber>213303</RunNumber>
 </RunDescriptor>
 <RunDescriptor>
  <RunType>physics data taking</RunType>
  <RunNumber>213305</RunNumber>
 </RunDescriptor>
 <RunDescriptor>
  <RunType>physics data taking</RunType>
  <RunNumber>213306</RunNumber>
 </RunDescriptor>
 <RunDescriptor>
  <RunType>physics data taking</RunType>
  <RunNumber>213307</RunNumber>
 </RunDescriptor>
 <RunDescriptor>
  <RunType>physics data taking</RunType>
  <RunNumber>213308</RunNumber>
 </RunDescriptor>
 <RunDescriptor>
  <RunType>physics data taking</RunType>
  <RunNumber>213309</RunNumber>
 </RunDescriptor>
 <RunDescriptor>
  <RunType>physics data taking</RunType>
  <RunNumber>213334</RunNumber>
 </RunDescriptor>
 <RunDescriptor>
  <RunType>physics data taking</RunType>
  <RunNumber>213335</RunNumber>
 </RunDescriptor>
</runDescriptorList><startTime>1164710290</startTime></FileAdditionalAttributes>