National Marine Fisheries Service
PO Box 21668
Juneau AK 99802-1668


2009 Bering Sea Aleutian Islands and Gulf of Alaska Report by Gear Type
Data are from Weekly Production and Observer Reports

"Through February  07, 2009"

BSAI = Bering Sea and Aleutian Islands
GOA  = Gulf of Alaska
REP  = Federal Reporting Area
Weight in round metric tons
Screened for confidentiality - three or more processors reporting for each row

"FMP","REP","GEAR","SPECIES","METRIC TONS"

"BSAI","","HAL","ARTH","282"
"BSAI","","HAL","FLO5","12"
"BSAI","","HAL","FSOL","85"
"BSAI","","HAL","GTRB","7"
"BSAI","","HAL","NORK","1"
"BSAI","","HAL","OTHR","5258"
"BSAI","","HAL","PCOD","39908"
"BSAI","","HAL","PLCK","1876"
"BSAI","","HAL","ROCK","1"
"BSAI","","HAL","RSOL","2"
"BSAI","","HAL","YSOL","100"
"BSAI","","NPT","AKPL","966"
"BSAI","","NPT","AMCK","9502"
"BSAI","","NPT","ARTH","479"
"BSAI","","NPT","FLO5","300"
"BSAI","","NPT","FSOL","520"
"BSAI","","NPT","NORK","185"
"BSAI","","NPT","OTHR","831"
"BSAI","","NPT","PCOD","3033"
"BSAI","","NPT","PLCK","1413"
"BSAI","","NPT","POPA","519"
"BSAI","","NPT","REYE","2"
"BSAI","","NPT","ROCK","14"
"BSAI","","NPT","RSOL","9611"
"BSAI","","NPT","SQID","1"
"BSAI","","NPT","SRKR","2"
"BSAI","","NPT","YSOL","1457"
"BSAI","","POT","AMCK","2"
"BSAI","","POT","OTHR","91"
"BSAI","","POT","PCOD","8204"
"BSAI","","POT","PLCK","12"
"BSAI","","POT","ROCK","1"
"BSAI","","POT","YSOL","1"
"BSAI","","PTR","AKPL","4"
"BSAI","","PTR","ARTH","613"
"BSAI","","PTR","FLO5","71"
"BSAI","","PTR","FSOL","548"
"BSAI","","PTR","OTHR","857"
"BSAI","","PTR","PCOD","1547"
"BSAI","","PTR","PLCK","50352"
"BSAI","","PTR","POPA","1"
"BSAI","","PTR","ROCK","1"
"BSAI","","PTR","RSOL","402"
"BSAI","","PTR","SABL","1"
"BSAI","","PTR","SQID","22"
"BSAI","","PTR","YSOL","51"
"GOA","610","HAL","ARTH","3"
"GOA","610","HAL","BSKT","1"
"GOA","610","HAL","OTHR","8"
"GOA","610","HAL","PCOD","702"
"GOA","610","HAL","PLCK","2"
"GOA","610","HAL","USKT","17"
"GOA","610","POT","AMCK","1"
"GOA","610","POT","OTHR","65"
"GOA","610","POT","PCOD","2350"
"GOA","610","POT","PEL7","1"
"GOA","620","HAL","BSKT","35"
"GOA","620","HAL","LSKT","29"
"GOA","620","HAL","PCOD","1250"
"GOA","620","HAL","PLCK","5"
"GOA","620","NPT","ARTH","126"
"GOA","620","NPT","BSKT","5"
"GOA","620","NPT","FSOL","16"
"GOA","620","NPT","LSKT","7"
"GOA","620","NPT","OTHR","1"
"GOA","620","NPT","PCOD","69"
"GOA","620","NPT","PLCK","267"
"GOA","620","NPT","REXS","25"
"GOA","620","NPT","SFL1","2"
"GOA","620","NPT","USKT","1"
"GOA","620","POT","OTHR","11"
"GOA","620","POT","PCOD","937"
"GOA","620","POT","PLCK","1"
"GOA","630","HAL","ARTH","11"
"GOA","630","HAL","BSKT","179"
"GOA","630","HAL","FSOL","1"
"GOA","630","HAL","LSKT","87"
"GOA","630","HAL","OTHR","41"
"GOA","630","HAL","PCOD","2337"
"GOA","630","HAL","PLCK","103"
"GOA","630","HAL","REYE","1"
"GOA","630","HAL","ROCK","4"
"GOA","630","HAL","SABL","7"
"GOA","630","HAL","USKT","82"
"GOA","630","JIG","PCOD","26"
"GOA","630","NPT","AMCK","11"
"GOA","630","NPT","ARTH","1101"
"GOA","630","NPT","BSKT","45"
"GOA","630","NPT","DFL4","3"
"GOA","630","NPT","FSOL","163"
"GOA","630","NPT","LSKT","40"
"GOA","630","NPT","NORK","14"
"GOA","630","NPT","OTHR","41"
"GOA","630","NPT","PCOD","3556"
"GOA","630","NPT","PEL7","9"
"GOA","630","NPT","PLCK","708"
"GOA","630","NPT","REXS","76"
"GOA","630","NPT","ROCK","3"
"GOA","630","NPT","SABL","2"
"GOA","630","NPT","SFL1","145"
"GOA","630","NPT","SRKR","6"
"GOA","630","NPT","USKT","16"
"GOA","630","POT","AMCK","8"
"GOA","630","POT","OTHR","80"
"GOA","630","POT","PCOD","3915"
"GOA","630","POT","PEL7","3"
"GOA","630","POT","PLCK","6"
"GOA","630","POT","ROCK","1"
"GOA","630","POT","SFL1","3"

SPECIES NAMES

AKPL = Alaska plaice
AMCK = Atka mackerel
ARTH = Arrowtooth flounder
BSKT = GOA Big skate
DEM1 = Demersal shelf rockfish
DFL4 = Deep water flatfish
FLO5 = Other flatfish
FSOL = Flathead sole
GTRB = Greenland turbot
LSKT = GOA Longnose skate
NORK = Northern rockfish
OTHR = Other species
PCOD = Pacific cod
PEL7 = Pelagic shelf rockfish
PLCK = Pollock
POPA = Pacific ocean perch
REXS = Rex sole
REYE = Rougheye rockfish
ROCK = Other rockfish
RSOL = Rock sole
SABL = Sablefish
SFL1 = Shallow water flatfish
SLR3 = Slope rockfish
SQID = Squid
SRKR = Shortraker rockfish
THDS = Thornyhead rockfish
USKT = GOA Other Skates
YSOL = Yellowfin sole

GEAR NAMES

HAL = Hook-and-line gear
JIG = Jig gear
NPT = Non-pelagic trawl gear
POT = Pot gear
PTR = Pelagic trawl gear
