<?xml version="1.0" encoding="ISO-8859-1"?><metadata>
<idinfo>
<citation>
<citeinfo>
<origin>Alaska Fisheries Science Center</origin>
<pubdate>December 2007</pubdate>
<title>RACE Groundfish Survey Data</title>
<edition>1</edition>
<geoform></geoform>
<pubinfo>
<pubplace></pubplace>
<publish>www.afsc.noaa.gov</publish>
</pubinfo>
<onlink>http://www.afsc.noaa.gov/RACE/groundfish/survey_data/gfdata.htm</onlink>
</citeinfo>
</citation>
<descript>
<abstract>The Resource Assessment and Conservation Engineering Division (RACE) of the Alaska Fisheries Science Center (AFSC) conducts bottom trawl surveys to monitor the condition of the dermersal fish and crab stocks of Alaska.</abstract>
<purpose>The data set was developed to describe the temporal distribution and abundance of commercially and ecologically important groundfish species, examine the changes in the species composition of species over time and space, and  describe the physical environment of the groundfish habitat.</purpose>
</descript>
<timeperd>
<timeinfo>
<rngdates>
<begdate>1982</begdate>
<begtime>May</begtime>
<enddate>2007</enddate>
<endtime>August</endtime>
</rngdates>
</timeinfo>
<current>ground condition</current>
</timeperd>
<status>
<progress>Complete</progress>
<update>Every fall</update>
</status>
<spdom>
<bounding>
<westbc>
170.6</westbc>
<eastbc>
-130</eastbc>
<northbc>
63.648352</northbc>
<southbc>
48.516500</southbc>
</bounding>
</spdom>
<keywords>
<theme>
<themekey>groundfish</themekey>
<themekey>fish</themekey>
<themekey>invertebrate</themekey>
<themekey>trawl</themekey>
<themekey>survey</themekey>
</theme>
<place>
<placekey>Alaska</placekey>
<placekey>Bering Sea</placekey>
<placekey>Gulf of Alaska</placekey>
<placekey>Aleutian Islands</placekey>
</place>
<temporal>
</temporal>
</keywords>
<accconst>Public</accconst>
<useconst>Cite data source.</useconst>
<ptcontac>
<cntinfo>
<cntorgp>
<cntorg>Alaska Fisheries Science Center, RACE Division</cntorg>
</cntorgp>
<cntaddr>
<addrtype>mailing and physical address</addrtype>
<address>7600 Sand Point Way NE</address>
<city>Seattle</city>
<state>WA</state>
<postal>98115</postal>
<country>USA</country>
</cntaddr>
<cntemail>Bob.Lauth@noaa.gov</cntemail>
<cntemail>Mark.Wilkins@noaa.gov</cntemail>
<cntinst>For questions about the Eastern Bering Sea surveys and data contact Bob Lauth.  For questions about the Gulf of Alaska or Aleutian Islands surveys contact Mark Wilkins.</cntinst>
</cntinfo>
</ptcontac>
<native></native>
</idinfo>
<spdoinfo>
<direct>Point</direct>
<ptvctinf>
<sdtsterm>
<sdtstype>Entity point</sdtstype>
<ptvctcnt>486683</ptvctcnt>
</sdtsterm>
</ptvctinf>
</spdoinfo>
<spref>
<horizsys>
<planar>
<mapproj>
<mapprojn></mapprojn>
<albers>
<stdparll></stdparll>
<stdparll></stdparll>
<longcm></longcm>
<latprjo></latprjo>
<feast></feast>
<fnorth></fnorth>
</albers>
</mapproj>
<planci>
<plance></plance>
<coordrep>
<absres></absres>
<ordres></ordres>
</coordrep>
<plandu></plandu>
</planci>
</planar>
<geodetic>
<horizdn></horizdn>
<ellips></ellips>
<semiaxis></semiaxis>
<denflat></denflat>
</geodetic>
</horizsys>
</spref>
<eainfo>
<detailed>
<enttyp>
<enttypl>
</enttypl>
</enttyp>
<attr>
<attrlabl>LATITUDE</attrlabl>
<attrdef>Start latitude of the haul in decimal degrees.</attrdef>
</attr>
<attr>
<attrlabl>LONGITUDE</attrlabl>
<attrdef>Start longitude of the haul in decimal degrees.</attrdef>
</attr>
<attr>
<attrlabl>STATION</attrlabl>
<attrdef>RACE database station id. In the Eastern Bering Sea these stations have remained constant from the beginning of this time series.  In the other regions sampling locations vary and are identified by the station grid cell in which the haul took place.</attrdef>
<attrdefs>RACE</attrdefs>
</attr>
<attr>
<attrlabl>STRATUM</attrlabl>
<attrdef>RACE database statistical area used for analyzing the data.  Strata were designed using bathymetry and other measures of habitat.</attrdef>
<attrdefs>RACE</attrdefs>
</attr>
<attr>
<attrlabl>YEAR</attrlabl>
<attrdef>Four digit year.</attrdef>
</attr>
<attr>
<attrlabl>DATETIME</attrlabl>
<attrdef>Date and time of the start of the haul.</attrdef>
</attr>
<attr>
<attrlabl>WTCPUE</attrlabl>
<attrdef>The quantity of a species caught is standardized by calculating kilograms caught per hectare swept called catch per unit effort or weight CPUE.</attrdef>
</attr>
<attr>
<attrlabl>NUMCPUE</attrlabl>
<attrdef>The quantity of a species caught is standardized by calculating number of species caught per hectare swept called catch per unit effort or number CPUE.</attrdef>
</attr>
<attr>
<attrlabl>COMMON</attrlabl>
<attrdef>Common name of a species.</attrdef>
</attr>
<attr>
<attrlabl>SCIENTIFIC</attrlabl>
<attrdef>Taxonomic name of a species.</attrdef>
</attr>
<attr>
<attrlabl>SID</attrlabl>
<attrdef>RACE database species id number.</attrdef>
<attrdefs>RACE</attrdefs>
</attr>
<attr>
<attrlabl>BOT_DEPTH</attrlabl>
<attrdef>Bottom depth in meters.</attrdef>
</attr>
<attr>
<attrlabl>BOT_TEMP</attrlabl>
<attrdef>Bottom temperature in degrees Celsius.</attrdef>
</attr>
<attr>
<attrlabl>SURF_TEMP</attrlabl>
<attrdef>Surface temperature in degrees Celsius.</attrdef>
</attr>
<attr>
<attrlabl>VESSEL</attrlabl>
<attrdef>RACE database vessel id number.</attrdef>
<attrdefs>RACE</attrdefs>
</attr>
<attr>
<attrlabl>CRUISE</attrlabl>
<attrdef>RACE database cruise id number.</attrdef>
<attrdefs>RACE</attrdefs>
</attr>
<attr>
<attrlabl>HAUL</attrlabl>
<attrdef>RACE database haul id number.</attrdef>
<attrdefs>RACE</attrdefs>
</attr>
</detailed>
</eainfo>
<distinfo>
<resdesc>Downloadable Data</resdesc>
<stdorder>
<digform>
<digtinfo>
<transize></transize>
</digtinfo>
</digform>
</stdorder>
</distinfo>
<metainfo>
<metd>20070314</metd>
<metc>
<cntinfo>
<cntorgp>
<cntorg>NOAA Fisheries, Alaska Fisheries Science Center</cntorg>
<cntper>Angie Greig</cntper>
</cntorgp>
<cntaddr>
<addrtype>mailing and physical address</addrtype>
<address>7600 Sand Point Way NE  bldg 4</address>
<city>Seattle</city>
<state>WA</state>
<postal>98115</postal>
</cntaddr>
<cntvoice></cntvoice>
<cntemail>angie.greig@noaa.gov</cntemail>
</cntinfo>
</metc>
<metstdn>FGDC Content Standards for Digital Geospatial Metadata</metstdn>
<metstdv>FGDC-STD-001-1998</metstdv>
<mettc>local time</mettc>
<metextns>
<onlink>http://www.esri.com/metadata/esriprof80.html</onlink>
<metprof>ESRI Metadata Profile</metprof>
</metextns>
</metainfo>
</metadata>
