Time,Speed,Location,County,State,Lat,Lon,Comments
1330,UNK,CLEVELAND,CUYAHOGA,OH,41.48,-81.68,TREE LIMBS DOWN (CLE)
1455,UNK,4 W NORTH BLOOMFIELD,TRUMBULL,OH,41.44,-80.96,TREE LIMBS AND WIRES DOWN. (CLE)
1534,UNK,GREENVILLE,MERCER,PA,41.41,-80.38,TWO TREES DOWN IN THE TOWN OF GREENVILLE. (PBZ)
1606,UNK,ERIE,ERIE,PA,42.13,-80.09,TREE DOWN ON HOUSE (CLE)
1615,UNK,4 SSE FRANKLIN,VENANGO,PA,41.34,-79.81,ONE TREE DOWN IN THE SANDY CREEK TOWNSHIP AREA AT AJAX AND PIONEER ROAD. (PBZ)
1615,UNK,CORRY,ERIE,PA,41.93,-79.64,TREE LIMBS DOWN. (CLE)
1630,UNK,1 E FRANKLIN,VENANGO,PA,41.39,-79.82,EMERGENCY MANAGER REPORTED THAT THERE WAS ONE TREE DOWN IN CRANBERRY TOWNSHIP IN VENANGO COUNTY. (PBZ)
1930,60,1 NW SAINT ONGE,LAWRENCE,SD,44.56,-103.74,(UNR)
1945,60,1 N ROCKYFORD,SHANNON,SD,43.51,-102.5,(UNR)
1955,UNK,WOODCOCK,CRAWFORD,PA,41.75,-80.08,TREES DOWN. (CLE)
2010,UNK,PERRYOPOLIS,FAYETTE,PA,40.09,-79.75,SEVERAL TREES DOWN. (PBZ)
2015,UNK,8 SW LATROBE,WESTMORELAND,PA,40.23,-79.49,TREE DOWN PLEASANT UNITY. (PBZ)
2030,UNK,LIGONIER,WESTMORELAND,PA,40.24,-79.24,TREE DOWN. (PBZ)
2030,60,1 N ROCKYFORD,SHANNON,SD,43.51,-102.5,(UNR)
2125,70,15 NE STURGIS,MEADE,SD,44.56,-103.3,60 TO 70 MPH WIND WITH QUARTER SIZE HAIL. (UNR)
2205,60,20 E STURGIS,MEADE,SD,44.41,-103.11,60 MPH WIND WITH PENNY SIZE HAIL. (UNR)
2211,UNK,2 SW HILLSDALE,HILLSDALE,MI,41.91,-84.66,TREE DOWN JUST SOUTHWEST OF HILLSDALE...2.5 FEET IN DIAMETER. ALSO SEVERAL REPORTS OF SMALL TREES DOWN IN HILLSDALE. (IWX)
2240,60,4 NNW HEREFORD,MEADE,SD,44.44,-102.91,(UNR)
2244,UNK,7 SSW HUMESTON,WAYNE,IA,40.77,-93.55,GRAIN BIN DESTROYED. (DMX)
2250,60,3 W SKIDMORE,NODAWAY,MO,40.29,-95.14,THUNDERSTORM WINDS ESTIMATED 60 MPH...PEA-SIZED HAIL ALSO REPORTED (EAX)
2300,72,1 W HALLIDAY,DUNN,ND,47.35,-102.36,HOME WEATHER STATION MEASURED 72 MPH WIND GUSTS. PEA SIZE HAIL ACCOMPANIED THE STORM AND COVERED THE GROUND. (BIS)
2315,69,GLADSTONE,STARK,ND,46.86,-102.57,69 MPH WIND GUST MEASURED ON A HOME WEATHER STATION IN GLADSTONE. REPORT RELAYED BY LOCAL MEDIA. (BIS)
2319,UNK,PULASKI,JACKSON,MI,42.12,-84.64,MATURE HEALTHY LARGE TREE BRANCHES DOWN NEAR PULASKI AND HOWARD. REPORTED BY COUNTY DISPATCH. (GRR)
2320,60,3 W SKIDMORE,NODAWAY,MO,40.29,-95.14,THUNDERSTORM WINDS ESTIMATED 60 MPH...PEA-SIZED HAIL ALSO REPORTED (EAX)
2325,UNK,LENOX,TAYLOR,IA,40.88,-94.56,TREES DOWN IN LENOX. 1 LARGE TREE...OTHERS SMALLER. (DMX)
2325,60,4 E LUDLOW,HARDING,SD,45.84,-103.3,(UNR)
2330,UNK,5 W BRUNSWICK,MEDINA,OH,41.25,-81.92,A TREE AND LARGE LIMB WERE REPORTED DOWN. (CLE)
2348,61,CRESTON,UNION,IA,41.06,-94.36,SCHOOLNET MEASUREMENT. (DMX)
0006,UNK,3 N LEON,DECATUR,IA,40.78,-93.75,LARGE TREE DOWN OVER 190TH STREET NEAR THE INTERSECTION OF HIGHWAY 69. (DMX)
0015,UNK,1 NE GRAY,HODGEMAN,KS,38.16,-99.62,DAMAGE TO POLE BARN AND HAYSHED. ESTIMATED 70 TO 80MPH WIND. (DDC)
0015,60,2 NE ROZEL,PAWNEE,KS,38.22,-99.38,(DDC)
0015,UNK,JEFFERSON CITY,JEFFERSON,MT,46.39,-112.03,WIND DAMAGE TO SOME TREE LIMBS IN JEFFERSON CITY. (TFX)
0020,UNK,7 NE ROZEL,PAWNEE,KS,38.27,-99.31,2 INCH LIVE LIMBS DOWN (DDC)
0021,UNK,CHELSEA,WASHTENAW,MI,42.31,-84.02,NUMEROUS 3 INCH TREE BRANCHES KNOCKED DOWN (DTX)
0025,60,15 NE JETMORE,HODGEMAN,KS,38.24,-99.7,(DDC)
0039,UNK,INDIANOLA,WARREN,IA,41.36,-93.57,TREES DOWN IN INDIANOLA. ESTIMATED 50-60 MPH WINDS. (DMX)
0045,UNK,BEVINGTON,WARREN,IA,41.36,-93.79,TWO SEMIS JACK KNIFED ON I35 AT BEVINGTON EXIT. (DMX)
0058,63,BUFFALO,HARDING,SD,45.58,-103.55,BUFFALO ASOS MEASURED A WIND GUST OF 55 KT. (UNR)
0100,UNK,1 E ASH VALLEY,PAWNEE,KS,38.29,-99.19,2 INCH TREE LIMBS DOWN (DDC)
0100,UNK,ST. MARYS,ELK,PA,41.43,-78.56,TREES DOWN (CTP)
0105,70,4 WSW MONROE,MARION,IA,41.49,-93.18,4-6 INCH LIMBS BLOWN DOWN. (DMX)
0115,UNK,TRENTON,GRUNDY,MO,40.08,-93.6,TREE LIMBS DOWN...ESTIMATED UP TO A FOOT IN DIAMETER. (EAX)
0130,UNK,KEOSAUQUA,VAN BUREN,IA,40.73,-91.96,SMALL TREES AND NUMEROUS BRANCHES DOWN ALONG J40 FROM LEBANON TO KEOSAUQUA. DELAYED REPORT. (DVN)
0145,UNK,WILLOUGHBY,LAKE,OH,41.65,-81.41,A FEW LARGE TREE LIMBS WERE DOWNED. (CLE)
0157,60,NORWALK,WARREN,IA,41.5,-93.68,(DMX)
0158,60,8 N PRAIRIE CITY,PERKINS,SD,45.65,-102.8,(UNR)
0200,UNK,1 WNW BROCK,SCOTLAND,MO,40.56,-92.17,4 INCH DIAMETER TREE BLOWN DOWN. TIME ESTIMATED (DVN)
0205,UNK,NORTH ROYALTON,CUYAHOGA,OH,41.31,-81.75,SEVERAL LARGE TREES DOWN. (CLE)
0208,66,GARRISON,MCLEAN,ND,47.65,-101.42,GARRISION AUTOMATED SURFACE OBSERVING SYSTEM...ASOS... RECORDED A 66 MPH WIND GUST AT 908 PM CDT. (BIS)
0215,UNK,PENINSULA,SUMMIT,OH,41.24,-81.55,ONE TREE DOWN. (CLE)
0215,UNK,3 SW RENOVO,CLINTON,PA,41.3,-77.79,TREES DOWN ALONG ROUTE 120 NEAR SHINTOWN. (CTP)
0220,UNK,7 E MILLHEIM,CENTRE,PA,40.89,-77.34,NUMEROUS TREES DOWN ACROSS ROUTE 45 IN THE VICINITY OF WOODWARD. (CTP)
0220,UNK,2 W LAURELTON CENTER,UNION,PA,40.93,-77.24,TREES DOWN ALONG UNION/CENTRE COUNTY LINE. (CTP)
0230,UNK,KEOSAUQUA,VAN BUREN,IA,40.73,-91.96,SMALL TREES AND BRANCHES DOWN ALONG J40 FROM LEBANON TO KEOSAUQUA. DELAYED REPORT. (DVN)
0250,UNK,RAVENNA,PORTAGE,OH,41.16,-81.24,FEW TREES DOWN (CLE)
0315,UNK,10 W CANFIELD,MAHONING,OH,41.03,-80.96,SEVERAL TREES DOWNED NEAR BERLIN CENTER. (CLE)
0320,UNK,OSCO,HENRY,IL,41.35,-90.28,REPORT OF A LARGE TREE DOWN AND ACROSS THE ROAD ON THE NORTH SIDE OF TOWN. TIME APPROXIMATE. (DVN)
0325,UNK,LOCK HAVEN,CLINTON,PA,41.14,-77.45,TREES DOWN ON WATER STREET (CTP)
0325,70,OSCO,HENRY,IL,41.35,-90.28,ESTIMATED GUSTS 65-70 MPH. (DVN)
0329,68,SHERIDAN LAKE,KIOWA,CO,38.47,-102.29,(PUB)
0330,UNK,4 W BEDFORD,TAYLOR,IA,40.67,-94.8,BARN BLOWN DOWN (DMX)
0403,59,BURLINGTON,KIT CARSON,CO,39.31,-102.27,(GLD)
0420,UNK,LONDON MILLS,FULTON,IL,40.71,-90.27,LARGE TREE UPROOTED. (ILX)
0430,UNK,SCRANTON,LACKAWANNA,PA,41.4,-75.67,AT LEAST ONE TREE DOWN. DAMAGE TO AT LEAST 4 HOUSES INCLUDING BROKEN WINDOWS... SIDING AND SHINGLES TORN OFF. (BGM)
0435,UNK,LUZERNE,LUZERNE,PA,41.29,-75.9,TREE DOWN IN KINGSTON TOWNSHIP. SEVERAL POWER OUTAGES ACROSS LUZERNE COUNTY ALONG WITH MINOR POOR DRAINAGE FLOODING. (BGM)
0445,UNK,ST. DAVID,FULTON,IL,40.49,-90.05,LARGE TREE BLOWN DOWN ONTO 3 AUTOS. (ILX)
0445,65,CANTON,FULTON,IL,40.56,-90.04,TREE LIMBS DOWN AND ONE POWER LINE BLOWN DOWN. (ILX)
0449,UNK,2 S ROCKTON,CLEARFIELD,PA,41.05,-78.66,TREES DOWN JUST SOUTH OF ROCKTON IN UNION TWP (CTP)
0450,UNK,GOODLAND,SHERMAN,KS,39.35,-101.71,TREE FELL ON POWER LINE IN CENTER OF TOWN. (GLD)
0500,UNK,PROPHETSTOWN,WHITESIDE,IL,41.67,-89.93,2 TO 3 INCH TREE LIMBS DOWN DUE TO STRONG WINDS FROM THUNDERSTORMS BETWEEN 11 PM AND 1 AM. (DVN)
0515,UNK,WESTOVER,CLEARFIELD,PA,40.75,-78.68,TREES DOWN IN WESTOVER BOROUGH/CHEST TWP (CTP)
0520,UNK,PROPHETSTOWN,WHITESIDE,IL,41.67,-89.93,2 TREES DOWN. ONE SMALL ONE LARGE. UNKNOWN DIAMETER. TIME ESTIMATED. (DVN)
0525,61,11 W SOUTH PEKIN,TAZEWELL,IL,40.5,-89.86,(ILX)
0555,UNK,DWIGHT,LIVINGSTON,IL,41.1,-88.42,LAW ENFORCEMENT ESTIMATED 70 MPH WINDS. PUBLIC REPORT OF FLAG POLE BENT OVER BY THE WINDS AND SEVERAL SHINGLES PEELED OF ROOF OF A HOME. (LOT)
0600,UNK,PATTON,CAMBRIA,PA,40.63,-78.65,SPORADIC REPORTS OF TREES DOWN ACROSS THE NORTHERN PART OF THE COUNTY (CTP)
0705,UNK,NAZARETH,NORTHAMPTON,PA,40.74,-75.31,WIRES DOWNED (PHI)
0712,UNK,PHILLIPSBURG,WARREN,NJ,40.69,-75.18,TREES DOWNED (PHI)
0735,UNK,3 WSW GLEN GARDNER,HUNTERDON,NJ,40.68,-74.99,WIRES AND NUMEROUS TREES DOWN IN THE VICINITY CHARLESTOWN IN BETHLEHEM TOWNSHIP. NWS FIELD SURVEY INDICATED STRAIGHT-LINE WINDS UP TO 70 MPH. (PHI)
0740,60,7 NNE WAKEENEY,TREGO,KS,39.12,-99.83,TWO INCH DIAMETER TREE LIMB BLOWN DOWN ALONG WITH PEA SIZE HAIL AND 0.40 INCHES OF RAIN. (DDC)
0820,UNK,3 ESE CALIFON,HUNTERDON,NJ,40.72,-74.84,TREES DOWNED NEAR TEWKSBURY (PHI)
0835,UNK,3 N FLAGTOWN,SOMERSET,NJ,40.56,-74.68,BRANCHBURG TWP. NUMEROUS TREES AND POLES DOWN,TREE TOPS SHEARED OFF. (PHI)
1100,UNK,4 SW CROWN HEIGHTS,KINGS,NY,40.63,-73.99,NUMEROUS TREES/WIRES DOWN,SEVERAL HOMES WITH ROOFS BLOWN OFF AND OTHER STRUCTUAL DAMAGE IN TOWN OF SUNSET PARK (OKX)
