<?xml version="1.0" encoding="ISO-8859-1"?>
<metadata>
  <idinfo>
    <datsetid>
      gov.noaa.ngdc:G01981
    </datsetid>
    <citation>
      <citeinfo>
        <origin>
          National Geophysical Data Center
        </origin>
        <pubdate>
          1992
        </pubdate>
        <title>
          Matthews and Fung Global Distribution, Characteristics and Methane Emission of Natural
        </title>
        <onlink>
          http://www.ngdc.noaa.gov/seg/fliers/se-2006.shtml
        </onlink>
      </citeinfo>
    </citation>
    <descript>
      <abstract>
        The dataset consists of five thematic layers, a) Wetland Type, b) Wetland Data Sources, c) Fractional Inundation, d) Vegetation Type, and e) Soil Type.  There is also one tabular data element Methane Emissions. The data is gridded at a resolution of 1 degree.
      </abstract>
      <purpose>
        Global climate, vegetation, and ecological change research
      </purpose>
      <noaainfo>
        <entry>
          G01981
        </entry>
        <campaign>
          Global Ecosystems Database
        </campaign>
        <center>
          National Geophysical Data Center
        </center>
        <medium>
          CD-ROM
        </medium>
        <nsurls>
          <moreinfo>
            http://www.ngdc.noaa.gov/seg/eco/cdroms/gedii_a/datasets/a09/mfw.htm
          </moreinfo>
          <preview>
            http://www.ngdc.noaa.gov/seg/eco/cdroms/gedii_a/datasets/a09/mfw.htm
          </preview>
          <obtain>
            http://www.ngdc.noaa.gov/seg/fliers/se-2006.shtml
          </obtain>
        </nsurls>
        <relatns>
          <parent>
            G01500
          </parent>
          <assocprd>
            G01500-CDR-A0001
          </assocprd>
        </relatns>
      </noaainfo>
    </descript>
    <timeperd>
      <timeinfo>
        <sngdate>
          <caldate>
            1986
          </caldate>
        </sngdate>
      </timeinfo>
      <current>
        Publication Date
      </current>
    </timeperd>
    <status>
      <progress>
        Complete
      </progress>
      <update>
        Irregular
      </update>
    </status>
    <spdom>
      <bounding>
        <westbc>
          -180
        </westbc>
        <eastbc>
          +180
        </eastbc>
        <northbc>
          +90
        </northbc>
        <southbc>
          -90
        </southbc>
      </bounding>
    </spdom>
    <keywords>
      <theme>
        <themekt>
          NASA/GCMD Earth Science Keywords
        </themekt>
        <themekey>
          EARTH SCIENCE &gt; Land Surface  &gt; Land Use/Land Cover
        </themekey>
        <themekey>
          EARTH SCIENCE &gt; Atmosphere  &gt; Atmospheric Chemistry  &gt; Methane
        </themekey>
        <themekey>
          EARTH SCIENCE &gt; Biosphere  &gt; Aquatic Habitat
        </themekey>
        <themekey>
          EARTH SCIENCE &gt; Biosphere  &gt; Wetlands
        </themekey>
        <themekey>
          EARTH SCIENCE &gt; Biosphere  &gt; Vegetation
        </themekey>
        <themekey>
          EARTH SCIENCE &gt; Biosphere  &gt; Terrestrial Ecosystems  &gt; Wetlands
        </themekey>
        <themekey>
          EARTH SCIENCE &gt; Land Surface  &gt; Land Use/Land Cover  &gt; Land Cover
        </themekey>
        <themekey>
          EARTH SCIENCE &gt; Land Surface  &gt; Soils  &gt; Soil Classification
        </themekey>
      </theme>
      <theme>
        <themekt>
          ISO 19115 Topic Category
        </themekt>
        <themekey>
          geoscientificInformation
        </themekey>
      </theme>
      <theme>
        <themekt>
          NASA/GCMD Data Center Keywords
        </themekt>
        <themekey>
          WDC/SEG, BOULDER &gt; World Data Center for Solid Earth Geophysics, Boulder
        </themekey>
        <themekey>
          DOC/NOAA/NESDIS/NGDC &gt; National Geophysical Data Center, NESDIS, NOAA, U.S. Department of Commerce
        </themekey>
      </theme>
      <place>
        <placekt>
          NASA/GCMD Location Keywords
        </placekt>
        <placekey>
          Global
        </placekey>
      </place>
    </keywords>
    <accconst>
      None
    </accconst>
    <useconst>
      None
    </useconst>
    <ptcontac>
      <cntinfo>
        <cntorgp>
          <cntorg>
            DOC/NOAA/NESDIS/NGDC &gt; National Geophysical Data Center, NESDIS, NOAA, U.S. Department of Commerce
          </cntorg>
          <cntper>
            John J. Kineman
          </cntper>
        </cntorgp>
        <cntaddr>
          <addrtype>
            Mailing and Physical Address
          </addrtype>
          <address>
            NOAA/NESDIS/NGDC  325 Broadway   E/GC1
          </address>
          <city>
            Boulder
          </city>
          <state>
            CO
          </state>
          <postal>
            80305-3328
          </postal>
          <country>
            USA
          </country>
        </cntaddr>
        <cntvoice>
          303.497.6900
        </cntvoice>
        <cnttdd>
          303.497.6958
        </cnttdd>
        <cntfax>
          303.497.6513
        </cntfax>
        <cntemail>
          John.J.Kineman@noaa.gov
        </cntemail>
        <hours>
          7:30-5:00 Mountain
        </hours>
        <cntinst>
          Contact Data Center for information
        </cntinst>
      </cntinfo>
    </ptcontac>
    <browse>
      <browsen>
        http://www.ngdc.noaa.gov/seg/eco/cdroms/gedii_a/datasets/a09/gifs/mw.gif
      </browsen>
      <browsed>
        Five thematic layers
      </browsed>
      <browset>
        GIF
      </browset>
    </browse>
  </idinfo>
  <distinfo>
    <distrib>
      <cntinfo>
        <cntorgp>
          <cntorg>
            DOC/NOAA/NESDIS/NGDC &gt; National Geophysical Data Center, NESDIS, NOAA, U.S. Department of Commerce
          </cntorg>
          <cntper>
            User Services
          </cntper>
        </cntorgp>
        <cntaddr>
          <addrtype>
            Mailing and Physical Address
          </addrtype>
          <address>
            NOAA/NESDIS/NGDC E/GC 325 Broadway
          </address>
          <city>
            Boulder
          </city>
          <state>
            CO
          </state>
          <postal>
            80305-3328
          </postal>
          <country>
            USA
          </country>
        </cntaddr>
        <cntvoice>
          (303) 497-6826
        </cntvoice>
        <cntfax>
          (303) 497-6513
        </cntfax>
        <cntemail>
          ngdc.info@noaa.gov
        </cntemail>
        <hours>
          7:30 - 5:00 Mountain
        </hours>
      </cntinfo>
    </distrib>
    <distliab>
      Disclaimer - While every effort has been made to ensure that these data are accurate and reliable within the limits of the current state of the art, NOAA cannot assume liability for any damages caused by any errors or omissions in the data, nor as a result of the failure of the data to function on a particular system.  NOAA makes no warranty, expressed or implied, nor does the fact of distribution constitute such a warranty.
    </distliab>
    <stdorder>
      <digform>
        <digtinfo>
          <formname>
            RVF
          </formname>
        </digtinfo>
        <digtopt>
          <offoptn>
            <offmedia>
              CD-ROM
            </offmedia>
            <recfmt>
              ISO 9660
            </recfmt>
          </offoptn>
        </digtopt>
      </digform>
      <fees>
        Contact Data Center
      </fees>
      <ordering>
        Contact Data Center
      </ordering>
      <turnarnd>
        Contact Data Center
      </turnarnd>
    </stdorder>
  </distinfo>
  <metainfo>
    <metd>
      20070314
    </metd>
    <metrd>
      20050401
    </metrd>
    <metfrd>
      20090401
    </metfrd>
    <metc>
      <cntinfo>
        <cntorgp>
          <cntorg>
            DOC/NOAA/NESDIS/NGDC &gt; National Geophysical Data Center, NESDIS, NOAA, U.S. Department of Commerce
          </cntorg>
          <cntper>
            John J. Kineman
          </cntper>
        </cntorgp>
        <cntaddr>
          <addrtype>
            Mailing and Physical Address
          </addrtype>
          <address>
            NOAA/NESDIS/NGDC  325 Broadway   E/GC1
          </address>
          <city>
            Boulder
          </city>
          <state>
            CO
          </state>
          <postal>
            80305-3328
          </postal>
          <country>
            USA
          </country>
        </cntaddr>
        <cntvoice>
          303.497.6900
        </cntvoice>
        <cnttdd>
          303.497.6958
        </cnttdd>
        <cntfax>
          303.497.6513
        </cntfax>
        <cntemail>
          John.J.Kineman@noaa.gov
        </cntemail>
        <hours>
          7:30-5:00 Mountain
        </hours>
        <cntinst>
          Contact Data Center for information
        </cntinst>
      </cntinfo>
    </metc>
    <metstdn>
      Content Standards for Digital Geospatial Metadata
    </metstdn>
    <metstdv>
      FGDC-STD-001-1998
    </metstdv>
    <metac>
      None
    </metac>
    <metuc>
      None
    </metuc>
    <metextns>
      <onlink>
        http://www.ngdc.noaa.gov/metadata/extensions/local_extensions.html
      </onlink>
      <metprof>
        NGDC Extensions to FGDC Metadata
      </metprof>
    </metextns>
  </metainfo>
  
  
  
  
  
  
</metadata>
