<rdf:RDF
    xmlns:j.0="http://xmdr.org/ont/iso11179-3e3draft_r4.owl#"
    xmlns:rdf="http://www.w3.org/1999/02/22-rdf-syntax-ns#"
    xmlns:pf="java:com.hp.hpl.jena.query.pfunction.library."
    xmlns:owl="http://www.w3.org/2002/07/owl#" > 
  <rdf:Description rdf:nodeID="A0">
    <j.0:Designation.designation_context_relevant_designation rdf:nodeID="A1"/>
    <j.0:Designation.designation_sign rdf:datatype="http://www.w3.org/2001/XMLSchema#string">Protocol IRB Origin Text Type</j.0:Designation.designation_sign>
    <j.0:Designation.item rdf:resource="http://bambam.lbl.gov:8080/xmdr/content/caDSR/VD/2467303.xml"/>
    <rdf:type rdf:resource="http://www.w3.org/2002/07/owl#Thing"/>
    <rdf:type rdf:resource="http://xmdr.org/ont/iso11179-3e3draft_r4.owl#Designation"/>
  </rdf:Description>
  <rdf:Description rdf:nodeID="A2">
    <j.0:Identification.identifier_scope rdf:resource="http://bambam.lbl.gov:8080/xmdr/content/caDSR/VD/2467303.xml"/>
    <j.0:Identification.identifier_context rdf:resource="http://bambam.lbl.gov:8080/xmdr/content/admin/XMDR_Register.xml"/>
    <j.0:Identification.item_identifier rdf:datatype="http://www.w3.org/2001/XMLSchema#string">caDSR/VD/2467303.xml</j.0:Identification.item_identifier>
    <rdf:type rdf:resource="http://www.w3.org/2002/07/owl#Thing"/>
    <rdf:type rdf:resource="http://xmdr.org/ont/iso11179-3e3draft_r4.owl#Identification"/>
  </rdf:Description>
  <rdf:Description rdf:nodeID="A3">
    <j.0:Submission.submitter rdf:resource="http://bambam.lbl.gov:8080/xmdr/content/admin/XMDR_Registration_Authority.xml"/>
    <j.0:Submission.submission_contact rdf:resource="http://bambam.lbl.gov:8080/xmdr/content/admin/XMDR_Registrar.xml"/>
    <j.0:Submission.submitted_item rdf:resource="http://bambam.lbl.gov:8080/xmdr/content/caDSR/VD/2467303.xml"/>
    <rdf:type rdf:resource="http://www.w3.org/2002/07/owl#Thing"/>
    <rdf:type rdf:resource="http://xmdr.org/ont/iso11179-3e3draft_r4.owl#Submission"/>
  </rdf:Description>
  <rdf:Description rdf:nodeID="A4">
    <j.0:Registration.registration_status rdf:datatype="http://www.w3.org/2001/XMLSchema#string"></j.0:Registration.registration_status>
    <j.0:Registration.effective_date rdf:datatype="http://www.w3.org/2001/XMLSchema#date">2006-03-29</j.0:Registration.effective_date>
    <j.0:Registration.administered_item rdf:resource="http://bambam.lbl.gov:8080/xmdr/content/caDSR/VD/2467303.xml"/>
    <j.0:Registration.authority rdf:resource="http://bambam.lbl.gov:8080/xmdr/content/admin/XMDR_Registration_Authority.xml"/>
    <rdf:type rdf:resource="http://www.w3.org/2002/07/owl#Thing"/>
    <rdf:type rdf:resource="http://xmdr.org/ont/iso11179-3e3draft_r4.owl#Registration"/>
  </rdf:Description>
  <rdf:Description rdf:nodeID="A5">
    <j.0:Administration_Record.administrative_status rdf:datatype="http://www.w3.org/2001/XMLSchema#string">RELEASED</j.0:Administration_Record.administrative_status>
    <j.0:Administration_Record.explanatory_comment rdf:datatype="http://www.w3.org/2001/XMLSchema#string">Reviewed and approved administered component</j.0:Administration_Record.explanatory_comment>
    <j.0:Administration_Record.creation_date rdf:datatype="http://www.w3.org/2001/XMLSchema#date">2006-03-29</j.0:Administration_Record.creation_date>
    <j.0:Administration_Record.last_change_date rdf:datatype="http://www.w3.org/2001/XMLSchema#date">2006-06-26</j.0:Administration_Record.last_change_date>
    <rdf:type rdf:resource="http://www.w3.org/2002/07/owl#Thing"/>
    <rdf:type rdf:resource="http://xmdr.org/ont/iso11179-3e3draft_r4.owl#Administration_Record"/>
  </rdf:Description>
  <rdf:Description rdf:nodeID="A1">
    <j.0:Designation_Context.relevant_designation rdf:nodeID="A0"/>
    <j.0:Designation_Context.preferred_designation_indicator rdf:datatype="http://www.w3.org/2001/XMLSchema#boolean">true</j.0:Designation_Context.preferred_designation_indicator>
    <j.0:Designation_Context.scope rdf:resource="http://bambam.lbl.gov:8080/xmdr/content/caDSR/CTX/D9344734-8CAF-4378-E034-0003BA12F5E7.xml"/>
    <rdf:type rdf:resource="http://www.w3.org/2002/07/owl#Thing"/>
    <rdf:type rdf:resource="http://xmdr.org/ont/iso11179-3e3draft_r4.owl#Designation_Context"/>
  </rdf:Description>
  <rdf:Description rdf:nodeID="A6">
    <j.0:Definition.definition_context_relevant_definition rdf:nodeID="A7"/>
    <j.0:Definition.item rdf:resource="http://bambam.lbl.gov:8080/xmdr/content/caDSR/VD/2467303.xml"/>
    <j.0:Definition.definition_text rdf:datatype="http://www.w3.org/2001/XMLSchema#string">Text terms to capture if a protocol requires IRB approval or represents best clinical management of a subject.</j.0:Definition.definition_text>
    <j.0:Definition.definition_language rdf:datatype="http://www.w3.org/2001/XMLSchema#string">en</j.0:Definition.definition_language>
    <rdf:type rdf:resource="http://xmdr.org/ont/iso11179-3e3draft_r4.owl#Definition"/>
    <rdf:type rdf:resource="http://www.w3.org/2002/07/owl#Thing"/>
  </rdf:Description>
  <rdf:Description rdf:nodeID="A7">
    <j.0:Definition_Context.preferred_definition_indicator rdf:datatype="http://www.w3.org/2001/XMLSchema#boolean">true</j.0:Definition_Context.preferred_definition_indicator>
    <j.0:Definition_Context.relevant_definition rdf:nodeID="A6"/>
    <j.0:Definition_Context.scope rdf:resource="http://bambam.lbl.gov:8080/xmdr/content/caDSR/CTX/D9344734-8CAF-4378-E034-0003BA12F5E7.xml"/>
    <rdf:type rdf:resource="http://www.w3.org/2002/07/owl#Thing"/>
    <rdf:type rdf:resource="http://xmdr.org/ont/iso11179-3e3draft_r4.owl#Definition_Context"/>
  </rdf:Description>
  <rdf:Description rdf:nodeID="A8">
    <j.0:Designation_Context.relevant_designation rdf:nodeID="A9"/>
    <j.0:Designation_Context.preferred_designation_indicator rdf:datatype="http://www.w3.org/2001/XMLSchema#boolean">false</j.0:Designation_Context.preferred_designation_indicator>
    <j.0:Designation_Context.scope rdf:resource="http://bambam.lbl.gov:8080/xmdr/content/caDSR/CTX/D9344734-8CAF-4378-E034-0003BA12F5E7.xml"/>
    <rdf:type rdf:resource="http://www.w3.org/2002/07/owl#Thing"/>
    <rdf:type rdf:resource="http://xmdr.org/ont/iso11179-3e3draft_r4.owl#Designation_Context"/>
  </rdf:Description>
  <rdf:Description rdf:nodeID="A10">
    <j.0:Permissible_Value.permissible_value_end_date rdf:datatype="http://www.w3.org/2001/XMLSchema#date">1000-02-01</j.0:Permissible_Value.permissible_value_end_date>
    <j.0:Permissible_Value.permitted_value rdf:datatype="http://www.w3.org/2001/XMLSchema#string">IRB Protocol</j.0:Permissible_Value.permitted_value>
    <j.0:Permissible_Value.containing_domain rdf:resource="http://bambam.lbl.gov:8080/xmdr/content/caDSR/VD/2467303.xml"/>
    <j.0:Permissible_Value.permissible_value_begin_date rdf:datatype="http://www.w3.org/2001/XMLSchema#date">2006-03-29</j.0:Permissible_Value.permissible_value_begin_date>
    <j.0:Permissible_Value.meaning rdf:resource="http://bambam.lbl.gov:8080/xmdr/content/caDSR/VM/2578425.xml"/>
    <rdf:type rdf:resource="http://www.w3.org/2002/07/owl#Thing"/>
    <rdf:type rdf:resource="http://xmdr.org/ont/iso11179-3e3draft_r4.owl#Permissible_Value"/>
  </rdf:Description>
  <rdf:Description rdf:about="http://bambam.lbl.gov:8080/xmdr/content/caDSR/VD/2467303.xml">
    <rdf:type rdf:resource="http://xmdr.org/ont/iso11179-3e3draft_r4.owl#Documentable_Item"/>
    <j.0:Administered_Item.version rdf:datatype="http://www.w3.org/2001/XMLSchema#string">1.0</j.0:Administered_Item.version>
    <rdf:type rdf:resource="http://xmdr.org/ont/iso11179-3e3draft_r4.owl#Designatable_Item"/>
    <j.0:Designatable_Item.designation rdf:nodeID="A9"/>
    <rdf:type rdf:resource="http://xmdr.org/ont/iso11179-3e3draft_r4.owl#Classifiable_Item"/>
    <j.0:Value_Domain.value_domain_datatype rdf:nodeID="A11"/>
    <rdf:type rdf:resource="http://xmdr.org/ont/iso11179-3e3draft_r4.owl#Enumerated_Value_Domain"/>
    <j.0:Enumerated_Value_Domain.member rdf:nodeID="A12"/>
    <j.0:Administered_Item.registration_administered_item rdf:nodeID="A4"/>
    <j.0:Value_Domain.value_domain_maximum_character_quantity rdf:datatype="http://www.w3.org/2001/XMLSchema#integer">30</j.0:Value_Domain.value_domain_maximum_character_quantity>
    <j.0:Value_Domain.value_domain_unit_of_measure rdf:resource="http://bambam.lbl.gov:8080/xmdr/content/caDSR/OUM/null.xml"/>
    <rdf:type rdf:resource="http://xmdr.org/ont/iso11179-3e3draft_r4.owl#Registered_Item"/>
    <j.0:Value_Domain.meaning rdf:resource="http://bambam.lbl.gov:8080/xmdr/content/caDSR/CD/2008529.xml"/>
    <j.0:Value_Domain.value_domain_format rdf:datatype="http://www.w3.org/2001/XMLSchema#string"></j.0:Value_Domain.value_domain_format>
    <j.0:Enumerated_Value_Domain.member rdf:nodeID="A10"/>
    <j.0:Administered_Item.stewardship_stewarded_item rdf:nodeID="A13"/>
    <rdf:type rdf:resource="http://xmdr.org/ont/iso11179-3e3draft_r4.owl#Value_Domain"/>
    <j.0:Identified_Item.identification_identifier_scope rdf:nodeID="A2"/>
    <rdf:type rdf:resource="http://xmdr.org/ont/iso11179-3e3draft_r4.owl#Identified_Item"/>
    <rdf:type rdf:resource="http://www.w3.org/2002/07/owl#Thing"/>
    <j.0:Classifiable_Item.classification rdf:resource="http://bambam.lbl.gov:8080/xmdr/content/caDSR/RC2207966.xml"/>
    <rdf:type rdf:resource="http://xmdr.org/ont/iso11179-3e3draft_r4.owl#Administered_Item"/>
    <j.0:Designatable_Item.definition rdf:nodeID="A6"/>
    <j.0:Administered_Item.administration_record rdf:nodeID="A5"/>
    <j.0:Designatable_Item.designation rdf:nodeID="A0"/>
    <j.0:Registered_Item.submission_submitted_item rdf:nodeID="A3"/>
    <j.0:Value_Domain.usage rdf:resource="http://bambam.lbl.gov:8080/xmdr/content/caDSR/DE/2467306.xml"/>
  </rdf:Description>
  <rdf:Description rdf:nodeID="A13">
    <j.0:Stewardship.stewardship_contact rdf:resource="http://bambam.lbl.gov:8080/xmdr/content/admin/XMDR_Registrar.xml"/>
    <j.0:Stewardship.steward rdf:resource="http://bambam.lbl.gov:8080/xmdr/content/admin/XMDR_Registration_Authority.xml"/>
    <j.0:Stewardship.stewarded_item rdf:resource="http://bambam.lbl.gov:8080/xmdr/content/caDSR/VD/2467303.xml"/>
    <rdf:type rdf:resource="http://www.w3.org/2002/07/owl#Thing"/>
    <rdf:type rdf:resource="http://xmdr.org/ont/iso11179-3e3draft_r4.owl#Stewardship"/>
  </rdf:Description>
  <rdf:Description rdf:nodeID="A9">
    <j.0:Designation.designation_context_relevant_designation rdf:nodeID="A8"/>
    <j.0:Designation.designation_sign rdf:datatype="http://www.w3.org/2001/XMLSchema#string">PROT_IRB_APPR_TXT_TP</j.0:Designation.designation_sign>
    <j.0:Designation.item rdf:resource="http://bambam.lbl.gov:8080/xmdr/content/caDSR/VD/2467303.xml"/>
    <rdf:type rdf:resource="http://www.w3.org/2002/07/owl#Thing"/>
    <rdf:type rdf:resource="http://xmdr.org/ont/iso11179-3e3draft_r4.owl#Designation"/>
  </rdf:Description>
  <rdf:Description rdf:nodeID="A12">
    <j.0:Permissible_Value.permissible_value_end_date rdf:datatype="http://www.w3.org/2001/XMLSchema#date">1000-02-01</j.0:Permissible_Value.permissible_value_end_date>
    <j.0:Permissible_Value.permitted_value rdf:datatype="http://www.w3.org/2001/XMLSchema#string">BCM (Best Clinical Management)</j.0:Permissible_Value.permitted_value>
    <j.0:Permissible_Value.containing_domain rdf:resource="http://bambam.lbl.gov:8080/xmdr/content/caDSR/VD/2467303.xml"/>
    <j.0:Permissible_Value.permissible_value_begin_date rdf:datatype="http://www.w3.org/2001/XMLSchema#date">2006-03-29</j.0:Permissible_Value.permissible_value_begin_date>
    <j.0:Permissible_Value.meaning rdf:resource="http://bambam.lbl.gov:8080/xmdr/content/caDSR/VM/2578426.xml"/>
    <rdf:type rdf:resource="http://www.w3.org/2002/07/owl#Thing"/>
    <rdf:type rdf:resource="http://xmdr.org/ont/iso11179-3e3draft_r4.owl#Permissible_Value"/>
  </rdf:Description>
  <rdf:Description rdf:nodeID="A11">
    <j.0:Datatype.datatype_annotation rdf:datatype="http://www.w3.org/2001/XMLSchema#string"></j.0:Datatype.datatype_annotation>
    <j.0:Datatype.datatype_description rdf:datatype="http://www.w3.org/2001/XMLSchema#string">A character string of letters, symbols, and/or numbers</j.0:Datatype.datatype_description>
    <j.0:Datatype.datatype_scheme_reference rdf:datatype="http://www.w3.org/2001/XMLSchema#string">Not Specified</j.0:Datatype.datatype_scheme_reference>
    <j.0:Datatype.datatype_name rdf:datatype="http://www.w3.org/2001/XMLSchema#string">CHARACTER</j.0:Datatype.datatype_name>
    <rdf:type rdf:resource="http://www.w3.org/2002/07/owl#Thing"/>
    <rdf:type rdf:resource="http://xmdr.org/ont/iso11179-3e3draft_r4.owl#Datatype"/>
  </rdf:Description>
</rdf:RDF>
