<?xml version="1.0" encoding="UTF-8"?>
<mods xmlns:xlink="http://www.w3.org/1999/xlink" xmlns:xsi="http://www.w3.org/2001/XMLSchema-instance" xmlns="http://www.loc.gov/mods/v3" version="3.3" xsi:schemaLocation="http://www.loc.gov/mods/v3 http://www.loc.gov/standards/mods/v3/mods-3-3.xsd" ID="id-E8-10917">
<name type="corporate">
<namePart>United States Government Printing Office</namePart>
<role>
<roleTerm authority="marcrelator" type="text">printer</roleTerm>
<roleTerm authority="marcrelator" type="code">prt</roleTerm>
</role>
<role>
<roleTerm authority="marcrelator" type="text">distributor</roleTerm>
<roleTerm authority="marcrelator" type="code">dst</roleTerm>
</role>
</name>
<name type="corporate">
<namePart>United States</namePart>
<namePart>National Archives and Records Administration</namePart>
<namePart>Federal Register Office</namePart>
<role>
<roleTerm authority="marcrelator" type="text">author</roleTerm>
<roleTerm authority="marcrelator" type="code">aut</roleTerm>
</role>
<description>Government Organization</description>
</name>
<typeOfResource>text</typeOfResource>
<genre authority="marcgt">government publication</genre>
<language>
<languageTerm type="code" authority="iso639-2b">eng</languageTerm>
</language>
<extension>
<collectionCode>FR</collectionCode>
<category>Regulatory Information</category>
<waisDatabaseName>2008_register</waisDatabaseName>
<branch>executive</branch>
</extension>
<genre authority="marcgt">article</genre>
<titleInfo>
<title>Generalized System of Preferences (GSP): Notice Regarding the Initiation of the 2008 Annual GSP Product and Country Eligibility Practices Review and Deadlines for Filing Petitions</title>
<partName>Notices</partName>
</titleInfo>
<name type="corporate">
<namePart>United States</namePart>
<namePart>Office of the United States Trade Representative</namePart>
<role>
<roleTerm authority="marcrelator" type="text">originator</roleTerm>
<roleTerm authority="marcrelator" type="code">org</roleTerm>
</role>
<description>United States Government Agency or Subagency</description>
</name>
<abstract>This notice announces that the Office of the United States Trade Representative (USTR) will receive petitions in 2008 to modify the list of products that are eligible for duty-free treatment under the GSP program and to modify the GSP status of certain GSP beneficiary developing countries because of country practices. This notice further determines that the deadline for submission of product petitions, other than those requesting competitive need limitation (CNL) waivers, and country practice petitions for the 2008 Annual GSP Product and Country Eligibility Practices Review is 5 p.m., Wednesday, June 18, 2008. The deadline for submission of product petitions requesting CNL waivers is 5 p.m., Thursday, November 13, 2008. The list of product petitions and country practice petitions accepted for review will be announced in the Federal Register at later dates.</abstract>
<identifier type="FR citation">73 FR 28174</identifier>
<identifier type="uri">http://www.gpo.gov/fdsys/granule/FR-2008-05-15/E8-10917</identifier>
<identifier type="FR Doc No.">E8-10917</identifier>
<identifier type="former granule identifier">fr15my08-94</identifier>
<identifier type="billing code">3190-W8-P</identifier>
<location>
<url displayLabel="Content Detail" access="object in context">http://www.gpo.gov/fdsys/granule/FR-2008-05-15/E8-10917/content-detail.html</url>
<url displayLabel="PDF rendition" access="raw object">http://www.gpo.gov/fdsys/pkg/FR-2008-05-15/pdf/E8-10917.pdf</url>
<url displayLabel="HTML rendition" access="raw object">http://www.gpo.gov/fdsys/pkg/FR-2008-05-15/html/E8-10917.html</url>
</location>
<physicalDescription>
<extent>2 p.</extent>
</physicalDescription>
<part type="Notices">
<extent unit="pages">
<start>28174</start>
<end>28175</end>
</extent>
</part>
<identifier type="preferred citation">73 FR 28174</identifier>
<extension>
<searchTitle>Generalized System of Preferences (GSP): Notice Regarding the Initiation of the 2008 Annual GSP Product and Country Eligibility Practices Review and Deadlines for Filing Petitions; Federal Register Vol. 73, Issue </searchTitle>
<granuleClass>NOTICE</granuleClass>
<accessId>E8-10917</accessId>
<agency order="1">OFFICE OF THE UNITED STATES TRADE REPRESENTATIVE</agency>
<billingCode>3190-W8-P</billingCode>
<frDocNumber>E8-10917</frDocNumber>
<action>Notice and Solicitation for Public Petitions.</action>
<summary>This notice announces that the Office of the United States Trade Representative (USTR) will receive petitions in 2008 to modify the list of products that are eligible for duty-free treatment under the GSP program and to modify the GSP status of certain GSP beneficiary developing countries because of country practices. This notice further determines that the deadline for submission of product petitions, other than those requesting competitive need limitation (CNL) waivers, and country practice petitions for the 2008 Annual GSP Product and Country Eligibility Practices Review is 5 p.m., Wednesday, June 18, 2008. The deadline for submission of product petitions requesting CNL waivers is 5 p.m., Thursday, November 13, 2008. The list of product petitions and country practice petitions accepted for review will be announced in the Federal Register at later dates.</summary>
<contact>Contact the GSP Subcommittee of the Trade Policy Staff Committee, Office of the United States Trade Representative, 1724 F Street, NW., Room F-220, Washington, DC 20508. The telephone number is (202) 395-6971, the facsimile number is (202)</contact>
<tocSubject1>Generalized System of Preferences:</tocSubject1>
<tocDoc>Initiation of the 2008 Annual GSP Product and Country Eligibility Practices Review and Deadlines for Filing Petitions, </tocDoc>
<emailRef>FR0807@ustr.eop.gov</emailRef>
<urlRef>http://www.ustr.gov/assets/Trade_Development/Preference_Programs/GSP/asset_upload_file666_8359.pdf</urlRef>
</extension>
<relatedItem type="host" ID="" xlink:href="http://www.gpo.gov/fdsys/pkg/FR-2008-05-15/mods.xml">
<titleInfo>
<title>Federal Register</title>
<partNumber>Vol. 73, no. 95</partNumber>
</titleInfo>
<originInfo>
<publisher>Office of the Federal Register, National Archives and Records Administration</publisher>
<dateIssued encoding="w3cdtf">2008-05-15</dateIssued>
<issuance>continuing</issuance>
<frequency>daily</frequency>
</originInfo>
<physicalDescription>
<note type="source content type">deposited</note>
<digitalOrigin>born digital</digitalOrigin>
<extent>294 p.</extent>
</physicalDescription>
<tableOfContents xlink:href="http://www.gpo.gov/fdsys/pkg/FR-2008-05-15/toc.html">
    Table of Contents: 
  </tableOfContents>
<classification authority="sudocs">AE 2.7:</classification>
<classification authority="sudocs">GS 4.107:</classification>
<classification authority="sudocs">AE 2.106:</classification>
<classification authority="lcc">KF70.A2</classification>
<identifier type="uri">http://www.gpo.gov/fdsys/pkg/FR-2008-05-15</identifier>
<identifier type="issn">0097-6326</identifier>
<identifier type="issn">0042-1219</identifier>
<identifier type="issn">0364-1406</identifier>
<identifier type="stock number">769-004-00000-9</identifier>
<identifier type="ILS system id">000582072</identifier>
<identifier type="former identifier">fr15my08</identifier>
<location>
<url displayLabel="Content Detail" access="object in context">http://www.gpo.gov/fdsys/pkg/FR-2008-05-15/content-detail.html</url>
<url displayLabel="PDF rendition" access="raw object">http://www.gpo.gov/fdsys/pkg/FR-2008-05-15/pdf/FR-2008-05-15.pdf</url>
</location>
<part type="issue">
<extent unit="pages">
<start>28025</start>
<end>28318</end>
</extent>
</part>
<recordInfo>
<recordContentSource authority="marcorg">DGPO</recordContentSource>
<recordCreationDate encoding="w3cdtf">2009-01-09</recordCreationDate>
<recordChangeDate encoding="w3cdtf">2009-01-09</recordChangeDate>
<recordIdentifier source="DGPO">FR-2008-05-15</recordIdentifier>
<recordOrigin>machine generated</recordOrigin>
<languageOfCataloging>
<languageTerm type="code" authority="iso639-2b">eng</languageTerm>
</languageOfCataloging>
</recordInfo>
<extension>
<docClass>FR</docClass>
<accessId>FR-2008-05-15</accessId>
<volume>73</volume>
<issue>95</issue>
</extension>
</relatedItem>
</mods>
