<?xml version="1.0"?>
<metadata>
  <idinfo>
    <citation>
      <citeinfo>
        
        <origin>Jackson, Thomas J.</origin>
        

        <title>Soil Moisture Experiments (SMEX) 2002 Data Sets</title>

        <onlink>http://daac.ornl.gov/data/bluangel_harvest/RGED/QC/basic/soils/smex2.xml</onlink>
        
        <onlink>http://nsidc.org/data/amsr_validation/soil_moisture/smex02/about_smex02.html</onlink>
        
        
        <onlink></onlink>
        
      </citeinfo>
    </citation>
    <descript>
      <abstract>The Advanced Microwave Scanning Radiometer - Earth Observing System (AMSR-E) - is a mission instrument launched aboard NASA's Aqua Satellite on 4 May 2002. The Soil Moisture Experiments (SMEX) are designed to evaluate the accuracy of AMSR-E soil moisture data. Specific validation objectives include: assessing and refining soil moisture algorithm performance; verifying soil moisture estimation accuracy; investigating the effects of vegetation, surface temperature, topography, and soil texture on soil moisture accuracy; and determining the regions that are useful for AMSR-E soil moisture measurements.

The main elements of the Soil Moisture Experiments (SMEX) 2002 were to:

1. Study land-atmosphere interactions and extend remote sensing observations and algorithms to more challenging vegetation conditions than previously studied;   
2. Validate AMSR-E satellite brightness temperature and soil moisture measurements; and
3. Evaluate new instrument technologies for soil moisture remote sensing.

The following SMEX02 data sets are available for AMSR-E Validation soil moisture experiments:

Ground Soil Moisture Data: 
SMEX02 Soil Climate Analysis Network (SCAN) Station 2031, Ames, Iowa
SMEX02 Iowa Regional Ground Soil Moisture Data
SMEX02 Soil Moisture and Temperature Profiles, Walnut Creek, Iowa
SMEX02 Sliced Core Soil Moisture Data, Walnut Creek Watershed, Iowa
SMEX02 Watershed Soil Moisture Data, Walnut Creek, Iowa
SMEX02 Watershed Vitel Network Soil Moisture Data, Walnut Creek, Iowa

Aircraft Remote Sensing Data:  	   	
SMEX02 Passive and Active L and S band System (PALS) Data 	
SMEX02 Airborne GPS Bistatic Radar Data, Iowa 	
SMEX02 Aircraft Polarimetric Scanning Radiometer (PSR) Data 	
SMEX02 Airborne Synthetic Aperture Radar (AIRSAR) Data, Iowa 	
SMEX02 Electronically Steered Thinned Aperture Radiometer (ESTAR)

Satellite Remote Sensing Data:  	   	
SMEX02 Iowa Satellite Vegetation and Water Index (NDVI and NDWI) Data 
SMEX02 AMSR-E Level-3 Daily Gridded Brightness Temperatures, Iowa 	
SMEX02 ASTER Level 1B Data, Iowa 	
SMEX02 European Remote Sensing Satellite 2 (ERS-2) AMI Data, Iowa 	
SMEX02 Landsat Thematic Mapper Imagery, Iowa 	
SMEX02 Landsat 5 and 7 Thematic Mapper Land Surface Brightness Temperatures 	
SMEX02 SSM/I Brightness Temperature Data, Iowa 	
SMEX02 QuickSCAT/SeaWinds Data

Vegetation Data:  	   	
SMEX02 Regional Vegetation Sampling Data, Iowa 	
SMEX02 Watershed Vegetation Sampling Data, Walnut Creek, Iowa 	
SMEX02 Vegetation Water Content, Iowa Regional and Walnut Creek Watershed

Meteorological Data: 	   	
SMEX02 Rain Gauge Network, Walnut Creek, Iowa 	
SMEX02 Atmospheric Aerosol Optical Properties Data 	
SMEX02 CODIAC Soil Climate Analysis Network (SCAN) Data, Iowa 	
SMEX02 Tower-Based Radiometric Surface Temperature, Walnut Creek, Iowa 	
SMEX02 Soil Moisture-Atmosphere Coupling Experiment (SMACEX) Walnut Creek, Iowa 	
SMEX02 Balloon-borne Radiosonde Data, Iowa

Ancillary Data:  	
SMEX02 Land Surface Information: Geolocation, Surface Roughness, and Photographs	
SMEX02 Land Surface Information: Land Use Classification 	
SMEX02 Land Surface Information: Soils Database</abstract>
      <supplinf></supplinf>
    </descript>
    <timeperd>
      <timeinfo>
        <rngdates>
          <begdate>20020531</begdate>
          <enddate>20020821</enddate>
        </rngdates>
      </timeinfo>
    </timeperd>
    <status>
      <progress>Final</progress>
      <update> As appropriate</update>
    </status>
    <spdom>
      <bounding>
        <westbc>-93.841</westbc>
        <eastbc>-93.161</eastbc>
        <northbc>42.732</northbc>
        <southbc>41.694</southbc>
      </bounding>
    </spdom>
    <keywords>
      <theme>
        <themekt>Parameter_Sensor_Source</themekt>
        
        <themekey>SOIL MOISTURE/WATER CONTENT|ANALYSIS|COMPUTER MODEL</themekey>
        
        
        <themekt>Parameter</themekt>
        
        <themekey>SOIL MOISTURE/WATER CONTENT</themekey>
        
        
        <themekt>Source</themekt>
        
        <themekey>COMPUTER MODEL</themekey>
        
        
        <themekt>Sensor</themekt>
        
        <themekey>ANALYSIS</themekey>
        
      </theme>
      
      <place>
        <placekt>Place Keywords</placekt>
        
        <placekey>Iowa Regional</placekey>
        
      </place>
    </keywords>
    
    <ptcontac>
      <cntinfo>
        <cntperp>
          <cntper>Jackson, Thomas J.</cntper>
        </cntperp>
        <cntfax>6.1.10.8 Contact Electronic Mail: INTERNET &amp;gt; tjackson@hydrolab.arsusda.gov</cntfax>
      </cntinfo>
    </ptcontac>
  </idinfo>
  <distinfo>
    <distrib>
      <cntinfo>
        <cntperp>
          <cntorg>National Snow and Ice Data Center, University of Colorado, Boulder, Colorado USA</cntorg>
          <cntper>Laymon, Dr. Charles</cntper>
        </cntperp>
        <cntvoice>NA</cntvoice>
        <cntfax>6.1.10.8 Contact Electronic Mail: INTERNET &amp;gt; tjackson@hydrolab.arsusda.gov</cntfax>
        <cntemail>charles.laymon@msfc.nasa.gov</cntemail>
      </cntinfo>
    </distrib>
    <stdorder>
      <digform>
        <digtopt>
          <onlinopt>
            <computer>http://nsidc.org/data/amsr_validation/</computer>
            <accinstr>Public</accinstr>
          </onlinopt>
        </digtopt>
      </digform>
    </stdorder>
    <resdesc>Soil Moisture Experiments (SMEX) 2002 Data Sets. Available online at [http://nsidc.org/data/amsr_validation/soil_moisture/smex02/] from the National Snow and Ice Data Center, University of Colorado, Boulder, Colorado USA.</resdesc>
  </distinfo>
  <metainfo>
    <metd>20070917 121135</metd>
    <metc>
      <cntinfo>
        <cntorgp>
          <cntper>Curtis, Carroll</cntper>
        </cntorgp>
        <cntperp>
          <cntper>Curtis, Carroll</cntper>
        </cntperp>
        <cntvoice>+1-804-769-2495</cntvoice>
        <cntemail>cncurtis@crosslink.net</cntemail>
      </cntinfo>
    </metc>
    <metstdn>FGDC Content Standard for Digital Geospatial Metadata</metstdn>
  </metainfo>
 
  
</metadata>
