Time,F-Scale,Location,County,State,Lat,Lon,Comments
2135,UNK,15 WNW GRANT,PERKINS,NE,40.93,-101.99,(LBF)
2140,UNK,7 SW BIG SPRINGS,SEDGWICK,CO,40.99,-102.17,(LBF)
2145,UNK,13 NNE BRANDON,PERKINS,NE,40.98,-101.84,(LBF)
Time,Speed,Location,County,State,Lat,Lon,Comments
1920,UNK,HAHNVILLE,ST. CHARLES,LA,29.97,-90.42,A TREE WAS BLOWN DOWN. (LIX)
2007,UNK,6 ENE WHITEVILLE,COLUMBUS,NC,34.37,-78.62,TREE LIMB UP TO 8 INCH DIAMETER WAS DOWN ALONG WITH A LARGE TREE ALONG WHITEHALL ROAD. DAMAGE TO CORN FIELD WAS ALSO OBSERVED. (ILM)
2045,UNK,GULFPORT,HARRISON,MS,30.39,-89.07,A TOWER WAS BLOWN DOWN. (LIX)
2057,UNK,1 E HINESVILLE,LIBERTY,GA,31.85,-81.58,1 TREE FELL ON A POWERLINE ON MARY LOU DRIVE. TIME ESTIMATED BY RADAR. (CHS)
2150,UNK,7 SE JULESBURG,SEDGWICK,CO,40.92,-102.17,SECTION OF IRRIGATION PIVOT FLIPPED (BOU)
2310,UNK,NORTH PLATTE,LINCOLN,NE,41.13,-100.77,SIX INCH TREE BRANCH BROKEN BY THUNDERSTORM WIND GUST. (LBF)
0000,60,8 SE BRADY,LINCOLN,NE,40.94,-100.26,(LBF)
0023,70,WILLOW ISLAND,DAWSON,NE,40.88,-100.07,60 TO 70 MPH WINDS (GID)
0025,60,8 W OCONTO,CUSTER,NE,41.14,-99.91,(LBF)
0140,UNK,15 NW VIRGINIA,ST. LOUIS,MN,47.67,-92.74,SEVERAL LARGE TREES BLOWN DOWN NEAR LAKE FOURTEEN. TIME ESTIMATED FROM RADAR. (DLH)
0140,UNK,14 NW ISABELLA,LAKE,MN,47.76,-91.57,FEW TREES BLOWN DOWN. TIME ESTIMATED FROM RADAR (DLH)
0145,UNK,15 NNW GRAND RAPIDS,ITASCA,MN,47.43,-93.65,LARGE TREES BLOWN DOWN. TIME ESTIMATED FROM RADAR. (DLH)
0155,UNK,4 N GRAND RAPIDS,ITASCA,MN,47.29,-93.52,TREES BLOWN DOWN. TIME ESTIMATED FROM RADAR. (DLH)
0155,UNK,1 NW ISABELLA,LAKE,MN,47.63,-91.37,APPROXIMATELY 40 ACRES OF LARGE TREES BLOWN DOWN BY MICROBURST FROM 1 NW ISABELLA TO 1 NE ISABELLA. (DLH)
0205,UNK,8 E VIRGINIA,ST. LOUIS,MN,47.52,-92.34,TREES BLOWN DOWN. TIME ESTIMATED FROM RADAR. (DLH)
0210,UNK,12 SE GRAND RAPIDS,ITASCA,MN,47.11,-93.34,TREES SNAPPED OFF AND BLOWN DOWN ALONG HIGHWAY 2. TIME ESTIMATED FROM RADAR. (DLH)
0220,UNK,13 ESE ISABELLA,LAKE,MN,47.54,-91.1,MANY TREES BLOWN DOWN NEAR NINEMILE LAKE. (DLH)
0253,59,IVINS,WASHINGTON,UT,37.16,-113.67,(SLC)
0320,UNK,5 NNE BOWSTRING,ITASCA,MN,47.61,-93.76,14 INCH DIAMETER TREE DOWN ON THE NORTH SIDE OF BOWSTRING LAKE (DLH)
0435,UNK,1 NW SWAN RIVER,ITASCA,MN,47.1,-93.21,TREES DOWN. TIME ESTIMATED. (DLH)
0448,UNK,1 WNW FLOODWOOD,ST. LOUIS,MN,46.93,-92.94,TREES DOWN. TIME ESTIMATED. (DLH)
0702,61,GRAND ISLAND,HALL,NE,40.92,-98.37,GUSTS CAUSED BY HEAT BURST. (GID)
0729,UNK,6 WSW CHAPMAN,MERRICK,NE,40.99,-98.27,61 MPH WINDS FROM A HEAT BURST. (GID)
0810,60,AURORA,HAMILTON,NE,40.87,-98,GUST CAUSED BY HEAT BURST. (GID)
0837,UNK,CENTRAL CITY,MERRICK,NE,41.11,-98,POWER OUTAGES AND LARGE TREE LIMBS DOWN ACROSS TOWN DUE TO THUNDERSTORM WIND GUSTS. (GID)
0900,UNK,YORK,YORK,NE,40.87,-97.6,12 TO 15 INCH DIAMETER TREE LIMB WAS BLOWN DOWN. (GID)
Time,Size,Location,County,State,Lat,Lon,Comments
1930,100,6 ENE WHITEVILLE,COLUMBUS,NC,34.37,-78.61,QUARTER SIZE HAIL WAS REPORTED. (ILM)
2007,100,6 ENE WHITEVILLE,COLUMBUS,NC,34.37,-78.62,QUARTER SIZE HAIL REPORTED. NWS EMPLOYEE VERIFIED REPORT AT THE LOCATION. EVENT STARTED AT 407 PM AND ENDED AT 412 PM EDT. (ILM)
2225,75,10 SW SUTHERLAND,LINCOLN,NE,41.06,-101.26,(LBF)
2253,75,RENO,WASHOE,NV,39.54,-119.82,3/4 INCH HAIL REPORTED AT MCCARREN AND KIETZKE IN RENO (REV)
2314,100,3 S NORTH PLATTE,LINCOLN,NE,41.09,-100.77,THUNDERSTORM WIND GUSTS ESTIMATED AT 60 MPH BY NWS EMPLOYEE. (LBF)
2330,88,5 WNW WELLFLEET,LINCOLN,NE,40.78,-100.82,NICKEL SIZE HAIL COVERING THE GROUND. (LBF)
2354,75,10 S STAPLETON,LINCOLN,NE,41.34,-100.51,(LBF)
0030,100,2 SW SHOOKS,BELTRAMI,MN,47.85,-94.47,(FGF)
0040,100,9 NNE ARNOLD,CUSTER,NE,41.54,-100.13,(LBF)
0118,100,LITCHFIELD,SHERMAN,NE,41.16,-99.15,(GID)
0126,100,8 WNW KEARNEY,BUFFALO,NE,40.74,-99.23,52 MPH MEASURED WIND GUST WITH THE QUARTER SIZE HAIL (GID)
0130,75,TALMOON,ITASCA,MN,47.6,-93.77,(DLH)
0132,75,WIRT,NORTHWEST ITASCA,MN,47.73,-93.96,(DLH)
0155,75,ISABELLA,LAKE,MN,47.62,-91.36,(DLH)
0228,100,KELLIHER,BELTRAMI,MN,47.94,-94.45,(FGF)
0305,100,3 W SQUAW LAKE,ITASCA,MN,47.63,-94.21,(DLH)
0308,100,15 NNW NASHWAUK,ITASCA,MN,47.58,-93.29,COVERING GROUND AND GETTING LARGER. TREE DOWN. (DLH)
0315,100,RED LAKE,BELTRAMI,MN,47.88,-95.02,(FGF)
0318,100,16 N DEER RIVER,ITASCA,MN,47.57,-93.79,(DLH)
0334,100,3 N MARCELL,ITASCA,MN,47.64,-93.69,STATE HWY 38 AND ITASCA COUNTY ROAD 43 (DLH)
0340,100,DEER RIVER,NORTHWEST ITASCA,MN,47.34,-93.79,SOME LARGER. (DLH)
0357,88,COLERAINE,SOUTHERN ITASCA,MN,47.31,-93.42,(DLH)
0401,100,COLERAINE,ITASCA,MN,47.31,-93.42,(DLH)
0537,88,MEADOWLANDS,ST. LOUIS,MN,47.07,-92.73,(DLH)
0546,175,4 SW COZAD,DAWSON,NE,40.82,-100.04,(GID)
