<?xml version="1.0" encoding="UTF-8"?>
<?xml-stylesheet type="text/xsl" href="billres.xsl"?>
<!--<?xml version="1.0"?>-->
<!--<!DOCTYPE bill PUBLIC "-//US Congress//DTDs/bill.dtd//EN" "C:\Program Files\Blast Radius\rules\bill.dtd" []>-->
<!DOCTYPE bill PUBLIC "-//US Congress//DTDs/bill v2.8 20020720//EN" "http://thomas.loc.gov/dtd/bill.dtd">
<bill bill-stage="Introduced-in-House" bill-type="olc" dms-id="HA43BDB066EDA456F9D0038D000691344" public-private="public">
<metadata xmlns:dc="http://purl.org/dc/elements/1.1/">
<dublinCore>
<dc:title>110 HR 6959 IH: To amend the Higher Education Act of 1965 to clarify the
</dc:title>
<dc:publisher>U.S. House of Representatives</dc:publisher>
<dc:date>2008-09-18</dc:date>
<dc:format>text/xml</dc:format>
<dc:language>EN</dc:language>
<dc:rights>Pursuant to Title 17 Section 105 of the United States Code, this file is not subject to copyright protection and is in the public domain.</dc:rights>
</dublinCore>
</metadata>
	<form>
		<distribution-code display="yes">I</distribution-code>
		<congress>110th CONGRESS</congress>
		<session>2d Session</session>
		<legis-num>H. R. 6959</legis-num>
		<current-chamber>IN THE HOUSE OF REPRESENTATIVES</current-chamber>
		<action>
			<action-date date="20080918">September 18, 2008</action-date>
			<action-desc><sponsor name-id="B001259">Mr. Braley of Iowa</sponsor>
			 (for himself, <cosponsor name-id="K000365">Mr. Kagen</cosponsor>,
			 <cosponsor name-id="L000565">Mr. Loebsack</cosponsor>, and
			 <cosponsor name-id="L000111">Mr. Latham</cosponsor>) introduced the following
			 bill; which was referred to the <committee-name committee-id="HED00">Committee
			 on Education and Labor</committee-name></action-desc>
		</action>
		<legis-type>A BILL</legis-type>
		<official-title>To amend the Higher Education Act of 1965 to clarify the
		  procedures for awarding grants and contracts for Federal Trio
		  Programs.</official-title>
	</form>
	<legis-body id="H37604F2D37D7480699259FCD9C893B00" style="OLC">
		<section id="HA6175AE024AC4E8FB0B6E4545B00DEC1" section-type="section-one"><enum>1.</enum><header>Short title</header><text display-inline="no-display-inline">The Act may be cited as the <quote>Fair
			 Funding for Upward Bound Act</quote>.</text>
		</section><section id="HC7D79CA74B9548A0857483648404F146"><enum>2.</enum><header>Procedures for
			 awarding grants and contracts for Federal Trio Programs</header><text display-inline="no-display-inline">Section 402A(c) of the Higher Education Act
			 of 1965 (<external-xref legal-doc="usc" parsable-cite="usc/20/1070a-11">20 U.S.C. 1070a–11(c)</external-xref>) is amended—</text>
			<paragraph commented="no" id="H756B2F58412F4D21A6F166F968155803"><enum>(1)</enum><text>in paragraph (1),
			 by adding at the end the following: <quote>An application shall not receive a
			 lower peer review score for failing to contain any information or assurances
			 not specified by the Secretary in the guidance issued by the Secretary pursuant
			 to paragraphs (8)(A) or (8)(B). Not later than 30 days before the date of
			 implementation of any changes in the procedures for awarding grants and
			 contracts not specified in the guidance issued by the Secretary pursuant to
			 paragraphs (8)(A) or (8)(B), the Secretary shall notify all applicants of all
			 such changes.</quote>;</text>
			</paragraph><paragraph id="H21FA3929354448CD807551BBDBC2738C"><enum>(2)</enum><text>in paragraph
			 (2)(A), by adding at the end the following: <quote>The method for considering
			 the factor of prior experience for an application shall be consistent for each
			 program year such factor is considered for such application. The Secretary
			 shall annually notify each applicant of the peer review score awarded for prior
			 experience for such applicant.</quote>; and</text>
			</paragraph><paragraph id="HC3072C68CFCA4FD798455E8076472000"><enum>(3)</enum><text>by adding at the
			 end the following:</text>
				<quoted-block display-inline="no-display-inline" id="H262A0E14DCA642EEBED83D0062ED00BB" style="OLC">
					<paragraph id="H3CB5521053D544228B62466036078F73"><enum>(9)</enum><header>Reports to
				Congress</header>
						<subparagraph id="H76DE3CA8322E45C6B37027AFE0BD0014"><enum>(A)</enum><header>In
				general</header><text display-inline="yes-display-inline">Not later than 90
				days before the Secretary issues guidance pursuant to paragraph (8)(A), the
				Secretary shall submit a report to the Committee on Education and Labor, and
				the Committee on Oversight and Government Reform, of the House of
				Representatives, and the Committee on Health, Education, Labor, and Pensions of
				the Senate, on the procedures for awarding grants and contracts under this
				chapter, including the eligibility requirements, application process, and
				application deadlines described in the guidance issued by the Secretary
				pursuant to paragraph (8)(A). The report shall also contain the application and
				instructions on application requirements given to applicants.</text>
						</subparagraph><subparagraph id="HC43E8B3AED8A41B7A8EC597C88B21E9D"><enum>(B)</enum><header>Future
				Reporting</header><text display-inline="yes-display-inline">Not later than 30
				days before the date the Secretary updates and publishes the guidance under
				paragraph (8)(B), the Secretary shall submit a report on such updates to the
				Committee on Education and Labor, and the Committee on Oversight and Government
				Reform, of the House of Representatives, and the Committee on Health,
				Education, Labor, and Pensions of the Senate.</text>
						</subparagraph></paragraph><after-quoted-block>.</after-quoted-block></quoted-block>
			</paragraph></section></legis-body>
</bill>


