<?xml version="1.0" encoding="UTF-8"?>
<?xml-stylesheet type="text/xsl" href="billres.xsl"?>
<!--<?xml version="1.0"?>-->
<!--<!DOCTYPE bill PUBLIC "-//US Congress//DTDs/bill.dtd//EN" "C:\Program Files\Corel\rules\bill.dtd">-->
<!DOCTYPE bill PUBLIC "-//US Congress//DTDs/bill v2.8 20020720//EN" "http://thomas.loc.gov/dtd/bill.dtd">
<bill bill-stage="Introduced-in-House" bill-type="olc" dms-id="H52CBF1917EDF43518700353B1B3444C8" public-private="public"> 
<metadata xmlns:dc="http://purl.org/dc/elements/1.1/">
<dublinCore>
<dc:title>110 HR 5000 IH: To suspend temporarily the duty on mixtures containing (R)–2-[4-(6-chloro-1,3-benzoxazol-2-yloxy)phenoxy]propionate (Fenoxaprop Ethyl), (CAS No. 71283–80–2), 5-hydroxy-1,3-dimethylpyrazol-4-yl 2-mesyl-4-(trifluoromethyl)phenyl ketone (Pyrafulfotole) (CAS No. 365400–11–9), 2,6-dibromo-4-cyanophenyl octanoate (Bromoxynil octanoate) (CAS No. 1689–99–2), and 2,6-dibromo-4-cyanophenyl heptanoate (Bromoxynil heptanoate) (CAS No. 56634–95–8).</dc:title>
<dc:publisher>U.S. House of Representatives</dc:publisher>
<dc:date>2008-01-16</dc:date>
<dc:format>text/xml</dc:format>
<dc:language>EN</dc:language>
<dc:rights>Pursuant to Title 17 Section 105 of the United States Code, this file is not subject to copyright protection and is in the public domain.</dc:rights>
</dublinCore>
</metadata>
<form> 
<distribution-code display="yes">I</distribution-code> 
<congress>110th CONGRESS</congress> <session>2d Session</session> 
<legis-num>H. R. 5000</legis-num> 
<current-chamber>IN THE HOUSE OF REPRESENTATIVES</current-chamber> 
<action> 
<action-date date="20080116">January 16, 2008</action-date> 
<action-desc><sponsor name-id="N000182">Mr. Neugebauer</sponsor> introduced the following bill; which was referred to the <committee-name committee-id="HWM00">Committee on Ways and Means</committee-name></action-desc> 
</action> 
<legis-type>A BILL</legis-type> 
<official-title>To suspend temporarily the duty on mixtures containing (R)–2-[4-(6-chloro-1,3-benzoxazol-2-yloxy)phenoxy]propionate (Fenoxaprop Ethyl), (CAS No. 71283–80–2), 5-hydroxy-1,3-dimethylpyrazol-4-yl 2-mesyl-4-(trifluoromethyl)phenyl ketone (Pyrafulfotole) (CAS No. 365400–11–9), 2,6-dibromo-4-cyanophenyl octanoate (Bromoxynil octanoate) (CAS No. 1689–99–2), and 2,6-dibromo-4-cyanophenyl heptanoate (Bromoxynil heptanoate) (CAS No. 56634–95–8).</official-title> 
</form> 
<legis-body id="H61FA04CBED47492BBB95719E3D01A376" style="OLC"> 
<section display-inline="no-display-inline" id="H264880BE7AE04A909738D113DCC4EBB7" section-type="section-one"><enum>1.</enum><header>Mixtures containing (R)-2-[4-(6-chloro-1,3-benzoxazol-2-yloxy)phenoxy]propionate (Fenoxaprop Ethyl) (CAS No. 71283–80–2), 5-hydroxy-1,3-dimethylpyrazol-4-yl 2-mesyl-4-(trifluoromethyl)phenyl ketone (Pyrafulfotole) (CAS No. 365400–11–9), 2,6-dibromo-4-cyanophenyl octanoate (Bromoxynil octanoate) (CAS No. 1689–99–2), and 2,6-dibromo-4-cyanophenyl heptanoate (Bromoxynil heptanoate) (CAS No. 56634–95–8)</header> 
<subsection id="H5C6D9E22B107400394200961BC279BCD"><enum>(a)</enum><header>In general</header><text>Subchapter II of chapter 99 of the Harmonized Tariff Schedule of the United States is amended by inserting in numerical sequence the following new heading:</text> 
<quoted-block display-inline="no-display-inline" id="H09F332D29CF04A5D8700005D45D821A0" style="OLC"> 
<table align-to-level="section" blank-lines-before="1" colsep="1" frame="none" line-rules="hor-ver" rowsep="0" rule-weights="0.0.0.0.4.17" subformat="S6211" table-template-name="Duty Suspension, 8 Column" table-type="exception-quote"> 
<tgroup block-style="1" cols="8" grid-typeface="1.1" rowsep="0" thead-tbody-ldg-size="0.7.9"><colspec coldef="txt-no-ldr-no-spread" colname="column1" colwidth="8pts" min-data-value="8"/><colspec coldef="txt-no-ldr-no-spread" colname="column2" colwidth="57.75pt" min-data-value="35"/><colspec coldef="txt" colname="column3" colwidth="157.50pt" min-data-value="60"/><colspec coldef="txt-no-ldr-no-spread" colname="column4" colwidth="34.00pt" min-data-value="25"/><colspec coldef="txt-no-ldr-no-spread" colname="column5" colwidth="40.00pt" min-data-value="38"/><colspec coldef="txt-no-ldr-no-spread" colname="column6" colwidth="43.25pt" min-data-value="38"/><colspec coldef="txt-no-spread" colname="column7" colwidth="57.50pt" min-data-value="38"/><colspec coldef="fig" colname="column8" colwidth="11.25pt" min-data-value="3"/> 
<tbody> 
<row><entry align="left" colname="column1" leader-modify="clr-ldr" rowsep="0" stub-definition="txt-clr" stub-hierarchy="1"></entry><entry align="left" colname="column2" leader-modify="clr-ldr" rowsep="0" valign="top">9902._._</entry><entry align="left" colname="column3" leader-modify="force-ldr-bottom" rowsep="0" valign="bottom">Mixtures containing (R)-2-[4-(6-chloro-1,3-benzoxazol-2-yloxy)phenoxy]propionate (Fenoxaprop Ethyl) (CAS No. 71283–80–2), 5-hydroxy-1,3-dimethylpyrazol-4-yl 2-mesyl-4-(trifluoromethyl)phenyl ketone (Pyrafulfotole) (CAS No. 365400–11–9), 2,6-dibromo-4-cyanophenyl octanoate (Bromoxynil octanoate) (CAS No. 1689–99–2), and 2,6-dibromo-4-cyanophenyl heptanoate (Bromoxynil heptanoate) (CAS No. 56634–95–8) (provided for in subheading 3808.93.15)</entry><entry align="left" colname="column4" leader-modify="clr-ldr" rowsep="0" valign="bottom">Free</entry><entry align="left" colname="column5" leader-modify="clr-ldr" rowsep="0" valign="bottom">No change</entry><entry align="left" colname="column6" leader-modify="clr-ldr" rowsep="0" valign="bottom">No change</entry><entry align="left" colname="column7" leader-modify="force-ldr-bottom" rowsep="0" valign="bottom">On or before 12/31/2011</entry><entry align="right" colname="column8" rowsep="0" valign="bottom"></entry> </row> </tbody> </tgroup></table> <after-quoted-block>.</after-quoted-block></quoted-block> </subsection> 
<subsection id="H5AFE871FA8704CAC8920C210274DF9E1"><enum>(b)</enum><header>Effective date</header><text>The amendment made by subsection (a) applies to articles entered, or withdrawn from warehouse for consumption, on or after the 15th day after the date of the enactment of this Act.</text> </subsection></section> 
</legis-body> 
</bill> 


