Table with row headers in column A and column headers in rows 9 through 10.,,,,,,,,
Census 2000 PHC-T-32.  Disability Status of the Civilian Noninstitutionalized Population by Sex and Selected Characteristics for the United States and Puerto Rico:  2000,,,,,,,,
Table 3.  Employment and Earnings by Disability Status for Civilian Noninstitutionalized Men 21 to 64 Years:  2000,,,,,,,,
"Source:  U.S. Census Bureau, Census 2000.",,,,,,,,
"Internet release date:  April 14, 2004.",,,,,,,,
CALIFORNIA,,,,,,,,
(leading dots indicate sub-parts),,,,,,,,
"[Data based on a sample.  For information on confidentiality, sampling errors, nonsampling error, and definitions, see www.census.gov/prod/cen2000/doc/sf3.pdf]",,,,,,,,
Disability Status,Total,,Employed,,Worked year-round full-time in 1999/1,,,
,Number,Percent,Number,Percent,Number,Percent,Median earnings (dollars),Relative earnings/2 (US Med = 100)
,,,,,,,,
Men,"9,497,890",100.0,"7,299,385",76.9,"5,386,830",56.7,"$41,402",126.5
,,,,,,,,
.With any of six specified disabilities,"2,000,000",21.1,"1,204,935",60.2,"824,290",41.2,"$33,680",102.9
.None of six specified disabilities,"7,497,890",78.9,"6,094,455",81.3,"4,562,540",60.9,"$42,473",129.8
,,,,,,,,
.With a sensory disability,"226,620",2.4,"119,010",52.5,"82,855",36.6,"$38,490",117.6
.With a physical disability,"538,205",5.7,"193,340",35.9,"124,520",23.1,"$36,960",113.0
.With a mental disability,"335,120",3.5,"104,935",31.3,"57,240",17.1,"$30,395",92.9
.With a self-care disability,"156,320",1.6,36410,23.3,22535,14.4,"$30,435",93.0
.With a go-outside disability,"772,660",8.1,"416,680",53.9,"276,200",35.7,"$30,948",94.6
.With an employment disability,"1,421,315",15.0,"926,690",65.2,"634,385",44.6,"$32,315",98.8
,,,,,,,,
".With a sensory, physical, or mental disability","848,915",8.9,"361,870",42.6,"232,575",27.4,"$36,528",111.6
..All three disabilities,38895,0.4,6275,16.1,3625,9.3,"$31,032",94.9
..With two disabilities: sensory and physical,"40,090",0.4,14145,35.3,9260,23.1,"$37,079",113.3
..With two disabilities: sensory and mental,18760,0.2,8000,42.7,4225,22.5,"$29,271",89.5
..With two disabilities: physical and mental,"114,390",1.2,20715,18.1,11300,9.9,"$30,675",93.8
..With sensory disability only,"128,875",1.4,"90,585",70.3,"65,740",51.0,"$40,058",122.4
..With physical disability only,"344,830",3.6,"152,200",44.1,"100,335",29.1,"$37,772",115.4
..With mental disability only,"163,080",1.7,"69,940",42.9,38085,23.4,"$30,358",92.8
,,,,,,,,
".With a sensory, physical, or mental disability","848,915",8.9,"361,870",42.6,"232,575",27.4,"$36,528",111.6
..With a go-outside or employment disability,"427,440",4.5,"123,040",28.8,"69,095",16.2,"$31,580",96.5
...Both go-outside and employment,"147,235",1.6,43015,29.2,23460,15.9,"$30,277",92.5
"...Go-outside, not employment",74800,0.8,10955,14.6,6420,8.6,"$30,482",93.2
"...Employment, not go-outside","205,400",2.2,"69,075",33.6,39215,19.1,"$32,643",99.8
,,,,,,,,
".No sensory, physical, mental disability","8,648,975",91.1,"6,937,520",80.2,"5,154,250",59.6,"$41,580",127.1
..With a go-outside or employment disability,"1,146,720",12.1,"840,970",73.3,"590,245",51.5,"$32,288",98.7
...Both go-outside and employment,"472,580",5.0,"336,345",71.2,"227,780",48.2,"$31,173",95.3
"...Go-outside, not employment",78045,0.8,26370,33.8,18540,23.8,"$28,435",86.9
"...Employment, not go-outside","596,095",6.3,"478,255",80.2,"343,930",57.7,"$34,519",105.5
,,,,,,,,
.With a self-care disability,"156,320",1.6,36410,23.3,22535,14.4,"$30,435",93.0
..With a sensory disability,28625,0.3,4215,14.7,2800,9.8,"$31,318",95.7
..With a physical disability,"111,880",1.2,19700,17.6,12330,11.0,"$35,842",109.6
..With a mental disability,"83,525",0.9,14230,17.0,8245,9.9,"$27,397",83.7
..With a go-outside disability,"109,600",1.2,23505,21.4,14375,13.1,"$29,157",89.1
..With an employment disability,"99,740",1.1,25195,25.3,15100,15.1,"$29,248",89.4
Footnotes:,,,,,,,,
/1Workers who worked 50 weeks or more and 35 or more hours per week in 1999 were classified and year-round full-time workers.,,,,,,,,
"/2Relative earnings of a given group equals the median earnings of the group divided by $32,717, the median earnings of the U.S. year-round full-time workers, times 100.",,,,,,,,
