<?xml version="1.0" encoding="UTF-8"?>
<mets:mets xmlns:mods="http://www.loc.gov/mods/v3" xmlns:xlink="http://www.w3.org/1999/xlink" xmlns:mets="http://www.loc.gov/METS/" xmlns:bib="http://www.loc.gov/mets/profiles/bibRecord" xmlns:lc="http://www.loc.gov/mets/profiles/" xmlns:xs="http://www.w3.org/2001/XMLSchema" PROFILE="lc:bibRecord" OBJID="loc.natlib.ihas.200025752">
   <mets:dmdSec ID="DMD">
      <mets:mdWrap MDTYPE="MODS">
         <mets:xmlData>
            <mods:mods ID="mods1">
               <mods:titleInfo>
                  <mods:title>I GOT PLENTY OF MUTTON</mods:title>
               </mods:titleInfo>
               <mods:name>
                  <mods:namePart>Frank Tashlin</mods:namePart>
                  <mods:role>
                     <mods:roleTerm type="text">Director</mods:roleTerm>
                  </mods:role>
               </mods:name>
               <mods:name>
                  <mods:namePart>Carl W. Stalling</mods:namePart>
                  <mods:role>
                     <mods:roleTerm type="text">Music Director and/or Conductor</mods:roleTerm>
                  </mods:role>
               </mods:name>
               <mods:originInfo>
                  <mods:copyrightDate>1944</mods:copyrightDate>
                  <mods:place>
                     <mods:placeTerm type="text">USA</mods:placeTerm>
                  </mods:place>
               </mods:originInfo>
               <mods:note type="Source">Information from: "Jazz on the Screen" by David Meeker. Used with permission.</mods:note>
               <mods:physicalDescription>
                  <mods:form authority="gmd">motion picture</mods:form>
               </mods:physicalDescription>
               <mods:note>Short film (under 30 minutes).</mods:note>
               <mods:note type="Songs">"Huckleberry duck", "Powerhouse", "The penguin", "In an eighteenth century drawing room" by Raymond Scott.</mods:note>
               <mods:identifier type="index">jots</mods:identifier>
               <mods:recordInfo>
                  <mods:recordContentSource>IHAS</mods:recordContentSource>
                  <mods:recordChangeDate encoding="marc">070719</mods:recordChangeDate>
                  <mods:recordIdentifier source="IHAS">loc.natlib.ihas.200025752</mods:recordIdentifier>
               </mods:recordInfo>
            </mods:mods>
         </mets:xmlData>
      </mets:mdWrap>
   </mets:dmdSec>
   <mets:structMap>
      <mets:div DMDID="mods1" TYPE="bib:bibRecord"/>
   </mets:structMap>
</mets:mets>