"Table with row headers in column A and column headers in row 8, repeated in row 54. Leading dots indicate sub-parts.",,,,,,,,,,,,,,,,,
Census 2000 PHC-T-39,,,,,,,,,,,,,,,,,
"Table 3: Educational Attainment of the Population 16 Years and Over by Residence in 1995, Labor Force Status, Class of Worker, and Occupation: 2000",,,,,,,,,,,,,,,,,
,,,,,,,,,,,,,,,,,
Geographic area: New Jersey,,,,,,,,,,,,,,,,,
"All race and ethnic groups, female",,,,,,,,,,,,,,,,,
"(Data based on a sample.  For information on confidentiality protection, sampling error, nonsampling error and definitions, see www.census.gov/prod/cen2000/doc/sf3.pdf.)",,,,,,,,,,,,,,,,,
,,,,,,,,,,,,,,,,,
Characteristic,Total,No school completed,Nursery school-4th grade,5th-6th grade,7th-8th grade,9th grade,10th grade,11th grade,"12th grade, no diploma",,,,,,,,
..Population 16 and over ,"3,425,212","38,521","22,711","51,838","107,073","85,097","129,733","128,946","143,363",,,,,,,,
Residence in 1995:,,,,,,,,,,,,,,,,,
.Remained in the same house ,"2,088,372","22,320","13,439","29,993","70,368","53,174","85,149","82,006","88,195",,,,,,,,
.Moved within state ,"980,830","10,559","6,154","14,484","27,832","24,042","34,577","37,422","41,238",,,,,,,,
.Moved-different state ,"356,010","5,642","3,118","7,361","8,873","7,881","10,007","9,518","13,930",,,,,,,,
Labor force status:,,,,,,,,,,,,,,,,,
.In labor force ,"1,969,606","10,060","6,597","14,938","22,248","25,064","42,511","53,428","61,884",,,,,,,,
..In Armed Forces ,"1,786",13,- ,- ,- ,- ,12,8,9
..Civilian ,"1,967,820","10,047","6,597","14,938","22,248","25,064","42,499","53,420","61,875"
...Employed ,"1,851,172","7,978","5,689","12,730","18,792","20,737","35,914","45,730","54,792"
...Unemployed ,"116,648","2,069",908,"2,208","3,456","4,327","6,585","7,690","7,083"
.Not in labor force ,"1,455,606","28,461","16,114","36,900","84,825","60,033","87,222","75,518","81,479"
..Employed civilian population 16 and over ,"1,851,172","7,978","5,689","12,730","18,792","20,737","35,914","45,730","54,792"
Class of worker:,,,,,,,,,
.Private for-profit wage and salary workers ,"1,309,860","6,270","4,685","10,756","15,351","17,042","30,311","38,929","44,716"
..Employee of private company ,"1,275,947","6,123","4,608","10,555","15,125","16,830","30,014","38,569","44,024"
..Self-employed in own incorporated business ,"33,913",147,77,201,226,212,297,360,692
.Private not-for-profit wage and salary workers ,"172,087",737,295,451,867,976,"1,704","1,855","2,551"
.Local government workers ,"179,236",344,173,413,"1,093","1,089","1,634","2,119","2,944"
.State government workers ,"82,956",222,103,199,420,472,666,"1,108","1,723"
.Federal government workers ,"34,502",45,21,63,83,184,345,411,685
.Self-employed in own not incorporated business ,"67,460",310,372,804,915,853,"1,102","1,143","2,018"
.Unpaid family workers ,"5,071",50,40,44,63,121,152,165,155
Occupation:,,,,,,,,,,,,,,,,,
".Management, professional and related ","732,000",677,304,499,"1,133","1,276","2,321","3,625","5,655",,,,,,,,
"..Management, business and financial operations ","246,556",209,102,215,363,390,688,"1,100","2,522",,,,,,,,
..Professional and related ,"485,444",468,202,284,770,886,"1,633","2,525","3,133",,,,,,,,
.Service occupations ,"279,386","2,919","1,921","4,661","7,543","7,988","13,499","15,123","17,276",,,,,,,,
.Sales and office occupations ,"707,735","1,426",913,"2,004","3,960","6,443","14,044","20,754","21,336",,,,,,,,
..Sales and related ,"210,928",539,370,"1,019","1,998","3,615","8,536","12,519","8,677",,,,,,,,
..Office and administrative support ,"496,807",887,543,985,"1,962","2,828","5,508","8,235","12,659",,,,,,,,
".Farming, forestry and fishing ","1,608",43,27,59,59,136,118,87,96,,,,,,,,
".Construction, extraction and maintenance ","8,911",66,78,143,123,175,118,223,416,,,,,,,,
".Production, transportation and material moving ","121,532","2,847","2,446","5,364","5,974","4,719","5,814","5,918","10,013",,,,,,,,
Note: - Represents zero or rounds to zero.,,,,,,,,,,,,,,,,,
"Internet release date: October, 2006",,,,,,,,,,,,,,,,,
"Source: U.S. Census Bureau, Census 2000",,,,,,,,,,,,,,,,,
Census 2000 PHC-T-39,,,,,,,,,,,,,,,,,
"Table 3: Educational Attainment of the Population 16 Years and Over by Residence in 1995, Labor Force Status, Class of Worker,and Occupation: 2000 (Continued)",,,,,,,,,,,,,,,,,
,,,,,,,,,,,,,,,,,
Geographic area: New Jersey,,,,,,,,,,,,,,,,,
"All race and ethnic groups, female",,,,,,,,,,,,,,,,,
"(Data based on a sample.  For information on confidentiality protection, sampling error, nonsampling error and definitions, see www.census.gov/prod/cen2000/doc/sf3.pdf.)",,,,,,,,,,,,,,,,,
,,,,,,,,,,,,,,,,,
Characteristic,High school graduate,Under 1 year college,College 1 year more,Associate degree,Bachelor's degree,Master's degree,Professional degree,Doctoral degree,,,,,,,,,
..Population 16 and over ,"1,019,466","224,660","416,212","192,210","586,307","204,988","54,279","19,808",,,,,,,,,
Residence in 1995:,,,,,,,,,,,,,,,,,
.Remained in the same house ,"672,660","136,014","238,726","114,063","323,445","119,585","28,301","10,934",,,,,,,,,
.Moved within state ,"272,944","69,616","135,608","58,300","176,480","52,278","15,051","4,245",,,,,,,,,
.Moved-different state ,"73,862","19,030","41,878","19,847","86,382","33,125","10,927","4,629",,,,,,,,,
Labor force status:,,,,,,,,,,,,,,,,,
.In labor force ,"532,829","148,070","278,004","139,268","425,246","154,435","39,525","15,499",,,,,,,,,
..In Armed Forces ,564,400,398,123,188,25,46,-,,,,,,,,,
..Civilian ,"532,265","147,670","277,606","139,145","425,058","154,410","39,479","15,499",,,,,,,,,
...Employed ,"496,789","138,169","261,786","134,179","413,388","151,066","38,259","15,174",,,,,,,,,
...Unemployed ,"35,476","9,501","15,820","4,966","11,670","3,344","1,220",325,,,,,,,,,
.Not in labor force ,"486,637","76,590","138,208","52,942","161,061","50,553","14,754","4,309",,,,,,,,,
..Employed civilian population 16 and over ,"496,789","138,169","261,786","134,179","413,388","151,066","38,259","15,174",,,,,,,,,
Class of worker:,,,,,,,,,,,,,,,,,
.Private for-profit wage and salary workers ,"385,776","103,550","198,676","99,003","259,135","65,407","23,573","6,680",,,,,,,,,
..Employee of private company ,"377,287","101,074","193,796","96,577","250,951","62,443","21,780","6,191",,,,,,,,,
..Self-employed in own incorporated business ,"8,489","2,476","4,880","2,426","8,184","2,964","1,793",489,,,,,,,,,
.Private not-for-profit wage and salary workers ,"28,582","10,734","21,984","15,374","52,450","25,690","4,822","3,015",,,,,,,,,
.Local government workers ,"35,952","9,452","14,893","8,196","57,782","39,261","2,323","1,568",,,,,,,,,
.State government workers ,"18,620","5,790","10,430","4,688","21,224","12,200","2,674","2,417",,,,,,,,,
.Federal government workers ,"9,975","3,897","6,242","2,412","7,146","2,120",739,134,,,,,,,,,
.Self-employed in own not incorporated business ,"16,595","4,367","8,760","4,131","14,569","6,135","4,045","1,341",,,,,,,,,
.Unpaid family workers ,"1,289",379,801,375,"1,082",253,83,19,,,,,,,,,
Occupation:,,,,,,,,,,,,,,,,,
".Management, professional and related ","78,453","35,547","77,685","64,156","283,102","130,976","32,546","14,045",,,,,,,,,
"..Management, business and financial operations ","38,064","17,105","33,155","18,482","94,133","34,140","3,186","2,702",,,,,,,,,
..Professional and related ,"40,389","18,442","44,530","45,674","188,969","96,836","29,360","11,343",,,,,,,,,
.Service occupations ,"106,749","21,253","40,506","14,111","20,143","3,399","2,033",262,,,,,,,,,
.Sales and office occupations ,"260,300","74,517","131,525","51,103","100,724","15,159","2,833",694,,,,,,,,,
..Sales and related ,"64,220","16,461","34,244","13,070","37,991","6,520",949,200,,,,,,,,,
..Office and administrative support ,"196,080","58,056","97,281","38,033","62,733","8,639","1,884",494,,,,,,,,,
".Farming, forestry and fishing ",564,72,158,26,134,19,10,-,,,,,,,,,
".Construction, extraction and maintenance ","3,236",789,"1,537",504,"1,231",195,65,12,,,,,,,,,
".Production, transportation and material moving ","47,487","5,991","10,375","4,279","8,054","1,318",772,161,,,,,,,,,
Note: - Represents zero or rounds to zero.,,,,,,,,,,,,,,,,,
"Internet release date: October, 2006",,,,,,,,,,,,,,,,,
"Source: U.S. Census Bureau, Census 2000",,,,,,,,,,,,,,,,,
,,,,,,,,,,,,,,,,,
,,,,,,,,,,,,,,,,,
,,,,,,,,,,,,,,,,,
,,,,,,,,,,,,,,,,,
,,,,,,,,,,,,,,,,,
,,,,,,,,,,,,,,,,,
,,,,,,,,,,,,,,,,,
,,,,,,,,,,,,,,,,,
,,,,,,,,,,,,,,,,,
,,,,,,,,,,,,,,,,,
,,,,,,,,,,,,,,,,,
,,,,,,,,,,,,,,,,,
,,,,,,,,,,,,,,,,,
