<?xml version="1.0" encoding="ISO-8859-1"?> 
<current_observation version="1.0"
	 xmlns:xsd="http://www.w3.org/2001/XMLSchema"
	 xmlns:xsi="http://www.w3.org/2001/XMLSchema-instance"
	 xsi:noNamespaceSchemaLocation="http://www.weather.gov/xml/current_obs/current_observation.xsd">
	<credit>NOAA's National Weather Service</credit>
	<credit_URL>http://weather.gov/</credit_URL>
	<image>
		<url>http://weather.gov/images/xml_logo.gif</url>
		<title>NOAA's National Weather Service</title>
		<link>http://weather.gov</link>
	</image>
	<suggested_pickup>15 minutes after the hour</suggested_pickup>
	<suggested_pickup_period>60</suggested_pickup_period>
	<location>Greenville Municipal Airport, MS</location>
	<station_id>KGLH</station_id>
        <latitude>33.48</latitude>
        <longitude>-90.98</longitude>
	<observation_time>Last Updated on Mar 18, 7:53 pm CDT</observation_time>
	<observation_time_rfc822>Wed, 18 Mar 2009 19:53:00 -0500 CDT</observation_time_rfc822>
        <weather>Fair</weather>
        <temperature_string>65 F (18 C)</temperature_string>
        <temp_f>65</temp_f>
        <temp_c>18</temp_c>
        <relative_humidity>61</relative_humidity>
        <wind_string>From the Southeast at 5 MPH</wind_string>
        <wind_dir>Southeast</wind_dir>
        <wind_degrees>120</wind_degrees>
        <wind_mph>4.6</wind_mph>
        <wind_gust_mph>NA</wind_gust_mph>
        <pressure_string>30.09&quot; (1019.5 mb)</pressure_string>
        <pressure_mb>1019.5</pressure_mb>
        <pressure_in>30.09</pressure_in>
        <dewpoint_string>51 F (11 C)</dewpoint_string>
        <dewpoint_f>51</dewpoint_f>
        <dewpoint_c>11</dewpoint_c> 
        <heat_index_string>NA</heat_index_string>         
        <heat_index_f>NA</heat_index_f>
        <heat_index_c>NA</heat_index_c>
        <windchill_string>NA</windchill_string>
        <windchill_f>NA</windchill_f>
        <windchill_c>NA</windchill_c>
	<visibility_mi>10.00</visibility_mi>
 	<icon_url_base>http://weather.gov/weather/images/fcicons/</icon_url_base>	
	<icon_url_name>nskc.jpg</icon_url_name>
	<two_day_history_url>http://www.weather.gov/data/obhistory/KGLH.html</two_day_history_url>
	<ob_url>http://www.nws.noaa.gov/data/METAR/KGLH.1.txt</ob_url>
	<disclaimer_url>http://weather.gov/disclaimer.html</disclaimer_url>
	<copyright_url>http://weather.gov/disclaimer.html</copyright_url>
	<privacy_policy_url>http://weather.gov/notice.html</privacy_policy_url>
</current_observation>
	