<?xml version="1.0" encoding="UTF-8"?>
<mods xmlns:xlink="http://www.w3.org/1999/xlink" xmlns:xsi="http://www.w3.org/2001/XMLSchema-instance" xmlns="http://www.loc.gov/mods/v3" version="3.3" xsi:schemaLocation="http://www.loc.gov/mods/v3 http://www.loc.gov/standards/mods/v3/mods-3-3.xsd" ID="id-WCPD-2007-10-15-Pg1332-3">
<name type="corporate">
<namePart>United States Government Printing Office</namePart>
<role>
<roleTerm authority="marcrelator" type="text">printer</roleTerm>
<roleTerm authority="marcrelator" type="code">prt</roleTerm>
</role>
<role>
<roleTerm authority="marcrelator" type="text">distributor</roleTerm>
<roleTerm authority="marcrelator" type="code">dst</roleTerm>
</role>
</name>
<name type="corporate">
<namePart>United States</namePart>
<namePart>National Archives and Records Administration</namePart>
<namePart>Federal Register Office</namePart>
<role>
<roleTerm authority="marcrelator" type="text">author</roleTerm>
<roleTerm authority="marcrelator" type="code">aut</roleTerm>
</role>
<description>Government Organization</description>
</name>
<name type="corporate">
<namePart>United States</namePart>
<namePart>Executive Office of the President</namePart>
<role>
<roleTerm authority="marcrelator" type="text">author</roleTerm>
<roleTerm authority="marcrelator" type="code">aut</roleTerm>
</role>
<description>United States Government Agency</description>
</name>
<typeOfResource>text</typeOfResource>
<genre authority="marcgt">government publication</genre>
<language>
<languageTerm type="code" authority="iso639-2b">eng</languageTerm>
</language>
<extension>
<collectionCode>WCPD</collectionCode>
<category>Budget and Presidential Materials</category>
<waisDatabaseName>2007_presidential_documents</waisDatabaseName>
<branch>executive</branch>
</extension>
<name type="personal">
<namePart>George W. Bush"/&gt;</namePart>
<role>
<roleTerm authority="marcrelator" type="text">author</roleTerm>
<roleTerm authority="marcrelator" type="code">aut</roleTerm>
</role>
<description>President of the United States</description>
</name>
<genre authority="marcgt">article</genre>
<titleInfo>
<title>Acts Approved by the President</title>
<partName>Supplementary Materials</partName>
</titleInfo>
<identifier type="WCPD citation">43 WCPD 1332</identifier>
<identifier type="uri">http://www.gpo.gov/fdsys/granule/WCPD-2007-10-15/WCPD-2007-10-15-Pg1332-3</identifier>
<identifier type="former granule identifier">pd15oc07_txt-20</identifier>
<location>
<url displayLabel="Content Detail" access="object in context">http://www.gpo.gov/fdsys/granule/WCPD-2007-10-15/WCPD-2007-10-15-Pg1332-3/content-detail.html</url>
<url displayLabel="PDF rendition" access="raw object">http://www.gpo.gov/fdsys/pkg/WCPD-2007-10-15/pdf/WCPD-2007-10-15-Pg1332-3.pdf</url>
<url displayLabel="HTML rendition" access="raw object">http://www.gpo.gov/fdsys/pkg/WCPD-2007-10-15/html/WCPD-2007-10-15-Pg1332-3.html</url>
</location>
<subject>
<topic>Supplementary Materials</topic>
</subject>
<physicalDescription>
<extent>1 p.</extent>
</physicalDescription>
<part type="article">
<extent unit="pages">
<start>1332</start>
<end>1332</end>
</extent>
</part>
<relatedItem type="isReferencedBy">
<titleInfo>
<title>United States Senate Bill 1983  (110th Congress)</title>
</titleInfo>
<identifier type="Congressional Bill citation">S. 1983</identifier>
<extension>
<congress>110</congress>
</extension>
</relatedItem>
<relatedItem>
<titleInfo>
<title>United States Public Law 110-94</title>
</titleInfo>
<identifier type="public law citation">Public Law 110-94</identifier>
</relatedItem>
<extension>
<searchTitle>Acts Approved by the President; Weekly Compilation of Presidential Documents Vol. 43, No. 41</searchTitle>
<granuleClass>ACTSAPPROVED</granuleClass>
<accessId>WCPD-2007-10-15-Pg1332-3</accessId>
<president id="GWB" party="R"/>
<category1>Supplementary Materials</category1>
<bill congress="110" number="1983" type="S"/>
<law congress="110" isPrivate="false" number="94"/>
</extension>
<relatedItem type="host" ID="">
<titleInfo>
<title>Weekly Compilation of Presidential Documents</title>
<partNumber>Vol. 43, no. 41</partNumber>
</titleInfo>
<originInfo>
<publisher>Office of the Federal Register, National Archives and Records Administration</publisher>
<dateIssued encoding="w3cdtf">2007-10-15</dateIssued>
<issuance>continuing</issuance>
<frequency>weekly</frequency>
</originInfo>
<physicalDescription>
<note type="source content type">deposited</note>
<digitalOrigin>born digital</digitalOrigin>
<extent>18 p.</extent>
</physicalDescription>
<tableOfContents xlink:href="http://www.gpo.gov/fdsys/pkg/WCPD-2007-10-15/toc.html">
    Table of Contents: 
  </tableOfContents>
<classification authority="sudocs">AE 2.109:</classification>
<classification authority="sudocs">GS 4.114:</classification>
<identifier type="uri">http://www.gpo.gov/fdsys/pkg/WCPD-2007-10-15</identifier>
<identifier type="ILS system id">000599742</identifier>
<identifier type="former package identifier">pd15oc07_txt</identifier>
<identifier type="preferred citation">43 WCPD 1315</identifier>
<location>
<url displayLabel="Content Detail" access="object in context">http://www.gpo.gov/fdsys/pkg/WCPD-2007-10-15/content-detail.html</url>
<url displayLabel="PDF rendition" access="raw object">http://www.gpo.gov/fdsys/pkg/WCPD-2007-10-15/pdf/WCPD-2007-10-15.pdf</url>
</location>
<part type="issue">
<extent unit="pages">
<start>1315</start>
<end>1332</end>
</extent>
</part>
<recordInfo>
<recordContentSource authority="marcorg">DGPO</recordContentSource>
<recordCreationDate encoding="w3cdtf">2009-01-06</recordCreationDate>
<recordChangeDate encoding="w3cdtf">2009-01-06</recordChangeDate>
<recordIdentifier source="DGPO">WCPD-2007-10-15</recordIdentifier>
<recordOrigin>machine generated</recordOrigin>
<languageOfCataloging>
<languageTerm type="code" authority="iso639-2b">eng</languageTerm>
</languageOfCataloging>
</recordInfo>
<extension>
<docClass>WCPD</docClass>
<accessId>WCPD-2007-10-15</accessId>
<weekEndingDate>2007-10-12</weekEndingDate>
<volume>43</volume>
<issue>41</issue>
</extension>
</relatedItem>
</mods>
