<?xml version="1.0" encoding="UTF-8"?>
<mods xmlns:xlink="http://www.w3.org/1999/xlink" xmlns:xsi="http://www.w3.org/2001/XMLSchema-instance" xmlns="http://www.loc.gov/mods/v3" version="3.3" xsi:schemaLocation="http://www.loc.gov/mods/v3 http://www.loc.gov/standards/mods/v3/mods-3-3.xsd" ID="id-WCPD-1993-06-28-Pg1175-2">
<name type="corporate">
<namePart>United States Government Printing Office</namePart>
<role>
<roleTerm authority="marcrelator" type="text">printer</roleTerm>
<roleTerm authority="marcrelator" type="code">prt</roleTerm>
</role>
<role>
<roleTerm authority="marcrelator" type="text">distributor</roleTerm>
<roleTerm authority="marcrelator" type="code">dst</roleTerm>
</role>
</name>
<name type="corporate">
<namePart>United States</namePart>
<namePart>National Archives and Records Administration</namePart>
<namePart>Federal Register Office</namePart>
<role>
<roleTerm authority="marcrelator" type="text">author</roleTerm>
<roleTerm authority="marcrelator" type="code">aut</roleTerm>
</role>
<description>Government Organization</description>
</name>
<name type="corporate">
<namePart>United States</namePart>
<namePart>Executive Office of the President</namePart>
<role>
<roleTerm authority="marcrelator" type="text">author</roleTerm>
<roleTerm authority="marcrelator" type="code">aut</roleTerm>
</role>
<description>United States Government Agency</description>
</name>
<typeOfResource>text</typeOfResource>
<genre authority="marcgt">government publication</genre>
<language>
<languageTerm type="code" authority="iso639-2b">eng</languageTerm>
</language>
<extension>
<collectionCode>WCPD</collectionCode>
<category>Budget and Presidential Materials</category>
<waisDatabaseName>1993_presidential_documents</waisDatabaseName>
<branch>executive</branch>
</extension>
<name type="personal">
<namePart>William J. Clinton"/&gt;</namePart>
<role>
<roleTerm authority="marcrelator" type="text">author</roleTerm>
<roleTerm authority="marcrelator" type="code">aut</roleTerm>
</role>
<description>President of the United States</description>
</name>
<genre authority="marcgt">article</genre>
<titleInfo>
<title>Memorandum on Trade With Mauritania</title>
</titleInfo>
<identifier type="WCPD citation">29 WCPD 1175</identifier>
<identifier type="uri">http://www.gpo.gov/fdsys/granule/WCPD-1993-06-28/WCPD-1993-06-28-Pg1175-2</identifier>
<identifier type="former granule identifier">pd28jn93_txt-39</identifier>
<location>
<url displayLabel="Content Detail" access="object in context">http://www.gpo.gov/fdsys/granule/WCPD-1993-06-28/WCPD-1993-06-28-Pg1175-2/content-detail.html</url>
<url displayLabel="PDF rendition" access="raw object">http://www.gpo.gov/fdsys/pkg/WCPD-1993-06-28/pdf/WCPD-1993-06-28-Pg1175-2.pdf</url>
<url displayLabel="HTML rendition" access="raw object">http://www.gpo.gov/fdsys/pkg/WCPD-1993-06-28/html/WCPD-1993-06-28-Pg1175-2.html</url>
</location>
<subject>
<topic>Communications to Federal Agencies</topic>
</subject>
<physicalDescription>
<extent>2 p.</extent>
</physicalDescription>
<part type="article">
<extent unit="pages">
<start>1175</start>
<end>1176</end>
</extent>
</part>
<relatedItem type="isReferencedBy">
<titleInfo>
<title>United States Code</title>
<partNumber>Title 19 Section 2461</partNumber>
<partNumber>Title 19 Section 2462(a)(4)</partNumber>
<partNumber>Title 19 Section 2462(b)(4)</partNumber>
<partNumber>Title 19 Section 2462(b)(7)</partNumber>
<partNumber>Title 19 Section 2462(c)</partNumber>
<partNumber>Title 19 Section 2462(c)(5)</partNumber>
<partNumber>Title 19 Section 2464</partNumber>
<partNumber>Title 19 Section 2464(c)</partNumber>
<partNumber>Title 19 Section 2464(c)(1)(B)</partNumber>
<partNumber>Title 19 Section 2464(c)(3)</partNumber>
<partNumber>Title 19 Section 2464(f)</partNumber>
<partNumber>Title 19 Chapter 2461</partNumber>
<partNumber>Title 19 Chapter 2462</partNumber>
<partNumber>Title 19 Chapter 2464</partNumber>
</titleInfo>
<identifier type="USC citation">19 U.S.C. 2461</identifier>
<identifier type="USC citation">19 U.S.C. 2462(a)(4)</identifier>
<identifier type="USC citation">19 U.S.C. 2462(b)(4)</identifier>
<identifier type="USC citation">19 U.S.C. 2462(b)(7)</identifier>
<identifier type="USC citation">19 U.S.C. 2462(c)</identifier>
<identifier type="USC citation">19 U.S.C. 2462(c)(5)</identifier>
<identifier type="USC citation">19 U.S.C. 2464</identifier>
<identifier type="USC citation">19 U.S.C. 2464(c)</identifier>
<identifier type="USC citation">19 U.S.C. 2464(c)(1)(B)</identifier>
<identifier type="USC citation">19 U.S.C. 2464(c)(3)</identifier>
<identifier type="USC citation">19 U.S.C. 2464(f)</identifier>
<identifier type="USC citation">19 U.S.C. Chapter 2461</identifier>
<identifier type="USC citation">19 U.S.C. Chapter 2462</identifier>
<identifier type="USC citation">19 U.S.C. Chapter 2464</identifier>
</relatedItem>
<extension>
<searchTitle>Memorandum on Trade With Mauritania; Weekly Compilation of Presidential Documents Vol. 29, No. 25</searchTitle>
<granuleClass>PRESDOCU</granuleClass>
<accessId>WCPD-1993-06-28-Pg1175-2</accessId>
<eventDate>1993-06-25</eventDate>
<president id="WJC" party="D"/>
<presidentialDoc date="1993-06-25" quality="low" type="PRMEMO"/>
<category1>Communications to Federal Agencies</category1>
<notes>This memorandum will be published in the Federal Register on June 29.</notes>
<USCode title="19">
            <chapter number="2461" quality="error"/>
            <chapter number="2462" quality="error"/>
            <chapter number="2464" quality="error"/>
            <section number="2461"/>
            <section detail="(a)(4)" number="2462"/>
            <section detail="(b)(4)" number="2462"/>
            <section detail="(b)(7)" number="2462"/>
            <section detail="(c)" number="2462"/>
            <section detail="(c)(5)" number="2462"/>
            <section number="2464"/>
            <section detail="(c)" number="2464"/>
            <section detail="(c)(1)(B)" number="2464"/>
            <section detail="(c)(3)" number="2464"/>
            <section detail="(f)" number="2464"/>
          </USCode>
</extension>
<relatedItem type="host" ID="">
<titleInfo>
<title>Weekly Compilation of Presidential Documents</title>
<partNumber>Vol. 29, no. 25</partNumber>
</titleInfo>
<originInfo>
<publisher>Office of the Federal Register, National Archives and Records Administration</publisher>
<dateIssued encoding="w3cdtf">1993-06-28</dateIssued>
<issuance>continuing</issuance>
<frequency>weekly</frequency>
</originInfo>
<physicalDescription>
<note type="source content type">deposited</note>
<digitalOrigin>born digital</digitalOrigin>
<extent>62 p.</extent>
</physicalDescription>
<tableOfContents xlink:href="http://www.gpo.gov/fdsys/pkg/WCPD-1993-06-28/toc.html">
    Table of Contents: 
  </tableOfContents>
<classification authority="sudocs">AE 2.109:</classification>
<classification authority="sudocs">GS 4.114:</classification>
<identifier type="uri">http://www.gpo.gov/fdsys/pkg/WCPD-1993-06-28</identifier>
<identifier type="ILS system id">000599742</identifier>
<identifier type="former package identifier">pd28jn93_txt</identifier>
<identifier type="preferred citation">29 WCPD 1117</identifier>
<location>
<url displayLabel="Content Detail" access="object in context">http://www.gpo.gov/fdsys/pkg/WCPD-1993-06-28/content-detail.html</url>
<url displayLabel="PDF rendition" access="raw object">http://www.gpo.gov/fdsys/pkg/WCPD-1993-06-28/pdf/WCPD-1993-06-28.pdf</url>
</location>
<part type="issue">
<extent unit="pages">
<start>1117</start>
<end>1178</end>
</extent>
</part>
<recordInfo>
<recordContentSource authority="marcorg">DGPO</recordContentSource>
<recordCreationDate encoding="w3cdtf">2009-01-08</recordCreationDate>
<recordChangeDate encoding="w3cdtf">2009-01-08</recordChangeDate>
<recordIdentifier source="DGPO">WCPD-1993-06-28</recordIdentifier>
<recordOrigin>machine generated</recordOrigin>
<languageOfCataloging>
<languageTerm type="code" authority="iso639-2b">eng</languageTerm>
</languageOfCataloging>
</recordInfo>
<extension>
<docClass>WCPD</docClass>
<accessId>WCPD-1993-06-28</accessId>
<weekEndingDate>1993-06-25</weekEndingDate>
<volume>29</volume>
<issue>25</issue>
</extension>
</relatedItem>
</mods>
