Table with row headers in column A and column headers in rows 9 through 10.,,,,,,,,
Census 2000 PHC-T-32.  Disability Status of the Civilian Noninstitutionalized Population by Sex and Selected Characteristics for the United States and Puerto Rico:  2000,,,,,,,,
Table 4.  Employment and Earnings by Disability Status for Civilian Noninstitutionalized Women 21 to 64 Years:  2000,,,,,,,,
"Source:  U.S. Census Bureau, Census 2000.",,,,,,,,
"Internet release date:  April 14, 2004.",,,,,,,,
OHIO,,,,,,,,
(leading dots indicate sub-parts),,,,,,,,
"[Data based on a sample.  For information on confidentiality, sampling errors, nonsampling error, and definitions, see www.census.gov/prod/cen2000/doc/sf3.pdf]",,,,,,,,
Disability Status,Total,,Employed,,Worked year-round full-time in 1999/1,,,
,Number,Percent,Number,Percent,Number,Percent,Median earnings (dollars),Relative earnings/2 (US Med = 100)
,,,,,,,,
Women,"3,285,630",100.0,"2,273,810",69.2,"1,495,685",45.5,"$26,978",82.5
,,,,,,,,
.With any of six specified disabilities,"555,845",16.9,"287,550",51.7,"179,150",32.2,"$24,275",74.2
.None of six specified disabilities,"2,729,785",83.1,"1,986,260",72.8,"1,316,535",48.2,"$27,330",83.5
,,,,,,,,
.With a sensory disability,"66,000",2.0,"30,055",45.5,"18,245",27.6,"$24,240",74.1
.With a physical disability,"245,065",7.5,"82,305",33.6,"46,980",19.2,"$24,505",74.9
.With a mental disability,"127,235",3.9,"38,410",30.2,"17,495",13.7,"$22,111",67.6
.With a self-care disability,"65,835",2.0,14160,21.5,6840,10.4,"$24,255",74.1
.With a go-outside disability,"180,360",5.5,"70,210",38.9,"42,695",23.7,"$23,440",71.6
.With an employment disability,"335,615",10.2,"194,410",57.9,"122,100",36.4,"$24,135",73.8
,,,,,,,,
".With a sensory, physical, or mental disability","339,050",10.3,"129,470",38.2,"72,930",21.5,"$24,166",73.9
..All three disabilities,12630,0.4,2435,19.3,1000,7.9,"$21,588",66.0
..With two disabilities: sensory and physical,"14,455",0.4,4130,28.6,2480,17.1,"$21,875",66.9
..With two disabilities: sensory and mental,4885,0.1,1925,39.4,825,16.9,"$22,520",68.8
..With two disabilities: physical and mental,"54,645",1.7,10375,19.0,4485,8.2,"$22,225",67.9
..With sensory disability only,"34,030",1.0,"21,565",63.4,"13,945",41.0,"$24,927",76.2
..With physical disability only,"163,335",5.0,"65,365",40.0,"39,015",23.9,"$24,967",76.3
..With mental disability only,"55,070",1.7,"23,675",43.0,11180,20.3,"$22,085",67.5
,,,,,,,,
".With a sensory, physical, or mental disability","339,050",10.3,"129,470",38.2,"72,930",21.5,"$24,166",73.9
..With a go-outside or employment disability,"179,115",5.5,"46,660",26.1,"21,945",12.3,"$22,433",68.6
...Both go-outside and employment,"64,465",2.0,16755,26.0,7280,11.3,"$22,597",69.1
"...Go-outside, not employment",34670,1.1,4770,13.8,2380,6.9,"$21,374",65.3
"...Employment, not go-outside","79,975",2.4,"25,135",31.4,12285,15.4,"$22,644",69.2
,,,,,,,,
".No sensory, physical, mental disability","2,946,580",89.7,"2,144,340",72.8,"1,422,755",48.3,"$27,108",82.9
..With a go-outside or employment disability,"215,415",6.6,"157,380",73.1,"105,795",49.1,"$24,359",74.5
...Both go-outside and employment,"56,985",1.7,"43,830",76.9,"29,780",52.3,"$23,819",72.8
"...Go-outside, not employment",24240,0.7,4860,20.0,3255,13.4,"$22,699",69.4
"...Employment, not go-outside","134,190",4.1,"108,690",81.0,"72,760",54.2,"$24,692",75.5
,,,,,,,,
.With a self-care disability,"65,835",2.0,14160,21.5,6840,10.4,"$24,255",74.1
..With a sensory disability,10025,0.3,1850,18.5,835,8.3,"$21,756",66.5
..With a physical disability,"56,815",1.7,10900,19.2,5120,9.0,"$25,006",76.4
..With a mental disability,"31,560",1.0,5690,18.0,2230,7.1,"$22,022",67.3
..With a go-outside disability,"46,150",1.4,8695,18.8,3935,8.5,"$23,030",70.4
..With an employment disability,"41,785",1.3,9815,23.5,4415,10.6,"$24,513",74.9
Footnotes:,,,,,,,,
/1Workers who worked 50 weeks or more and 35 or more hours per week in 1999 were classified and year-round full-time workers.,,,,,,,,
"/2Relative earnings of a given group equals the median earnings of the group divided by $32,717, the median earnings of the U.S. year-round full-time workers, times 100.",,,,,,,,
