<?xml version="1.0" encoding="UTF-8"?><mods:mods xmlns:mods="http://www.loc.gov/mods/v3" xmlns:mets="http://www.loc.gov/METS/" xmlns:lc="http://www.loc.gov/mets/profiles" xmlns:xsi="http://www.w3.org/2001/XMLSchema-instance" xmlns:xlink="http://www.w3.org/1999/xlink" xmlns:rights="http://www.loc.gov/rights/" xmlns:sm="http://www.loc.gov/mets/profiles/sheetMusic" version="3.2" ID="MODS1" xsi:schemaLocation="http://www.loc.gov/mods/v3 http://www.loc.gov/standards/mods/mods.xsd"><mods:titleInfo><mods:title>Christmas bells at sea</mods:title></mods:titleInfo><mods:name><mods:namePart>Sullivan, Arthur</mods:namePart><mods:role><mods:roleTerm type="text" authority="marcrelator">Composer</mods:roleTerm></mods:role></mods:name><mods:name><mods:namePart>Kenney, Charles Lamb</mods:namePart><mods:role><mods:roleTerm type="text" authority="marcrelator">Lyricist</mods:roleTerm></mods:role></mods:name><mods:typeOfResource>notated music</mods:typeOfResource><mods:originInfo><mods:place><mods:placeTerm type="text">New York</mods:placeTerm></mods:place><mods:publisher>C. H. Ditson &amp; Co.</mods:publisher><mods:dateIssued>[n.d.]</mods:dateIssued><mods:issuance>monographic</mods:issuance></mods:originInfo><mods:physicalDescription><mods:form authority="ihas">sheet music</mods:form><mods:reformattingQuality>access</mods:reformattingQuality><mods:extent>1 score</mods:extent><mods:digitalOrigin>reformatted digital</mods:digitalOrigin></mods:physicalDescription><mods:targetAudience authority="marctarget">adult</mods:targetAudience><mods:classification>74/5184</mods:classification><mods:identifier type="local" displayLabel="IHASDigitalID">100009257</mods:identifier><mods:identifier type="local" displayLabel="IHASMODSID">8873</mods:identifier><mods:identifier type="membership">edison</mods:identifier><mods:identifier type="index">IHAS</mods:identifier><mods:location><mods:physicalLocation>Music Division</mods:physicalLocation><mods:physicalLocation authority="marcorg">DLC</mods:physicalLocation></mods:location><mods:recordInfo><mods:recordContentSource>IHAS</mods:recordContentSource><mods:recordChangeDate encoding="marc">08100913</mods:recordChangeDate><mods:recordIdentifier source="IHAS">loc.natlib.ihas.100009257</mods:recordIdentifier></mods:recordInfo></mods:mods>