<?xml version="1.0" encoding="ISO-8859-1"?><mods xmlns="http://www.loc.gov/mods/v3" xmlns:xlink="http://www.w3.org/1999/xlink" xmlns:xsi="http://www.w3.org/2001/XMLSchema-instance" version="3.2" xsi:schemaLocation="http://www.loc.gov/mods/v3 http://www.loc.gov/standards/mods/v3/mods-3-2.xsd">

	<titleInfo>
		<title>Bud Cramer</title>
	</titleInfo>
	<titleInfo type="alternative">
		<title>Alabama Congressman Bud Cramer Home Page</title>
	</titleInfo>
	<name type="personal">
		<namePart>Cramer, Bud</namePart>
		<namePart type="date">1947-</namePart>
	</name>
	<typeOfResource>text</typeOfResource>
	<genre>Web site</genre>
	<originInfo>
		<place>
			<placeTerm type="text">Washington, D.C.</placeTerm>
		</place>
		<publisher>United States House of Representatives</publisher>
		<dateIssued>2002</dateIssued>
		<dateCaptured encoding="iso8601">20021212</dateCaptured>
		<issuance>monographic</issuance>
	</originInfo>
	<language>
		<languageTerm authority="iso639-2b" type="code">eng</languageTerm>
	</language>
	<physicalDescription>
		<internetMediaType>text/html</internetMediaType>
		<internetMediaType>image/jpg</internetMediaType>
	</physicalDescription>
	<abstract>Official Web site of Bud Cramer, Democratic House representative from the state of
		Alabama, Fifth Congressional District, archived by the Library of Congress on December 12,
		2002</abstract>
	<subject>
		<name type="personal">
			<namePart>Cramer, Bud</namePart>
			<namePart type="date">1947-</namePart>
		</name>
	</subject>
	<subject authority="lcsh">
		<topic>Legislators</topic>
		<geographic>United States</geographic>
	</subject>
	<subject authority="lcsh">
		<geographic>United States</geographic>
		<topic>Politics and government</topic>
		<temporal>2001-</temporal>
	</subject>
	<subject>
		<name type="corporate" authority="naf">
			<namePart>United States</namePart>
			<namePart>Congress</namePart>
			<namePart>House</namePart>
		</name>
	</subject>
	<subject authority="local">
		<geographic>Alabama</geographic>
		<topic>5th District</topic>
		<topic>Democrat</topic>
	</subject>
	<classification authority="lcc">E840.8.C715</classification>
	<relatedItem type="host">
		<titleInfo>
			<title>United States 107th Congress Web Archive</title>
		</titleInfo>
		<location>
			<url>http://hdl.loc.gov/loc.natlib/collnatlib.00000002</url>
		</location>
	</relatedItem>
	<identifier>hdl:loc.natlib/mrva0002.0004</identifier>

	<note type="system details">http://house.gov/cramer/</note>

	<location>
		<url usage="primary display">http://hdl.loc.gov/loc.natlib/mrva0002.0004</url>
	</location>
	<accessCondition>None</accessCondition>
	<recordInfo>
		<recordCreationDate encoding="iso8601">20040301</recordCreationDate>
		<recordIdentifier source="dlc">mrva0002.0004</recordIdentifier>
	</recordInfo>
</mods>