<?xml version = "1.0" encoding="UTF-8" ?><cpe-list xmlns="http://cpe.mitre.org/XMLSchema/cpe/1.0" xmlns:cpe="http://cpe.mitre.org/XMLSchema/cpe/1.0" xmlns:xsi="http://www.w3.org/2001/XMLSchema-instance" xsi:schemaLocation="http://cpe.mitre.org/XMLSchema/cpe/1.0 cpe-schema_1.0.xsd"><notes><note>CVE-2005-4721</note></notes><cpe-item name="cpe:///the_media_shoppe_berhad:tmspublisher:3.3"><title>Application  The Media Shoppe Berhad,  TmsPUBLISHER,  3.3</title></cpe-item></cpe-list>
	


  









