<?xml version="1.0" encoding="UTF-8"?><mets:mets xmlns:mets="http://www.loc.gov/METS/" xmlns:lc="http://www.loc.gov/mets/profiles" xmlns:xsi="http://www.w3.org/2001/XMLSchema-instance" xmlns:xlink="http://www.w3.org/1999/xlink" xmlns:rights="http://www.loc.gov/rights/" xmlns:mods="http://www.loc.gov/mods/v3" xmlns:sm="http://www.loc.gov/mets/profiles/sheetMusic" OBJID="loc.natlib.ihas.100005646" xsi:schemaLocation="http://www.loc.gov/METS/ http://www.loc.gov/standards/mets/mets.xsd http://www.loc.gov/mods/v3 http://www.loc.gov/standards/mods/mods.xsd" PROFILE="lc:sheetMusic"><mets:dmdSec ID="DMD"><mets:mdWrap MDTYPE="MODS"><mets:xmlData><mods:mods version="3.2" ID="MODS1" xsi:schemaLocation="http://www.loc.gov/mods/v3 http://www.loc.gov/standards/mods/mods.xsd"><mods:titleInfo><mods:title>Violets</mods:title></mods:titleInfo><mods:name><mods:namePart>E. C. B.</mods:namePart><mods:role><mods:roleTerm type="text" authority="marcrelator">Composer</mods:roleTerm></mods:role></mods:name><mods:typeOfResource>notated music</mods:typeOfResource><mods:originInfo><mods:place><mods:placeTerm type="text">New York</mods:placeTerm></mods:place><mods:publisher>S. Brainard's Sons Co.</mods:publisher><mods:dateIssued>[1846]</mods:dateIssued><mods:issuance>monographic</mods:issuance></mods:originInfo><mods:physicalDescription><mods:form authority="ihas">sheet music</mods:form><mods:reformattingQuality>access</mods:reformattingQuality><mods:extent>1 score</mods:extent><mods:digitalOrigin>reformatted digital</mods:digitalOrigin></mods:physicalDescription><mods:targetAudience authority="marctarget">adult</mods:targetAudience><mods:classification>22/1526</mods:classification><mods:identifier type="local" displayLabel="IHASDigitalID">100005646</mods:identifier><mods:identifier type="local" displayLabel="IHASMODSID">2124</mods:identifier><mods:identifier type="membership">edison</mods:identifier><mods:identifier type="index">IHAS</mods:identifier><mods:location><mods:physicalLocation>Music Division</mods:physicalLocation><mods:physicalLocation authority="marcorg">DLC</mods:physicalLocation></mods:location><mods:recordInfo><mods:recordContentSource>IHAS</mods:recordContentSource><mods:recordChangeDate encoding="marc">08100913</mods:recordChangeDate><mods:recordIdentifier source="IHAS">loc.natlib.ihas.100005646</mods:recordIdentifier></mods:recordInfo></mods:mods></mets:xmlData></mets:mdWrap></mets:dmdSec><mets:fileSec><mets:fileGrp USE="MASTER"><mets:file MIMETYPE="image/tiff" GROUPID="G1" ID="FN10024"><mets:FLocat LOCTYPE="URL" xlink:href="http://lcweb2.loc.gov/natlib/ihas/warehouse/edison1/100005646/001.tif"/></mets:file><mets:file MIMETYPE="image/tiff" GROUPID="G2" ID="FN10029"><mets:FLocat LOCTYPE="URL" xlink:href="http://lcweb2.loc.gov/natlib/ihas/warehouse/edison1/100005646/002.tif"/></mets:file><mets:file MIMETYPE="image/tiff" GROUPID="G3" ID="FN1002E"><mets:FLocat LOCTYPE="URL" xlink:href="http://lcweb2.loc.gov/natlib/ihas/warehouse/edison1/100005646/003.tif"/></mets:file><mets:file MIMETYPE="image/tiff" GROUPID="G4" ID="FN10033"><mets:FLocat LOCTYPE="URL" xlink:href="http://lcweb2.loc.gov/natlib/ihas/warehouse/edison1/100005646/004.tif"/></mets:file><mets:file MIMETYPE="image/tiff" GROUPID="G5" ID="FN10038"><mets:FLocat LOCTYPE="URL" xlink:href="http://lcweb2.loc.gov/natlib/ihas/warehouse/edison1/100005646/100005646.tif"/></mets:file></mets:fileGrp><mets:fileGrp USE="SERVICE"><mets:file MIMETYPE="image/jpeg" GROUPID="G1" ID="FN10061"><mets:FLocat LOCTYPE="URL" xlink:href="http://lcweb2.loc.gov/natlib/ihas/service/edison1/100005646/001v.jpg"/></mets:file><mets:file MIMETYPE="image/jpeg" GROUPID="G2" ID="FN1007F"><mets:FLocat LOCTYPE="URL" xlink:href="http://lcweb2.loc.gov/natlib/ihas/service/edison1/100005646/002v.jpg"/></mets:file><mets:file MIMETYPE="image/jpeg" GROUPID="G3" ID="FN1009D"><mets:FLocat LOCTYPE="URL" xlink:href="http://lcweb2.loc.gov/natlib/ihas/service/edison1/100005646/003v.jpg"/></mets:file><mets:file MIMETYPE="image/jpeg" GROUPID="G4" ID="FN100BB"><mets:FLocat LOCTYPE="URL" xlink:href="http://lcweb2.loc.gov/natlib/ihas/service/edison1/100005646/004v.jpg"/></mets:file></mets:fileGrp></mets:fileSec><mets:structMap><mets:div TYPE="sm:sheetMusicObject" DMDID="MODS1"><mets:div TYPE="sm:sheetMusicScore"><mets:div TYPE="sm:page"><mets:fptr FILEID="FN10024"/><mets:fptr FILEID="FN10061"/></mets:div><mets:div TYPE="sm:page"><mets:fptr FILEID="FN10029"/><mets:fptr FILEID="FN1007F"/></mets:div><mets:div TYPE="sm:page"><mets:fptr FILEID="FN1002E"/><mets:fptr FILEID="FN1009D"/></mets:div><mets:div TYPE="sm:page"><mets:fptr FILEID="FN10033"/><mets:fptr FILEID="FN100BB"/></mets:div></mets:div></mets:div></mets:structMap></mets:mets>