<?xml version="1.0" encoding="UTF-8"?>
<?xml-stylesheet type="text/xsl" href="billres.xsl"?>
<!--<?xml version="1.0" encoding="UTF-8"?>-->
<!--<?xml-stylesheet href="\billres.xsl" type="text/xsl"?>-->
<!--<!DOCTYPE bill PUBLIC "-//US Congress//DTDs/bill v2.8 20020720//EN" "http://thomas.loc.gov/dtd/bill.dtd">-->
<!DOCTYPE bill PUBLIC "-//US Congress//DTDs/bill v2.8 20020720//EN" "http://thomas.loc.gov/dtd/bill.dtd">
<bill bill-stage="Introduced-in-House" dms-id="H5134F18B9A5F4DCA8FE9F3BF3DD7F4AD" public-private="public" bill-type="olc"> 
<metadata xmlns:dc="http://purl.org/dc/elements/1.1/">
<dublinCore>
<dc:title>110 HR 551 IH: Home Ownership for America’s Veterans Act of 2007</dc:title>
<dc:publisher>U.S. House of Representatives</dc:publisher>
<dc:date>2007-01-18</dc:date>
<dc:format>text/xml</dc:format>
<dc:language>EN</dc:language>
<dc:rights>Pursuant to Title 17 Section 105 of the United States Code, this file is not subject to copyright protection and is in the public domain.</dc:rights>
</dublinCore>
</metadata>
<form> 
<distribution-code display="yes">I</distribution-code> 
<congress>110th CONGRESS</congress>
<session>1st Session</session>
<legis-num>H. R. 551</legis-num> 
<current-chamber>IN THE HOUSE OF REPRESENTATIVES</current-chamber> 
<action> 
<action-date date="20070118">January 18, 2007</action-date> 
<action-desc><sponsor name-id="D000598">Mrs. Davis of California</sponsor> (for herself, <cosponsor name-id="H000528">Mr. Herger</cosponsor>, <cosponsor name-id="L000397">Ms. Zoe Lofgren of California</cosponsor>, <cosponsor name-id="R000486">Ms. Roybal-Allard</cosponsor>, <cosponsor name-id="W000738">Ms. Woolsey</cosponsor>, <cosponsor name-id="C001050">Mr. Cardoza</cosponsor>, <cosponsor name-id="M001163">Ms. Matsui</cosponsor>, <cosponsor name-id="F000030">Mr. Farr</cosponsor>, <cosponsor name-id="T000057">Mrs. Tauscher</cosponsor>, <cosponsor name-id="M001166">Mr. McNerney</cosponsor>, <cosponsor name-id="S001150">Mr. Schiff</cosponsor>, <cosponsor name-id="H001034">Mr. Honda</cosponsor>, <cosponsor name-id="C001059">Mr. Costa</cosponsor>, <cosponsor name-id="F000116">Mr. Filner</cosponsor>, <cosponsor name-id="B000461">Mr. Bilbray</cosponsor>, <cosponsor name-id="C000059">Mr. Calvert</cosponsor>, <cosponsor name-id="W000215">Mr. Waxman</cosponsor>, <cosponsor name-id="B000410">Mr. Berman</cosponsor>, and <cosponsor name-id="L000090">Mr. Lantos</cosponsor>) introduced the following bill; which was referred to the <committee-name committee-id="HWM00">Committee on Ways and Means</committee-name></action-desc>
</action> 
<legis-type>A BILL</legis-type> 
<official-title>To amend the Internal Revenue Code of 1986 with respect to the eligibility of veterans for mortgage bond financing, and for other purposes.</official-title> 
</form> 
<legis-body id="HA5FF10B6346A4F80BC2FD288D834B5E" style="OLC"> 
<section id="HC2C6918126DD4296A7D83E8073857312" section-type="section-one" display-inline="no-display-inline"><enum>1.</enum><header>Short title</header><text display-inline="no-display-inline">This Act may be cited as the <quote><short-title>Home Ownership for America’s Veterans Act of 2007</short-title></quote>.</text></section> 
<section section-type="subsequent-section" id="H1B3485E9ED2C4500BF7908338F51CBAB" display-inline="no-display-inline"><enum>2.</enum><header>All veterans eligible for State home loan programs funded by qualified veterans’ mortgage bonds</header> 
<subsection id="H5363D15E8BAD4C78B8CA00E3DF7491E5"><enum>(a)</enum><header>In general</header><text><external-xref legal-doc="usc" parsable-cite="usc/26/143">Section 143(l)(4)</external-xref> of the Internal Revenue Code of 1986 (defining qualified veteran) is amended—</text> 
<paragraph id="HA3A1F55E36CF4C7EB4AE2644A7BEAF70"><enum>(1)</enum><text>by striking <quote>at some time before January 1, 1977</quote> in subparagraph (A), and</text></paragraph> 
<paragraph id="HAF4372EF7946492DA8665353356C8E7D"><enum>(2)</enum><text>by striking subparagraph (B) and inserting the following:</text> 
<quoted-block id="H8B89DE38BE2F4308AF65AF56536726E4"> 
<subparagraph id="HCE57667E8B884F9FBF83BA847F6BE20"><enum>(B)</enum><text>who applied for the financing before the date 25 years after the last on which such veteran left active service.</text></subparagraph><after-quoted-block>.</after-quoted-block></quoted-block></paragraph></subsection> 
<subsection id="H36D0DDD0FEC4473C0097FAE363439CE2"><enum>(b)</enum><header>Effective date</header><text>The amendments made by this section shall apply to financing provided and mortgage credit certificates issued after June 30, 2007.</text></subsection></section> 
<section id="HEF68118C4C8849F68D8392231F7C9C98"><enum>3.</enum><header>Inflation adjustment of State veterans limit</header> 
<subsection id="H1488033AC1DC4C84941F416F3FCA4600"><enum>(a)</enum><header>In general</header><text display-inline="yes-display-inline">Section 143(l)(3) of such Code (relating to volume limitation) is amended by adding at the end the following new subparagraph:</text> 
<quoted-block style="OLC" id="H93B24722C689409F9C2E7D7EBFC81998" display-inline="no-display-inline"> 
<subparagraph id="H4F3502542EA84B6EA37EC6699B61A615"><enum>(D)</enum><header>Limitation adjustment based on inflation</header> 
<clause id="H367D91FDFBBD45FC9983E623F76C1486"><enum>(i)</enum><header>In general</header><text>In the case of calendar years after 2010, the limit determined under subparagraph (B) for a State shall be adjusted for any such calendar year by multiplying such limit by the inflation adjustment factor for the calendar year.</text></clause> 
<clause id="HA93AEE7DE15E439D8F356CC4E87B5636"><enum>(ii)</enum><header>Computation of inflation adjustment factor</header> 
<subclause id="HA60692077E9C43BD80D67CCF6678907B"><enum>(I)</enum><header>In general</header><text>The Secretary shall, not later than each October 1, determine and publish in the Federal Register the inflation adjustment factor for the succeeding calendar year in accordance with this paragraph. </text></subclause> 
<subclause id="H67F6F06FF84B49FB85B1757550BCD14C"><enum>(II)</enum><header>Inflation adjustment factor</header><text display-inline="yes-display-inline">The term <term>inflation adjustment factor</term> means, with respect to a calendar year, a fraction the numerator of which is the CMHPI for the second quarter of the calendar year preceding the calendar year for which the adjustment is being made and the denominator of which is the CMHPI for the second quarter of calendar year 2009.</text></subclause> 
<subclause id="H7C285DB8DF6A4FFF898DF382469E0816"><enum>(III)</enum><header>CMHPI</header><text display-inline="yes-display-inline">The term <term>CMHPI</term> means the Conventional Mortgage Home Price Index compiled by Freddie Mac. The CMHPI for any quarter shall be the CMHPI first published for such quarter.</text></subclause></clause></subparagraph><after-quoted-block>.</after-quoted-block></quoted-block></subsection> 
<subsection id="H5236D0DD825E4963A3C07DB6E17F579"><enum>(b)</enum><header>Effective date</header><text>The amendments made by this section shall apply to bonds issued after the date of the enactment of this Act.</text></subsection></section> 
</legis-body> 
</bill> 

