<?xml version="1.0"?>
<metadata><Source>http://gislab.cifor.cgiar.org/download/xml/metadata0216.xml</Source>
  <idinfo>
    <citation>
      <citeinfo>
        <origin>PT INHUTANI II</origin>
        <pubdate>20030730</pubdate>
        <title>Inhutani II Unit Malinau Boundary</title>
        <geoform>vector digital data</geoform>
        <lworkcit>
          <citeinfo>
            <origin>Unknown</origin>
            <pubdate>Unknown</pubdate>
            <title>AGRICULTURE AND FORESTRY</title>
            <geoform missing="True">
            </geoform>
          </citeinfo>
        </lworkcit>
      </citeinfo>
    </citation>
    <descript>
      <abstract>This dataset represent information of Inhutani II Unit Malinau concession area within Malinau District.</abstract>
      <purpose>For Inhutani II Unit Malinau</purpose>
    </descript>
    <timeperd>
      <timeinfo>
        <rngdates>
          <begdate>Unknown</begdate>
          <enddate>Unknown</enddate>
        </rngdates>
      </timeinfo>
      <current>ground condition</current>
    </timeperd>
    <status>
      <progress missing="True">
      </progress>
      <update>Unknown</update>
    </status>
    <spdom>
      <bounding>
        <westbc>116.461345</westbc>
        <eastbc>116.623976</eastbc>
        <northbc>3.226119</northbc>
        <southbc>2.869349</southbc>
      </bounding>
    </spdom>
    <keywords>
      <theme>
        <themekt>GEMET</themekt>
        <themekey>timber forest</themekey>
        <themekey>forest management</themekey>
        <themekey>boundary layer</themekey>
      </theme>
      <place>
        <placekt>None</placekt>
        <placekey>Malinau</placekey>
      </place>
    </keywords>
    <accconst>Restricted</accconst>
    <useconst>The information contained in this dataset is restricted. Please contact the contact person to request access to this dataset.</useconst>
    <ptcontac>
      <cntinfo>
        <cntorgp>
          <cntorg>PT INHUTANI II</cntorg>
        </cntorgp>
        <cntaddr>
          <addrtype>mailing address</addrtype>
          <city>
          </city>
          <state>
          </state>
          <postal>
          </postal>
        </cntaddr>
        <cntvoice missing="True"></cntvoice>
      </cntinfo>
    </ptcontac>
    <native>Microsoft Windows 2000 Version 5.1 (Build 2600) Service Pack 1; ESRI ArcCatalog 8.3.0.800</native>
  </idinfo>
  <dataqual>
    <logic>
    </logic>
    <complete>
    </complete>
    <lineage>
      <procstep>
        <procdesc>No information related to the source of this dataset.</procdesc>
        <procdate>Unknown</procdate>
      </procstep>
    </lineage>
  </dataqual>
  <spdoinfo>
    <direct>Vector</direct>
    <ptvctinf>
      <sdtsterm>
        <sdtstype>G-polygon</sdtstype>
        <ptvctcnt>1</ptvctcnt>
      </sdtsterm>
    </ptvctinf>
  </spdoinfo>
  <spref>
    <horizsys>
      <geograph>
        <latres>0.00001</latres>
        <longres>0.00001</longres>
        <geogunit>Decimal degrees</geogunit>
      </geograph>
      <geodetic>
        <horizdn>D_WGS_1984</horizdn>
        <ellips>WGS_1984</ellips>
        <semiaxis>6378137</semiaxis>
        <denflat>298.257224</denflat>
      </geodetic>
    </horizsys>
    <vertdef>
      <altsys>
        <altdatum>
        </altdatum>
        <altres>1.000000</altres>
        <altunits>
        </altunits>
        <altenc>Explicit elevation coordinate included with horizontal coordinates</altenc>
      </altsys>
    </vertdef>
  </spref>
  <eainfo>
    <detailed>
      <enttyp>
        <enttypl>mrf.GISUSER.inhutani_malinau_boundaries</enttypl>
        <enttypd>
        </enttypd>
        <enttypds>
        </enttypds>
      </enttyp>
      <attr>
        <attrlabl>OBJECTID</attrlabl>
        <attrdef>Internal feature number.</attrdef>
        <attrdefs>ESRI</attrdefs>
        <attrdomv>
          <udom>Sequential unique whole numbers that are automatically generated.</udom>
        </attrdomv>
      </attr>
      <attr>
        <attrlabl>IDR_ID</attrlabl>
        <attrdef>Feature geometry.</attrdef>
        <attrdefs>ESRI</attrdefs>
        <attrdomv>
          <udom>Coordinates defining the features.</udom>
        </attrdomv>
      </attr>
      <attr>
        <attrlabl>inbnd9D</attrlabl>
        <attrdef>
        </attrdef>
        <attrdefs>
        </attrdefs>
      </attr>
      <attr>
        <attrlabl>Shape</attrlabl>
        <attrdef>Feature geometry.</attrdef>
        <attrdefs>ESRI</attrdefs>
        <attrdomv>
          <udom>Coordinates defining the features.</udom>
        </attrdomv>
      </attr>
      <attr>
        <attrlabl>Shape.area</attrlabl>
        <attrdef>
        </attrdef>
        <attrdefs>
        </attrdefs>
      </attr>
      <attr>
        <attrlabl>Shape.len</attrlabl>
        <attrdef>
        </attrdef>
        <attrdefs>
        </attrdefs>
      </attr>
    </detailed>
  </eainfo>
  <distinfo>
    <distrib>
      <cntinfo>
        <cntorgp>
          <cntorg>CIFOR</cntorg>
          <cntper>PGunarso</cntper>
        </cntorgp>
        <cntpos>&lt;Choose a Unit&gt;</cntpos>
        <cntaddr>
          <addrtype>
          </addrtype>
          <address>P.O.Box 6596 JKPWB</address>
          <city>Jakarta 10065</city>
          <state>West Java</state>
          <postal>
          </postal>
          <country>Indonesia</country>
        </cntaddr>
        <cntvoice>+62 (251) 622 622</cntvoice>
        <cnttdd>http://www.cifor.cgiar.org</cnttdd>
        <cntfax>+62 (251) 622 100</cntfax>
        <cntemail>cifor@cgiar.org</cntemail>
      </cntinfo>
    </distrib>
    <resdesc>Offline Data</resdesc>
    <distliab>
    </distliab>
    <stdorder>
      <digform>
        <digtinfo>
          <formname>
          </formname>
          <transize>0.017</transize>
        </digtinfo>
      </digform>
      <fees>
      </fees>
    </stdorder>
  </distinfo>
  <metainfo>
    <metd>20040721</metd>
    <metc>
      <cntinfo>
        <cntorgp>
          <cntorg>CIFOR</cntorg>
          <cntper>ADarmawan</cntper>
        </cntorgp>
        <cntaddr>
          <addrtype>mailing address</addrtype>
          <address>P.O.Box 6596 JKPWB</address>
          <city>Jakarta 10065</city>
          <state>West Java</state>
          <postal>REQUIRED: The ZIP or other postal code of the address.</postal>
          <country>Indonesia</country>
        </cntaddr>
        <cntvoice>+62 (251) 622 622</cntvoice>
        <cntfax>+62 (251) 622 100</cntfax>
      </cntinfo>
    </metc>
    <metstdn>FGDC Content Standard for Digital Geospatial Metadata</metstdn>
    <metstdv>FGDC-STD-001-1998</metstdv>
  </metainfo>
</metadata>
