<Spase xmlns:xsi="http://www.w3.org/2001/XMLSchema-instance"
       xmlns="http://www.spase-group.org/data/schema">
<Version>1.3.0</Version>
<Granule>
  <ResourceID>spase://VMO/Granule/AMPTE_UKS/FGM/PT5S/uk_pp_mag_19850111</ResourceID>
  <ReleaseDate>2008-07-03T17:38:45Z</ReleaseDate>
  <ParentID>spase://VMO/NumericalData/AMPTE_UKS/FGM/PT5S</ParentID>
  <URL>http://vmo.nasa.gov/mission/ampte_uks/mag/uk_pp_mag_19850111.txt</URL>
  <StartDate>1985-01-11T04:09:07Z</StartDate>
  <StopDate>1985-01-11T09:27:01Z</StopDate>
  <Checksum>
    <HashValue>1440efa4f663cad9926dec6d2383f879</HashValue>
    <HashFunction>MD5</HashFunction>
  </Checksum>
  <DataExtent>
    <Quantity>270181</Quantity>
    <Units>Bytes</Units>
  </DataExtent>
</Granule>
</Spase>
