"Table with row headers in columns A and L, and column headers in row 5.",,,,,,,,,,,Table with row headers in column A and column headers in row 5.,,,,,,,,
Table 33.  Reason for Move by Selected Characteristics and Type of Move (all categories):  2004 to 2005,,,,,,,,,,,Table 33.  Reason for Move by Selected Characteristics and Type of Move (all categories):  2004 to 2005,,,,,,,,
(Numbers in thousands.),,,,,,,,,,,(Numbers in thousands.),,,,,,,,
(leading dots indicate sub-parts),,,,,,,,,,,(leading dots indicate sub-parts),,,,,,,,
Selected Characteristic,Total,Change in marital status,To establish own household,Other family reason,New job or job transfer,To look for work or lost job,To be closer to work/easier commute,Retired,Other job related reason,"Wanted own home, not rent",Selected Characteristic,Wanted new or better home/ apartment,Wanted better neighborhood /less crime,Wanted cheaper housing,Other housing reason,To attend or leave college,Change of climate,Health reasons,Other reasons
Intracounty,,,,,,,,,,,Intracounty,,,,,,,,
.MOVERS 1+ YEARS,"22,736","1,588","2,167","2,228",528,115,741,47,81,"2,776",.MOVERS 1+ YEARS,"5,548","1,088","1,984","2,654",411,38,310,431
.SEX,,,,,,,,,,,.SEX,,,,,,,,
..Male,"11,281",771,"1,029","1,078",298,62,383,24,42,"1,362",..Male,"2,767",539,999,"1,332",210,16,158,212
..Female,"11,455",818,"1,138","1,150",230,53,358,24,39,"1,413",..Female,"2,781",549,985,"1,322",202,22,152,219
.AGE,,,,,,,,,,,.AGE,,,,,,,,
..Under 16 years,"5,931",380,528,712,115,14,145,4,7,709,..Under 16 years,"1,702",277,453,745,11,11,12,106
..16 to 19 years,"1,234",75,187,167,20,6,14,-,2,132,..16 to 19 years,245,66,89,137,62,-,6,28
..20 to 24 years,"3,592",213,604,287,81,31,149,-,8,292,..20 to 24 years,708,129,366,379,265,3,5,71
..25 to 29 years,"3,153",195,364,224,97,14,136,-,11,494,..25 to 29 years,687,170,317,308,53,-,26,57
..30 to 44 years,"5,312",478,334,476,132,21,215,7,31,811,..30 to 44 years,"1,454",257,400,522,17,11,48,98
..45 to 64 years,"2,748",216,125,285,79,28,80,23,19,310,..45 to 64 years,612,152,282,386,4,11,76,60
..65 to 74 years,423,21,20,33,6,-,1,10,2,12,..65 to 74 years,92,18,56,102,-,2,42,5
..75+ years,343,10,4,45,-,-,-,3,-,15,..75+ years,48,19,21,76,-,-,95,7
.RACE/ETHNICITY,,,,,,,,,,,.RACE/ETHNICITY,,,,,,,,
..White alone,"17,378","1,326","1,624","1,715",443,94,561,44,71,"2,119",..White alone,"4,260",678,"1,470","2,018",334,36,240,346
..Black or African American alone,"3,679",192,412,360,58,11,101,1,6,395,..Black or African American alone,868,290,398,449,36,-,44,56
..Asian alone,796,23,49,38,12,-,36,1,-,181,..Asian alone,227,46,50,78,29,2,9,14
..All remaining single races and Two or More Races/1,882,47,82,115,15,10,43,1,3,81,..All remaining single races and Two or More Races/1,193,74,67,109,12,-,16,15
..Hispanic or Latino/2,"4,580",278,494,484,147,49,161,2,20,512,..Hispanic or Latino/2,"1,087",217,485,514,39,7,12,72
"..White alone, not Hispanic or Latino","13,155","1,062","1,164","1,263",299,47,415,42,52,"1,654","..White alone, not Hispanic or Latino","3,257",490,"1,006","1,561",307,29,230,277
"..All remaining single races and Two or More Races, not Hispanic or Latino/1","5,000",248,509,481,82,19,165,3,8,610,"..All remaining single races and Two or More Races, not Hispanic or Latino/1","1,204",381,493,579,65,2,68,83
..White alone or in combination with one or more other races,"17,887","1,355","1,676","1,761",444,102,583,45,72,"2,162",..White alone or in combination with one or more other races,"4,386",725,"1,516","2,080",336,36,250,358
..Black or African American alone or in combination with one or more other races,"3,923",204,436,391,64,14,117,1,7,408,..Black or African American alone or in combination with one or more other races,920,314,426,476,36,-,51,57
..Asian alone or in combination with one or more other races,891,26,56,47,13,-,38,2,-,198,..Asian alone or in combination with one or more other races,252,50,52,96,30,2,9,19
.EDUCATION,,,,,,,,,,,.EDUCATION,,,,,,,,
..Less than 9th grade,766,41,77,76,14,16,21,-,6,57,..Less than 9th grade,177,23,122,92,-,-,38,7
"..Grades 9-12, no diploma","1,249",78,112,161,22,6,41,-,-,127,"..Grades 9-12, no diploma",241,81,133,182,6,1,35,22
..High school graduate,"3,744",322,267,375,58,25,105,12,23,427,..High school graduate,816,215,412,473,10,2,110,92
..Some college or AA degree,"3,110",270,203,240,124,14,94,17,10,411,..Some college or AA degree,796,160,227,362,37,9,75,60
..Bachelor's degree,"2,209",160,143,164,55,3,115,13,10,412,..Bachelor's degree,611,82,153,219,17,1,18,34
..Prof. or graduate degree,901,50,44,47,40,-,56,2,15,209,..Prof. or graduate degree,251,56,30,65,4,9,11,11
..NIU (ages 1-24 years),"10,757",668,"1,320","1,166",215,51,309,4,17,"1,133",..NIU (ages 1-24 years),"2,655",471,908,"1,260",338,14,24,204
.MARITAL STATUS,,,,,,,,,,,.MARITAL STATUS,,,,,,,,
"..Married, spouse present","6,370",544,426,443,163,13,159,32,27,"1,104","..Married, spouse present","1,937",309,383,643,7,19,83,77
"..Married, spouse absent",317,20,24,48,13,9,16,-,5,20,"..Married, spouse absent",54,8,43,30,5,1,18,2
..Widowed,425,12,15,58,-,3,-,2,5,37,..Widowed,61,28,63,87,-,-,47,8
..Divorced,"1,975",254,160,251,47,13,84,5,6,178,..Divorced,340,89,214,219,16,3,54,41
..Separated,647,204,68,83,10,2,8,-,1,36,..Separated,96,13,42,69,1,1,7,8
..Never married,"7,340",197,959,676,181,63,335,5,30,728,..Never married,"1,434",379,808,885,372,3,90,195
..NIU (ages 1-14 years),"5,662",357,516,669,114,13,139,4,7,673,..NIU (ages 1-14 years),"1,624",261,430,722,11,11,12,100
.LABOR FORCE PARTICIPATION,,,,,,,,,,,.LABOR FORCE PARTICIPATION,,,,,,,,
..Employed (civilian),"11,494",890,"1,202",964,336,69,501,21,49,"1,621",..Employed (civilian),"2,665",533,933,"1,174",212,17,72,236
..Unemployed,"1,050",88,136,112,13,20,21,-,8,80,..Unemployed,198,70,125,132,9,4,11,23
..Armed Forces/3,78,18,7,5,8,-,2,-,1,10,..Armed Forces/3,13,3,2,7,-,-,-,3
..Not in labor force,"4,183",213,293,435,56,12,72,22,16,355,..Not in labor force,971,206,471,597,179,7,215,63
..NIU (ages 1-15 years),"5,931",380,528,712,115,14,145,4,7,709,..NIU (ages 1-15 years),"1,702",277,453,745,11,11,12,106
.TENURE,,,,,,,,,,,.TENURE,,,,,,,,
..In an owner-occupied unit,"8,494",655,517,933,121,25,132,36,28,"2,536",..In an owner-occupied unit,"2,177",258,240,530,27,4,104,171
..In a renter-occupied unit,"14,242",933,"1,649","1,295",408,90,608,12,53,239,..In a renter-occupied unit,"3,370",830,"1,744","2,124",384,34,206,260
.POVERTY STATUS,,,,,,,,,,,.POVERTY STATUS,,,,,,,,
..Below poverty level,"5,075",254,740,543,97,30,141,5,9,305,..Below poverty level,"1,078",237,561,741,146,8,75,106
..At or above poverty level,"17,661","1,334","1,427","1,685",431,84,599,42,72,"2,471",..At or above poverty level,"4,470",851,"1,424","1,913",265,30,235,326
.HOUSEHOLD INCOME,,,,,,,,,,,.HOUSEHOLD INCOME,,,,,,,,
"..Under $9,999","2,131",93,336,217,33,21,54,3,2,99,"..Under $9,999",389,109,294,314,43,2,57,63
"..$10,000 to $19,999","3,096",187,498,327,56,13,85,2,3,150,"..$10,000 to $19,999",653,174,331,422,77,7,62,50
"..$20,000 to $29,999","3,199",206,333,309,87,15,95,-,17,265,"..$20,000 to $29,999",710,150,380,455,60,5,47,67
"..$30,000 to $39,999","3,016",223,295,252,78,13,122,11,8,340,"..$30,000 to $39,999",637,190,394,304,65,-,40,45
"..$40,000 to $49,999","2,416",241,195,263,25,26,59,-,12,321,"..$40,000 to $49,999",600,107,180,248,70,1,30,38
"..$50,000 to $59,999","1,983",147,172,211,27,10,34,10,11,369,"..$50,000 to $59,999",483,120,138,182,30,1,9,30,,
"..$60,000 to $69,999","1,588",142,65,181,61,5,106,3,2,309,"..$60,000 to $69,999",375,64,75,151,15,-,11,24,,
"..$70,000 to $84,999","1,628",100,101,91,60,3,68,-,9,387,"..$70,000 to $84,999",444,57,47,185,6,7,17,45,,
"..$85,000 to $99,999","1,023",94,45,125,16,3,25,3,8,206,"..$85,000 to $99,999",262,42,61,94,8,6,11,15,,
"..$100,000 and over","2,655",156,126,252,85,6,92,16,11,332,"..$100,000 and over",997,75,83,299,37,8,27,54,,

Footnotes:,,,,,,,,,,,Footnotes:,,,,,,,,,,
"1/  Includes American Indian and Alaska Native alone, Native Hawaiian and Other Pacific Islander alone, and Two or More Races.",,,,,,,,,,,"1/  Includes American Indian and Alaska Native alone, Native Hawaiian and Other Pacific Islander alone, and Two or More Races.",,,,,,,,,,
2/  Hispanics or Latinos may be of any race.,,,,,,,,,,,2/  Hispanics or Latinos may be of any race.,,,,,,,,,,
"3/  Includes members of the Armed Forces in the United States living off post or with their families on post, but excludes all other members of the Armed Forces.",,,,,,,,,,,"3/  Includes members of the Armed Forces in the United States living off post or with their families on post, but excludes all other members of the Armed Forces.",,,,,,,,,,
NIU  Not in Universe,,,,,,,,,,,NIU  Not in Universe,,,,,,,,,,
"""-"" Represents zero or rounds to zero.",,,,,,,,,,,"""-"" Represents zero or rounds to zero.",,,,,,,,,,
"Source: U.S. Census Bureau, Current Population Survey, 2005 Annual Social and Economic Supplement",,,,,,,,,,,"Source: U.S. Census Bureau, Current Population Survey, 2005 Annual Social and Economic Supplement",,,,,,,,,,
"Internet Release Date: September 27, 2006",,,,,,,,,,,"Internet Release Date: September 27, 2006",,,,,,,,,,
