Table with row headers in column A and column headers in row 5.,,,,,,,,
"Table 9.  General Mobility of Employed Civilians 16 Years and Over, by Sex, Age, and Major Occupation Group:  2003",,,,,,,,
(Numbers in thousands.),,,,,,,,
(leading dot indicates sub-part),,,,,,,,
Male,Total,Non-mover,Same county,"Different county, same State","Different State, same division","Different division, same region",Different region,Abroad
16+ years,,,,,,,,
.Employed civilians,"72,011","61,252","6,326","2,064","1,061",307,702,300
".Management, business, and financial","11,502","10,233",662,269,141,54,104,38
.Professional,"11,860","10,015","1,011",368,181,45,179,62
.Service,"9,254","7,599",1026,285,147,44,97,56
.Sales,"8,231","7,043",700,255,121,28,58,25
.Office and Administrative support,"4,684","3,947",415,150,93,22,47,9
".Farming, fishing, and forestry",672,559,66,24,13,1,1,7
.Construction and extraction ,"7,662","6,339",801,223,130,41,90,38
".Installation, maintenance, and repair","4,690","4,045",394,141,53,29,24,5
.Production,"6,581","5,694",556,159,93,17,38,23
.Transportation and material moving,"6,875","5,777",695,189,89,26,62,37
16 to 24 years,,,,,,,,
.Employed civilians,"9,618","7,168","1,495",433,253,59,162,48
".Management, business, and financial",355,246,50,28,15,3,7,5
.Professional,822,566,160,41,19,2,33,2
.Service,2525,1942,387,83,53,12,38,10
.Sales,"1,287",981,183,62,29,6,18,8
.Office and Administrative support,997,788,132,37,19,13,7,1
".Farming, fishing, and forestry",158,104,26,17,5,-,1,3
.Construction and extraction ,1034,696,207,47,40,11,28,5
".Installation, maintenance, and repair",540,400,92,24,13,5,3,4
.Production,808,650,82,30,24,8,12,2
.Transportation and material moving,1092,793,177,65,35,-,14,8
25 to 34 years,,,,,,,,
.Employed civilians,"16,425","12,540","2,313",747,362,107,238,119
".Management, business, and financial","2,026","1,592",231,87,45,19,36,16
.Professional,"3,027","2,235",462,161,64,22,59,24
.Service,"2,212","1,673",321,104,38,13,37,26
.Sales,"1,687","1,287",260,81,35,5,14,5
.Office and Administrative support,"1,130",853,138,60,45,3,26,6
".Farming, fishing, and forestry",172,131,28,4,6,-,-,4
.Construction and extraction ,2086,1606,274,81,60,21,22,22
".Installation, maintenance, and repair","1,134",892,139,53,21,13,14,2
.Production,"1,437","1,107",217,62,28,4,12,8
.Transportation and material moving,"1,513","1,164",244,54,19,6,19,7
35 to 44 years,,,,,,,,
.Employed civilians,"18,456","15,988","1,441",533,186,80,148,81
".Management, business, and financial","3,281","2,899",199,98,28,12,36,10
.Professional,"3,030","2,594",232,96,43,15,28,22
.Service,"1,888","1,595",178,49,24,13,15,14
.Sales,"2,041","1,796",129,72,15,6,11,12
.Office and Administrative support,"1,008",877,69,37,11,3,11,-
".Farming, fishing, and forestry",137,127,8,-,2,-,-,-
.Construction and extraction ,2188,1864,202,60,20,8,25,8
".Installation, maintenance, and repair","1,296","1,125",113,40,6,7,6,-
.Production,"1,825","1,596",166,29,20,1,6,7
.Transportation and material moving,"1,762","1,514",146,52,17,16,11,7
45 to 64 years,,,,,,,,
.Employed civilians,"24,918","23,076","1,026",323,238,61,145,47
".Management, business, and financial","5,191","4,868",170,50,51,20,25,7
.Professional,"4,559","4,220",153,63,49,6,58,9
.Service,"2,265","2,034",135,47,28,7,7,7
.Sales,"2,809","2,605",117,31,36,11,9,-
.Office and Administrative support,"1,407","1,291",75,17,16,3,3,2
".Farming, fishing, and forestry",181,172,4,3,1,1,-,-
.Construction and extraction ,2222,2050,113,34,9,1,15,2
".Installation, maintenance, and repair","1,641","1,549",50,24,13,4,1,-
.Production,"2,383","2,224",85,37,20,5,8,5
.Transportation and material moving,"2,259","2,063",125,18,17,4,19,15
65+ years,,,,,,,,
.Employed civilians,"2,594","2,479",51,29,22,-,8,5
".Management, business, and financial",649,629,12,7,2,-,-,-
.Professional,423,400,4,7,6,-,2,5
.Service,365,354,5,3,3,-,-,-
.Sales,407,374,10,10,7,-,6,-
.Office and Administrative support,141,137,2,-,2,-,-,-
".Farming, fishing, and forestry",24,24,-,-,-,-,-,-
.Construction and extraction ,131,123,7,2,-,-,-,-
".Installation, maintenance, and repair",78,78,-,-,-,-,-,-
.Production,126,116,8,1,1,-,-,-
.Transportation and material moving,248,243,4,-,1,-,-,-
,,,,,,,,
Footnotes:,,,,,,,,
- represents zero or rounds to zero,,,,,,,,
"Source: U.S. Census Bureau, Current Population Survey, 2003 Annual Social and Economic Supplement"
"Internet Release Date:  March 23, 2004"
