<?xml version="1.0" encoding="UTF-8"?><mods:mods xmlns:mods="http://www.loc.gov/mods/v3" xmlns:xlink="http://www.w3.org/1999/xlink" xmlns:mets="http://www.loc.gov/METS/" xmlns:bib="http://www.loc.gov/mets/profiles/bibRecord" xmlns:lc="http://www.loc.gov/mets/profiles/" xmlns:xs="http://www.w3.org/2001/XMLSchema" ID="mods1">
               <mods:titleInfo>
                  <mods:title>B. MONKEY</mods:title>
               </mods:titleInfo>
               <mods:titleInfo type="alternative">
                  <mods:title>B. MONKEY - UNA DONNA DA SALVARE</mods:title>
               </mods:titleInfo>
               <mods:name>
                  <mods:namePart>Michael Radford</mods:namePart>
                  <mods:role>
                     <mods:roleTerm type="text">Director</mods:roleTerm>
                  </mods:role>
               </mods:name>
               <mods:name>
                  <mods:namePart>Luis Bacalov</mods:namePart>
                  <mods:role>
                     <mods:roleTerm type="text">Composer</mods:roleTerm>
                  </mods:role>
               </mods:name>
               <mods:name>
                  <mods:namePart>Bob Last</mods:namePart>
                  <mods:role>
                     <mods:roleTerm type="text">Music Supervisor</mods:roleTerm>
                  </mods:role>
               </mods:name>
               <mods:originInfo>
                  <mods:copyrightDate>1998</mods:copyrightDate>
                  <mods:place>
                     <mods:placeTerm type="text">UK/Italy/USA</mods:placeTerm>
                  </mods:place>
               </mods:originInfo>
               <mods:note type="Source">Information from: "Jazz on the Screen" by David Meeker. Used with permission.</mods:note>
               <mods:physicalDescription>
                  <mods:form authority="gmd">motion picture</mods:form>
               </mods:physicalDescription>
               <mods:note>Feature film (over 60 minutes).</mods:note>
               <mods:note type="Songs">(recorded) "Billets doux" by Maurice Yrain, performed by The Quintet of The Hot Club of France; "They can't take that away from me" by Ira and George Gershwin, performed by Peggy Lee; "Souvenirs" by and performed by Django Reinhardt; "Imagination" by Johnny Burke, James Van Heusen, performed by Chet Baker; "I'm goin' round in circles" by Jules Taub, performed by Jimmy Witherspoon; "Tupelo honey" by Van Morrison, performed by Cassandra Wilson.</mods:note>
               <mods:identifier type="index">jots</mods:identifier>
               <mods:recordInfo>
                  <mods:recordContentSource>IHAS</mods:recordContentSource>
                  <mods:recordChangeDate encoding="marc">070719</mods:recordChangeDate>
                  <mods:recordIdentifier source="IHAS">loc.natlib.ihas.200020828</mods:recordIdentifier>
               </mods:recordInfo>
            </mods:mods>