<?xml version="1.0" encoding="UTF-8"?>
<?xml-stylesheet type="text/xsl" href="billres.xsl"?>
<!--<?xml version="1.0"?>-->
<!--<!DOCTYPE bill PUBLIC "-//US Congress//DTDs/bill.dtd//EN" "C:\Program Files\Blast Radius\rules\bill.dtd" []>-->
<!DOCTYPE bill PUBLIC "-//US Congress//DTDs/bill v2.8 20020720//EN" "http://thomas.loc.gov/dtd/bill.dtd">
<bill bill-stage="Introduced-in-House" bill-type="olc" dms-id="H0F15D0726F224530B46D1BD2F48C8BB4" public-private="private">
	<metadata xmlns:dc="http://purl.org/dc/elements/1.1/">
<dublinCore>
<dc:title>111 HR 975 IH: For the relief of Terence George.</dc:title>
<dc:publisher>U.S. House of Representatives</dc:publisher>
<dc:date>2009-02-10</dc:date>
<dc:format>text/xml</dc:format>
<dc:language>EN</dc:language>
<dc:rights>Pursuant to Title 17 Section 105 of the United States Code, this file is not subject to copyright protection and is in the public domain.</dc:rights>
</dublinCore>
</metadata>
<form>
		<distribution-code display="yes">V</distribution-code>
		<congress>111th CONGRESS</congress>
		<session>1st Session</session>
		<legis-num>H. R. 975</legis-num>
		<current-chamber>IN THE HOUSE OF REPRESENTATIVES</current-chamber>
		<action>
			<action-date date="20090210">February 10, 2009</action-date>
			<action-desc><sponsor name-id="K000210">Mr. King of New York</sponsor>
			 introduced the following bill; which was referred to the
			 <committee-name committee-id="HJU00">Committee on the
			 Judiciary</committee-name></action-desc>
		</action>
		<legis-type>A BILL</legis-type>
		<official-title>For the relief of Terence George.</official-title>
	</form>
	<legis-body id="H38DA5D5C934A4E9EAD2D8BD1DB09584E" style="OLC">
		<section id="H9D98CA4DE361431B968DF5E9E356A6B8" section-type="section-one"><enum>1.</enum><header>Waiver of grounds for removal
			 of, or denial of admission to, Terence George</header>
			<subsection id="H10128C102DF041A5A5CF25794D7B4F55"><enum>(a)</enum><header>In
			 General</header><text display-inline="yes-display-inline">Notwithstanding
			 sections 212(a) and 237(a) of the Immigration and Nationality Act, Terence
			 George may not be removed from the United States, denied admission to the
			 United States, denied adjustment of status to that of an alien lawfully
			 admitted for permanent residence, or denied a nonimmigrant or immigrant visa by
			 reason of any act of his that is a ground for removal or denial of admission
			 and is reflected in the records of the Department of Homeland Security, or the
			 Visa Office of the Department of State, on the date of the enactment of this
			 Act.</text>
			</subsection><subsection id="H5534338FC047452BAFBCA50A017C2EE4"><enum>(b)</enum><header>Establishment of
			 Good Moral Character</header><text display-inline="yes-display-inline">Notwithstanding section 101(f) of the
			 Immigration and Nationality Act, any act described in subsection (a) may not be
			 considered in determining whether Terence George is, or during any period has
			 been, a person of good moral character for purposes of the Immigration and
			 Nationality Act.</text>
			</subsection></section></legis-body>
</bill>


