<?xml version="1.0" encoding="UTF-8"?>
<mods xmlns:xlink="http://www.w3.org/1999/xlink" xmlns:xsi="http://www.w3.org/2001/XMLSchema-instance" xmlns="http://www.loc.gov/mods/v3" version="3.3" xsi:schemaLocation="http://www.loc.gov/mods/v3 http://www.loc.gov/standards/mods/v3/mods-3-3.xsd" ID="id-E8-1194">
<name type="corporate">
<namePart>United States Government Printing Office</namePart>
<role>
<roleTerm authority="marcrelator" type="text">printer</roleTerm>
<roleTerm authority="marcrelator" type="code">prt</roleTerm>
</role>
<role>
<roleTerm authority="marcrelator" type="text">distributor</roleTerm>
<roleTerm authority="marcrelator" type="code">dst</roleTerm>
</role>
</name>
<name type="corporate">
<namePart>United States</namePart>
<namePart>National Archives and Records Administration</namePart>
<namePart>Federal Register Office</namePart>
<role>
<roleTerm authority="marcrelator" type="text">author</roleTerm>
<roleTerm authority="marcrelator" type="code">aut</roleTerm>
</role>
<description>Government Organization</description>
</name>
<typeOfResource>text</typeOfResource>
<genre authority="marcgt">government publication</genre>
<language>
<languageTerm type="code" authority="iso639-2b">eng</languageTerm>
</language>
<extension>
<collectionCode>FR</collectionCode>
<category>Regulatory Information</category>
<waisDatabaseName>2008_register</waisDatabaseName>
<branch>executive</branch>
</extension>
<genre authority="marcgt">article</genre>
<titleInfo>
<title>Submission for OMB Review: Comment Request</title>
<partName>Notices</partName>
</titleInfo>
<name type="corporate">
<namePart>United States</namePart>
<namePart>Department of Labor</namePart>
<role>
<roleTerm authority="marcrelator" type="text">originator</roleTerm>
<roleTerm authority="marcrelator" type="code">org</roleTerm>
</role>
<description>United States Government Agency or Subagency</description>
</name>
<name type="corporate">
<namePart>United States</namePart>
<namePart>Office of the Secretary</namePart>
<role>
<roleTerm authority="marcrelator" type="text">originator</roleTerm>
<roleTerm authority="marcrelator" type="code">org</roleTerm>
</role>
<description>United States Government Agency or Subagency</description>
</name>
<identifier type="FR citation">73 FR 4285</identifier>
<identifier type="uri">http://www.gpo.gov/fdsys/granule/FR-2008-01-24/E8-1194</identifier>
<identifier type="FR Doc No.">E8-1194</identifier>
<identifier type="former granule identifier">fr24ja08-108</identifier>
<identifier type="billing code">4510-26-P</identifier>
<location>
<url displayLabel="Content Detail" access="object in context">http://www.gpo.gov/fdsys/granule/FR-2008-01-24/E8-1194/content-detail.html</url>
<url displayLabel="PDF rendition" access="raw object">http://www.gpo.gov/fdsys/pkg/FR-2008-01-24/pdf/E8-1194.pdf</url>
<url displayLabel="HTML rendition" access="raw object">http://www.gpo.gov/fdsys/pkg/FR-2008-01-24/html/E8-1194.html</url>
</location>
<physicalDescription>
<extent>2 p.</extent>
</physicalDescription>
<part type="Notices">
<extent unit="pages">
<start>4285</start>
<end>4286</end>
</extent>
</part>
<identifier type="preferred citation">73 FR 4285</identifier>
<extension>
<searchTitle>Submission for OMB Review: Comment Request; Federal Register Vol. 73, Issue </searchTitle>
<granuleClass>NOTICE</granuleClass>
<accessId>E8-1194</accessId>
<agency order="1">DEPARTMENT OF LABOR</agency>
<agency order="2">Office of the Secretary</agency>
<billingCode>4510-26-P</billingCode>
<frDocNumber>E8-1194</frDocNumber>
<tocDoc>Agency Information Collection Activities; Proposals, Submissions, and Approvals, </tocDoc>
<emailRef>king.darrin@dol.gov</emailRef>
<emailRef>OIRA_submission@omb.eop.gov</emailRef>
<urlRef>http://www.reginfo.gov/public/do/PRAMain</urlRef>
<urlRef>RegInfo.gov</urlRef>
</extension>
<relatedItem type="host" ID="" xlink:href="http://www.gpo.gov/fdsys/pkg/FR-2008-01-24/mods.xml">
<titleInfo>
<title>Federal Register</title>
<partNumber>Vol. 73, no. 16</partNumber>
</titleInfo>
<originInfo>
<publisher>Office of the Federal Register, National Archives and Records Administration</publisher>
<dateIssued encoding="w3cdtf">2008-01-24</dateIssued>
<issuance>continuing</issuance>
<frequency>daily</frequency>
</originInfo>
<physicalDescription>
<note type="source content type">deposited</note>
<digitalOrigin>born digital</digitalOrigin>
<extent>397 p.</extent>
</physicalDescription>
<tableOfContents xlink:href="http://www.gpo.gov/fdsys/pkg/FR-2008-01-24/toc.html">
    Table of Contents: 
  </tableOfContents>
<classification authority="sudocs">AE 2.7:</classification>
<classification authority="sudocs">GS 4.107:</classification>
<classification authority="sudocs">AE 2.106:</classification>
<classification authority="lcc">KF70.A2</classification>
<identifier type="uri">http://www.gpo.gov/fdsys/pkg/FR-2008-01-24</identifier>
<identifier type="issn">0097-6326</identifier>
<identifier type="issn">0042-1219</identifier>
<identifier type="issn">0364-1406</identifier>
<identifier type="stock number">769-004-00000-9</identifier>
<identifier type="ILS system id">000582072</identifier>
<identifier type="former identifier">fr24ja08</identifier>
<location>
<url displayLabel="Content Detail" access="object in context">http://www.gpo.gov/fdsys/pkg/FR-2008-01-24/content-detail.html</url>
<url displayLabel="PDF rendition" access="raw object">http://www.gpo.gov/fdsys/pkg/FR-2008-01-24/pdf/FR-2008-01-24.pdf</url>
</location>
<part type="issue">
<extent unit="pages">
<start>4051</start>
<end>4447</end>
</extent>
</part>
<recordInfo>
<recordContentSource authority="marcorg">DGPO</recordContentSource>
<recordCreationDate encoding="w3cdtf">2009-01-09</recordCreationDate>
<recordChangeDate encoding="w3cdtf">2009-01-09</recordChangeDate>
<recordIdentifier source="DGPO">FR-2008-01-24</recordIdentifier>
<recordOrigin>machine generated</recordOrigin>
<languageOfCataloging>
<languageTerm type="code" authority="iso639-2b">eng</languageTerm>
</languageOfCataloging>
</recordInfo>
<extension>
<docClass>FR</docClass>
<accessId>FR-2008-01-24</accessId>
<volume>73</volume>
<issue>16</issue>
</extension>
</relatedItem>
</mods>
