<?xml version="1.0" encoding="UTF-8"?>
<?xml-stylesheet type="text/xsl" href="billres.xsl"?>
<!--<?xml version="1.0"?>-->
<!--<!DOCTYPE bill PUBLIC "-//US Congress//DTDs/bill.dtd//EN" "C:\Program Files\Blast Radius\rules\bill.dtd" []>-->
<!DOCTYPE bill PUBLIC "-//US Congress//DTDs/bill v2.8 20020720//EN" "http://thomas.loc.gov/dtd/bill.dtd">
<bill bill-stage="Introduced-in-Senate" public-private="public">
	<metadata xmlns:dc="http://purl.org/dc/elements/1.1/">
<dublinCore>
<dc:title>111 S322 IS: Commuter Benefits Equity Act of 2009</dc:title>
<dc:publisher>U.S. Senate</dc:publisher>
<dc:date>2009-01-26</dc:date>
<dc:format>text/xml</dc:format>
<dc:language>EN</dc:language>
<dc:rights>Pursuant to Title 17 Section 105 of the United States Code, this file is not subject to copyright protection and is in the public domain.</dc:rights>
</dublinCore>
</metadata>
<form>
		<distribution-code display="yes">II</distribution-code>
		<congress>111th CONGRESS</congress>
		<session>1st Session</session>
		<legis-num>S. 322</legis-num>
		<current-chamber>IN THE SENATE OF THE UNITED STATES</current-chamber>
		<action>
			<action-date date="20090126">January 26, 2009</action-date>
			<action-desc><sponsor name-id="S270">Mr. Schumer</sponsor> (for
			 himself, <cosponsor name-id="S161">Mr. Specter</cosponsor>,
			 <cosponsor name-id="S277">Mr. Carper</cosponsor>, <cosponsor name-id="S306">Mr.
			 Menendez</cosponsor>, <cosponsor name-id="S055">Mr. Kennedy</cosponsor>,
			 <cosponsor name-id="S150">Mr. Dodd</cosponsor>, <cosponsor name-id="S247">Mr.
			 Wyden</cosponsor>, <cosponsor name-id="S173">Mr. Kerry</cosponsor>,
			 <cosponsor name-id="S223">Mrs. Boxer</cosponsor>, <cosponsor name-id="S210">Mr.
			 Lieberman</cosponsor>, <cosponsor name-id="S167">Mr. Bingaman</cosponsor>,
			 <cosponsor name-id="S308">Mr. Cardin</cosponsor>, and <cosponsor name-id="S166">Mr. Lautenberg</cosponsor>) introduced the following bill; which
			 was read twice and referred to the <committee-name committee-id="SSFI00">Committee on Finance</committee-name></action-desc>
		</action>
		<legis-type>A BILL</legis-type>
		<official-title>To amend the Internal Revenue Code of 1986 to equalize
		  the exclusion from gross income of parking and transportation fringe benefits
		  and to provide for a common cost-of-living adjustment, and for other
		  purposes.</official-title>
	</form>
	<legis-body>
		<section id="S1" section-type="section-one"><enum>1.</enum><header>Short
			 title</header><text display-inline="no-display-inline">This Act may be cited as
			 the <quote><short-title>Commuter Benefits Equity Act of
			 2009</short-title></quote>.</text>
		</section><section id="ID50138D0F85B642BA8DCBEDB53387F2BF"><enum>2.</enum><header>Uniform dollar
			 limitation for all types of transportation fringe benefits</header>
			<subsection id="IDFE8EC87C2EB24CC0BB822D9600DF3F00"><enum>(a)</enum><header>In
			 general</header><text><external-xref legal-doc="usc" parsable-cite="usc/26/132">Section 132(f)(2)</external-xref> of the Internal Revenue Code of 1986
			 (relating to limitation on exclusion) is amended—</text>
				<paragraph id="id10448C26E10C47C38F9F46F474DD9F7A"><enum>(1)</enum><text>by striking
			 <quote>$100</quote> in subparagraph (A) and inserting <quote>$230</quote>,
			 and</text>
				</paragraph><paragraph id="id611C0C144CAC40BE92586377DAC354B1"><enum>(2)</enum><text>by striking
			 <quote>$175</quote> in subparagraph (B) and inserting
			 <quote>$230</quote>.</text>
				</paragraph></subsection><subsection id="IDC5CAB42CB2584F24A95F32C533AC0447"><enum>(b)</enum><header>Inflation
			 adjustment conforming amendments</header><text>Subparagraph (A) of section
			 132(f)(6) of the Internal Revenue Code of 1986 (relating to inflation
			 adjustment) is amended—</text>
				<paragraph id="ID8AA37C4D0DD84F9DA202C51D91BD4D72"><enum>(1)</enum><text>by striking the
			 last sentence,</text>
				</paragraph><paragraph id="ID607830BDAB7749C18587FAB3477F43C8"><enum>(2)</enum><text>by striking
			 <quote>1999</quote> and inserting <quote>2009</quote>, and</text>
				</paragraph><paragraph id="ID04D92940CD60462E9F16255446CDC99E"><enum>(3)</enum><text>by striking
			 <quote>1998</quote> and inserting <quote>2008</quote>.</text>
				</paragraph></subsection><subsection id="ID1153634F283C4A129D19FE5B429DD8FA"><enum>(c)</enum><header>Effective
			 date</header><text>The amendments made by this section shall apply to taxable
			 years beginning after December 31, 2008.</text>
			</subsection></section><section id="ID62E1870EB46B40299EF95BD7FBE6A6F3"><enum>3.</enum><header>Clarification of
			 Federal employee benefits</header><text display-inline="no-display-inline"><external-xref legal-doc="usc" parsable-cite="usc/5/7905">Section 7905</external-xref> of title 5, United States Code,
			 is amended—</text>
			<paragraph id="ID34E983C44FAD4D8E933734A1C678373D"><enum>(1)</enum><text>in subsection
			 (a)—</text>
				<subparagraph id="ID631A928132784A91B77F07BBD5CADDE2"><enum>(A)</enum><text>in paragraph
			 (2)(C) by inserting <quote>and</quote> after the semicolon;</text>
				</subparagraph><subparagraph id="ID06F70CA3CF25492796307F8DA6E7EDA9"><enum>(B)</enum><text>in paragraph (3)
			 by striking <quote>; and</quote> and inserting a period; and</text>
				</subparagraph><subparagraph id="ID45D95D3151FA493B80AC16B8E926B01C"><enum>(C)</enum><text>by striking
			 paragraph (4); and</text>
				</subparagraph></paragraph><paragraph id="ID6037825751794600B6ED10BA924FC800"><enum>(2)</enum><text>in subsection
			 (b)(2)(A) by amending subparagraph (A) to read as follows:</text>
				<quoted-block display-inline="no-display-inline" id="IDEFB46BD3EE6C451BB836336082FABFD3" style="OLC">
					<subparagraph commented="no" id="ID22CA41A4C04E47DEA51BE860AEFC8076"><enum>(A)</enum><text>a qualified
				transportation fringe as defined in section 132(f)(1) of the Internal Revenue
				Code of
				1986;</text>
					</subparagraph><after-quoted-block>.</after-quoted-block></quoted-block>
			</paragraph></section></legis-body>
</bill>


