"Table 17.  PAD District 4--Supply, Disposition, and Ending Stocks of Crude Oil and Petroleum Products, May 2007",,,,,,,,,,,,
,,          (Thousand Barrels),,,,,,,,,,
Commodity,,,Supply,,,,,Disposition,,,,Ending Stocks
,,,Field Production,Refinery and Blender Net Production,Imports (PADD of Entry)a,Net Receipts,Adjust-mentsb,Stock Changec,Refinery and Blender Net Inputs,Exports,Products Suppliedd,
Crude Oil,,,"11,026",-,"8,968","-4,661","1,460",861,"15,904",28,0,"14,080"
Natural Gas Liquids and LRGs,,,"6,526",358,84,"-5,713",-,41,632,90,492,"1,591"
,Pentanes Plus,,"1,013",-,0,-696,-,4,326,58,-71,151
,Liquefied Petroleum Gases,,"5,513",358,84,"-5,017",-,37,306,33,562,"1,440"
,,Ethane/Ethylene,"2,652",0,0,"-2,668",-,-2,0,0,-14,415
,,Propane/Propylene,"1,799",224,84,"-1,356",-,1,0,6,744,370
,,Normal Butane/Butylene,802,178,0,-567,-,45,78,27,263,496
,,Isobutane/Isobutylene,260,-44,0,-426,-,-7,228,0,-431,159
Other Liquids,,,-,-,0,0,678,-10,546,0,142,"4,728"
,Other Hydrocarbons/Oxygenates,,-,-,0,0,354,-18,372,0,0,126
,Unfinished Oils,,-,-,0,0,-,-47,-95,0,142,"2,942"
,Motor Gasoline Blend. Comp. (MGBC),,-,-,0,0,324,55,269,0,0,"1,660"
,,Reformulated,-,-,0,0,0,0,0,0,0,0
,,Conventional,-,-,0,0,324,55,269,0,0,"1,660"
,Aviation Gasoline Blend. Comp.,,-,-,0,0,-,0,0,0,0,0
Finished Petroleum Products,,,-,"17,126",421,"2,009",-302,-440,-,18,"19,676","11,439"
,Finished Motor Gasoline,,-,"8,759",0,979,-302,221,-,0,"9,215","4,158"
,,Reformulated,-,0,0,0,0,0,-,0,0,0
,,Conventional,-,"8,759",0,979,-302,221,-,0,"9,215","4,158"
,Finished Aviation Gasoline,,-,8,0,0,-,-1,-,0,9,27
,Kerosene-Type Jet Fuel,,-,956,22,689,-,1,-,0,"1,666",571
,Kerosene,,-,-123,0,0,-,-25,-,0,-98,80
,Distillate Fuel Oil,,-,"4,601",346,341,0,-240,-,0,"5,528","3,157"
,,15 ppm sulfur and under,-,"4,026",243,341,-8,-199,-,0,"4,801","2,534"
,,Greater than 15 ppm to 500 ppm sulfur,-,283,77,0,8,-107,-,0,475,331
,,Greater than 500 ppm sulfur,-,292,26,0,-,66,-,0,252,292
,Residual Fuel Oile,,-,427,0,0,-,-28,-,3,452,319
,,Less than 0.31 percent sulfur,-,57,0,0,-,-10,-,-,-,6
,,0.31 to 1.00 percent sulfur,-,120,0,0,-,-35,-,-,-,109
,,Greater than 1.00 percent sulfur,-,250,0,0,-,17,-,-,-,204
,Petrochemical Feedstocks,,-,8,0,0,-,0,-,-,8,0
,,Naphtha for Petro. Feed. Use,-,0,0,0,-,0,-,-,0,0
,,Other Oils for Petro. Feed. Use,-,8,0,0,-,0,-,-,8,0
,Special Naphthas,,-,0,0,0,-,0,-,0,0,2
,Lubricants,,-,0,0,0,-,0,-,11,-11,0
,Waxes,,-,0,0,0,-,0,-,0,0,2
,Petroleum Coke,,-,551,0,-,-,23,-,4,524,66
,,Marketable,-,277,0,-,-,23,-,4,250,66
,,Catalyst,-,274,-,-,-,-,-,-,274,-
,Asphalt and Road Oil,,-,"1,301",53,0,-,-389,-,1,"1,742","3,047"
,Still Gas,,-,595,-,-,-,-,-,-,595,-
,Miscellaneous Products,,-,43,0,0,-,-2,-,0,45,10
Total,,,"17,552","17,484","9,473","-8,365","1,837",452,"17,082",136,"20,310","31,838"
