<?xml version="1.0" encoding="iso-8859-1"?>
<?ornlmercury Creation_datetime="20011214 121305"
 Creation_IP="160.91.18.41" DTD_version="document04.dtd"
 OME_version="Version 2.4.01, Revision Date: 04 Dec 2001"
 File_revision="20011214 133119"?>
<!DOCTYPE x_tags PUBLIC "-//ORNLDAAC//DTD NARSTO:document//EN"
"http://www-eosdis.ornl.gov/data/bluangel_harvest/NARSTO/document.dtd">

<x_tags>
 <Document_Originator>
  <Creator>
   <Name><![CDATA[CIESIN]]></Name>
   <Email><![CDATA[pph@ciesin.columbia.edu]]></Email>
   <Phone><![CDATA[845-365-8988]]></Phone>
  </Creator>
  <Contributor>
   <Name><![CDATA[]]></Name>
   <Email><![CDATA[]]></Email>
   <Phone><![CDATA[]]></Phone>
  </Contributor>
  <Metadata_Author>
   <Name><![CDATA[Hook, Les]]></Name>
   <Email><![CDATA[hookla@ornl.gov]]></Email>
   <Phone><![CDATA[865-241-4846]]></Phone>
  </Metadata_Author>
 </Document_Originator>
 <Document_Information>
  <Title><![CDATA[Photooxidants, Particles, and Haze across the Arctic and North Atlantic:  Transport Observations and Models]]></Title>
  <Project><![CDATA[Photooxidants, Particles, and Haze across the Arctic and North Atlantic]]></Project>
  <Event>
   <Type_of_event><![CDATA[Available]]></Type_of_event>
   <Date><![CDATA[20010612]]></Date>
  </Event>
  <Resource_type><![CDATA[Website]]></Resource_type>
  <Format><![CDATA[Medium: text]]></Format>
  <Language><![CDATA[EN (ENGLISH)]]></Language>
  <Keywords></Keywords>
 <Description><![CDATA[The purpose of this workshop is to bring together international experts from the global and regional atmospheric chemistry communities to assess the current state of knowledge, identify research needs, and improve coordination of research efforts with regard to a series of specific scientific questions of interest to the international environmental policy and research communities: 

Does the current state of knowledge about the transport of photooxidants and fine particles 

     a. across the North Atlantic to and from North America and Europe 

     b. into and across the Arctic allow the calculation of source-receptor relationships between          anthropogenic emissions in North America and Europe and concentrations and visibility impacts          in North America, Europe, and the Arctic?

What are the key uncertainties in these source-receptor relationships? 

What research activities could help reduce these uncertainties?]]></Description>
  <Coverage_Information>
   <Site><![CDATA[NARSTO QSSC]]></Site>
   <Spatial>
    <Westernmost_Longitude><![CDATA[-84.32]]></Westernmost_Longitude>
    <Easternmost_Longitude><![CDATA[-84.32]]></Easternmost_Longitude>
    <Northernmost_Latitude><![CDATA[35.92]]></Northernmost_Latitude>
    <Southernmost_Latitude><![CDATA[35.92]]></Southernmost_Latitude>
   </Spatial>
   <Temporal>
    <Start_Date><![CDATA[20010612]]></Start_Date>
    <End_Date><![CDATA[]]></End_Date>
   </Temporal>
  </Coverage_Information>
 </Document_Information>
 <Document_Access_Information>
  <Status><![CDATA[Final]]></Status>
  <Restrictions><![CDATA[ Public]]></Restrictions>
  <Location><![CDATA[]]></Location>
  <Location_URL><![CDATA[http://www.ciesin.columbia.edu/pph/]]></Location_URL>
  <Contact_Person>
   <Name><![CDATA[]]></Name>
   <Email><![CDATA[]]></Email>
   <Phone><![CDATA[]]></Phone>
  </Contact_Person>
  <Rights><![CDATA[Not Restricted, Cite Creator]]></Rights>
  <Publisher><![CDATA[Center for International Earth Science Information Network (CIESIN)]]></Publisher>
  <Document_Citation></Document_Citation>
  <Document_Link>
   <URL><![CDATA[http://www.ciesin.columbia.edu/pph/]]></URL>
   <Label><![CDATA[Photooxidants, Particles, and Haze across the Arctic and North Atlantic:  Transport Observations and Models]]></Label>
  </Document_Link>
 </Document_Access_Information>
 <Related_Resources>
  <Other_Link>
   <Relationship><![CDATA[]]></Relationship>
   <Label><![CDATA[]]></Label>
   <URL><![CDATA[]]></URL>
  </Other_Link>
  <Search_Text_Link>
   <Relationship><![CDATA[]]></Relationship>
   <Label><![CDATA[]]></Label>
   <URL><![CDATA[]]></URL>
  </Search_Text_Link>
 </Related_Resources>
</x_tags>
