<?xml version="1.0" encoding="UTF-8"?> 
<asset xmlns="http://nix2.larc.nasa.gov/XMLSchema/1.0" 
  xmlns:xsi="http://www.w3.org/2001/XMLSchema-instance"
  xsi:schemaLocation="http://nix2.larc.nasa.gov/XMLSchema/1.0
                          http://nix2.larc.nasa.gov/XMLSchema/1.0/nasamm.xsd">
 <text> 
    <title>U. S. BICENTENNIAL EXPOSITION AND THE SATURN V [500F] MOVE TO THE EXHIBIT CRADLE </title>
    <description>
Cranes lower Apollo spacecraft onto specially designed cradle. The entire full-sized Apollo Saturn V rocket will be displayed at the Bicentennial Exposition site. 
    </description>
    <date>1976-03-30</date>
    <id>KSC-76P-0060</id>
    <otherid>116-KSC-76P-60, P-09850, ARCHIVE-04400</otherid>
    <org>
      <name>NASA Kennedy Space Center</name>
      <acronym>NASA-KSC</acronym>
      <url>http://images.ksc.nasa.gov/</url>
    </org>
  </text>
  <image>
    <!-- Thumbnail image -->
    <thumbimage>
      <url>http://images.ksc.nasa.gov/photos/1976/thumb/KSC-76P-0060.gif</url>
      <format>GIF</format>
      <width>100</width>
      <height>79</height>
      <size>11101</size>
    </thumbimage>

    <!-- Screen image -->
    <screenimage>
      <url>http://images.ksc.nasa.gov/photos/1976/low/KSC-76P-0060.gif</url>
      <format>GIF</format>
      <width>305</width>
      <height>240</height>
      <size>101718</size>
      </screenimage>

    <!-- Other image -->
    <otherimage>
      <url>http://images.ksc.nasa.gov/photos/1976/medium/KSC-76P-0060.jpg</url>
      <format>JPEG</format>
      <width>976</width>
      <height>768</height>
      <size>85729</size>
      </otherimage>


    <!-- Other image -->
    <otherimage>
      <url>http://images.ksc.nasa.gov/photos/1976/high/KSC-76P-0060.jpg</url>
      <format>JPEG</format>
      <width>2227</width>
      <height>1752</height>
      <size>517483</size>
      </otherimage>

  </image>
</asset>


