<?xml version="1.0" encoding="UTF-8"?>
<?xml-stylesheet type="text/xsl" href="billres.xsl"?>
<!--<?xml version="1.0"?>-->
<!--<!DOCTYPE resolution PUBLIC "-//US Congress//DTDs/res.dtd//EN" "C:\Program Files\Corel\rules\res.dtd" []>-->
<!DOCTYPE resolution PUBLIC "-//US Congress//DTDs/res v2.8 20020720//EN" "http://thomas.loc.gov/dtd/res.dtd">
<resolution dms-id="HC98640C82C504FA29685AA987FBFFFF1" key="H" public-private="public" resolution-stage="Introduced-in-House" resolution-type="house-resolution" star-print="no-star-print">
<metadata xmlns:dc="http://purl.org/dc/elements/1.1/">
<dublinCore>
<dc:title>110 HRES 807 IH: Honoring the life of Marjory Stoneman
</dc:title>
<dc:publisher>U.S. House of Representatives</dc:publisher>
<dc:date>2007-11-07</dc:date>
<dc:format>text/xml</dc:format>
<dc:language>EN</dc:language>
<dc:rights>Pursuant to Title 17 Section 105 of the United States Code, this file is not subject to copyright protection and is in the public domain.</dc:rights>
</dublinCore>
</metadata>
	<form>
		<distribution-code display="yes">IV</distribution-code>
		<congress display="yes">110th CONGRESS</congress>
		<session display="yes">1st Session</session>
		<legis-num>H. RES. 807</legis-num>
		<current-chamber>IN THE HOUSE OF REPRESENTATIVES</current-chamber>
		<action display="yes">
			<action-date date="20071107">November 7, 2007</action-date>
			<action-desc><sponsor name-id="R000435">Ms. Ros-Lehtinen</sponsor> (for
			 herself, <cosponsor name-id="H000324">Mr. Hastings of Florida</cosponsor>,
			 <cosponsor name-id="P000586">Mr. Putnam</cosponsor>,
			 <cosponsor name-id="D000600">Mr. Mario Diaz-Balart of Florida</cosponsor>,
			 <cosponsor name-id="K000366">Mr. Klein of Florida</cosponsor>,
			 <cosponsor name-id="M001148">Mr. Meek of Florida</cosponsor>,
			 <cosponsor name-id="D000299">Mr. Lincoln Diaz-Balart of Florida</cosponsor>,
			 <cosponsor name-id="F000447">Mr. Feeney</cosponsor>,
			 <cosponsor name-id="M001155">Mr. Mack</cosponsor>, <cosponsor name-id="C001066">Ms. Castor</cosponsor>, <cosponsor name-id="M001164">Mr.
			 Mahoney of Florida</cosponsor>, <cosponsor name-id="W000314">Mr.
			 Wexler</cosponsor>, <cosponsor name-id="B000911">Ms. Corrine Brown of
			 Florida</cosponsor>, <cosponsor name-id="Y000031">Mr. Young of
			 Florida</cosponsor>, <cosponsor name-id="B000716">Mr. Boyd of
			 Florida</cosponsor>, <cosponsor name-id="W000797">Ms. Wasserman
			 Schultz</cosponsor>, <cosponsor name-id="M000689">Mr. Mica</cosponsor>,
			 <cosponsor name-id="B001247">Ms. Ginny Brown-Waite of Florida</cosponsor>,
			 <cosponsor name-id="S000822">Mr. Stearns</cosponsor>,
			 <cosponsor name-id="C001045">Mr. Crenshaw</cosponsor>,
			 <cosponsor name-id="W000267">Mr. Weldon of Florida</cosponsor>,
			 <cosponsor name-id="K000361">Mr. Keller of Florida</cosponsor>,
			 <cosponsor name-id="B001257">Mr. Bilirakis</cosponsor>,
			 <cosponsor name-id="M001144">Mr. Miller of Florida</cosponsor>, and
			 <cosponsor name-id="B001260">Mr. Buchanan</cosponsor>) submitted the following
			 resolution; which was referred to the <committee-name committee-id="HII00">Committee on Natural
			 Resources</committee-name></action-desc>
		</action>
		<legis-type>RESOLUTION</legis-type>
		<official-title display="yes">Honoring the life of Marjory Stoneman
		  Douglas, champion of the Florida Everglades and founder of Florida’s
		  environmental movement.</official-title>
	</form>
	<preamble>
		<whereas><text>Whereas Marjory Stoneman Douglas was born on April 7,
			 1890, in Minneapolis, Minnesota, as the daughter of Frank Stoneman and the
			 first publisher of The Miami Herald;</text>
		</whereas><whereas><text>Whereas Marjory Stoneman Douglas graduated from Wellesley
			 College in 1912 where she was a member of the literary group Scribblers,
			 editor-in-chief of the yearbook, and served on the executive board of the Equal
			 Suffrage League;</text>
		</whereas><whereas><text>Whereas Marjory Stoneman Douglas served in the Red Cross
			 in Europe during World War I;</text>
		</whereas><whereas><text>Whereas Marjory Stoneman Douglas moved to Miami in 1915
			 and became a reporter and writer at The Miami Herald where she wrote about
			 progressive issues such as the fight for women’s rights, racial justice, and
			 environmental conservation;</text>
		</whereas><whereas><text>Whereas Marjory Stoneman Douglas wrote dozens of short
			 stories that were published in the Saturday Evening Post, Collier's, and
			 Woman's Home Companion throughout the 1920s, 30s, and 40s;</text>
		</whereas><whereas><text>Whereas in 1947 Marjory Stoneman Douglas wrote a
			 ground-breaking book titled The Everglades: River of Grass that helped to draw
			 national attention to a vast and little-known area that South Florida
			 developers had deemed a worthless swamp;</text>
		</whereas><whereas><text>Whereas in the same year, Marjory Stoneman Douglas’ book
			 mustered the public support to guard this subtropical marshland through a
			 declaration from President Harry Truman, officially protecting the Everglades
			 as a National Park;</text>
		</whereas><whereas><text>Whereas at the age of 78, Marjory Stoneman Douglas founded
			 the Friends of the Everglades, an educational and advocacy group dedicated to
			 the protection and restoration of this ecosystem that continues to be at
			 forefront of Florida conservation;</text>
		</whereas><whereas><text>Whereas in November 1993, President Bill Clinton awarded
			 Marjory Stoneman Douglas the Presidential Medal of Freedom, the highest honor
			 given to a civilian;</text>
		</whereas><whereas><text>Whereas this year marks the 60th anniversary of the
			 publication of her book, The Everglades: River of Grass; and</text>
		</whereas><whereas><text>Whereas Marjory Stoneman Douglas passed away in 1998
			 living to the age of 108, her ashes scattered in the Everglades she worked so
			 tirelessly to preserve: Now, therefore, be it</text>
		</whereas></preamble>
	<resolution-body id="H56A375AD45BF4228B819685F8248CEAC" style="traditional">
		<section display-inline="yes-display-inline" id="H219C06934728420194FDFF0011746F03" section-type="undesignated-section"><enum></enum><text display-inline="yes-display-inline">That the House of Representatives honors
			 the life, achievements, and distinguished career of Marjory Stoneman Douglas,
			 pioneer in the field of conservation, on the occasion of the 60th anniversary
			 of the publication of The Everglades: River of Grass.</text>
		</section></resolution-body>
</resolution>


