<?xml version="1.0" encoding="UTF-8"?><mets:mets xmlns:lc="http://www.loc.gov/mets/profiles/" xmlns:xsi="http://www.w3.org/2001/XMLSchema-instance" xmlns:mods="http://www.loc.gov/mods/v3" xmlns:xlink="http://www.w3.org/1999/xlink" xmlns:mets="http://www.loc.gov/METS/" xmlns:photo="http://www.loc.gov/mets/profiles/photoObject" PROFILE="lc:photoObject" OBJID="loc.natlib.gottlieb.07671">
   <mets:dmdSec ID="dmd1">
      <mets:mdWrap MDTYPE="MODS">
         <mets:xmlData>
            <mods:mods ID="ver01">
               <mods:titleInfo>
                  <mods:title>[Portrait of Deryk Sampson, Lynn Carver, Justin Arndt, and Clair Dorward, Famous Door, New York, N.Y., ca. Sept. 1947]</mods:title>
               </mods:titleInfo>
               <mods:titleInfo type="alternative" displayLabel="Caption from Down Beat:">
                  <mods:title>The Deryck Sampson trio is pictured above at the Famous Door with Lynn Carver, who just finished some RKO shorts and claims to be Hollywood-bound.  Sampson is at the piano, Justin Arndt on bass and Clair Dorward on guitar</mods:title>
               </mods:titleInfo>
               <mods:name type="personal">
                  <mods:namePart>Gottlieb, William P.</mods:namePart>
                  <mods:namePart type="date">1917-</mods:namePart>
                  <mods:role>
                     <mods:roleTerm authority="marcrelator" type="text">creator</mods:roleTerm>
                  </mods:role>
                  <mods:role>
                     <mods:roleTerm type="text">photographer.</mods:roleTerm>
                  </mods:role>
               </mods:name>
               <mods:typeOfResource>still image</mods:typeOfResource>
               <mods:genre authority="marc">photograph</mods:genre>
               <mods:genre authority="gmgpc">Portrait photographs-1940-1950.</mods:genre>
               <mods:genre authority="gmgpc">Group portraits-1940-1950.</mods:genre>
               <mods:genre authority="gmgpc">Film negatives-1940-1950.</mods:genre>
               <mods:originInfo>
                  <mods:place>
                     <mods:placeTerm type="code" authority="marccountry">xxu</mods:placeTerm>
                  </mods:place>
                  <mods:dateIssued encoding="marc">1947</mods:dateIssued>
                  <mods:issuance>monographic</mods:issuance>
               </mods:originInfo>
               <mods:physicalDescription>
                  <mods:form authority="gmd">graphic</mods:form>
                  <mods:extent>1 negative :  b&amp;w ; 2 1/4 x 2 1/4 in.</mods:extent>
               </mods:physicalDescription>
               <mods:note type="gottlieb assignment">Gottlieb Assignment No. 451</mods:note>
               <mods:note>Original negative not served.</mods:note>
               <mods:note>Reference print available in Music Division, Library of Congress.</mods:note>
               <mods:note>Purchase William P. Gottlieb</mods:note>
               <mods:note>In: "Deryck at the door with Lynne," Down Beat, v. 14, no. 19 (Sept. 10, 1947), p. 19.</mods:note>
               <mods:note type="version">Original negative</mods:note>
               <mods:subject>
                  <mods:name type="personal">
                     <mods:namePart>Sampson, Deryk</mods:namePart>
                  </mods:name>
               </mods:subject>
               <mods:subject>
                  <mods:name type="personal">
                     <mods:namePart>Carver, Lynn</mods:namePart>
                  </mods:name>
               </mods:subject>
               <mods:subject>
                  <mods:name type="personal">
                     <mods:namePart>Arndt, Justin</mods:namePart>
                  </mods:name>
               </mods:subject>
               <mods:subject>
                  <mods:name type="personal">
                     <mods:namePart>Dorward, Clair</mods:namePart>
                  </mods:name>
               </mods:subject>
               <mods:subject>
                  <mods:topic>Jazz musicians</mods:topic>
                  <mods:temporal>1940-1950</mods:temporal>
               </mods:subject>
               <mods:subject>
                  <mods:topic>Women jazz musicians</mods:topic>
                  <mods:temporal>1940-1950</mods:temporal>
               </mods:subject>
               <mods:subject>
                  <mods:topic>Pianists</mods:topic>
                  <mods:temporal>1940-1950</mods:temporal>
               </mods:subject>
               <mods:subject>
                  <mods:topic>Jazz singers</mods:topic>
                  <mods:temporal>1940-1950</mods:temporal>
               </mods:subject>
               <mods:subject>
                  <mods:topic>Fifty-second Street (New York, N.Y.)</mods:topic>
                  <mods:temporal>1940-1950</mods:temporal>
               </mods:subject>
               <mods:subject>
                  <mods:topic>Famous Door</mods:topic>
               </mods:subject>
               <mods:classification authority="lcc">LC-GLB23- 0767</mods:classification>
               <mods:location>
                  <mods:physicalLocation displayLabel="negative">Library of Congress Prints &amp; Photographs Division Washington D.C. 20540 USA</mods:physicalLocation>
               </mods:location>
               <mods:location>
                  <mods:physicalLocation displayLabel="reference print">Library of Congress Music Division Washington D.C. 20540 USA</mods:physicalLocation>
               </mods:location>
               <mods:identifier type="stock number">LC-GLB23-0767 DLC</mods:identifier>
               <mods:accessCondition type="restrictionOnAccess">Original negative not served.</mods:accessCondition>
               <mods:recordInfo>
                  <mods:recordContentSource authority="marcorg">DLC</mods:recordContentSource>
                  <mods:recordCreationDate encoding="marc">990119</mods:recordCreationDate>
                  <mods:recordChangeDate encoding="iso8601">19990520104721.0</mods:recordChangeDate>
                  <mods:recordIdentifier source="DLC">got99000767</mods:recordIdentifier>
               </mods:recordInfo>
            </mods:mods>
         </mets:xmlData>
      </mets:mdWrap>
   </mets:dmdSec>
   <mets:fileSec>
      <mets:fileGrp USE="MASTER">
         <mets:file MIMETYPE="image/tiff" GROUPID="G1" ID="masterd1e82748">
            <mets:FLocat LOCTYPE="URL" xlink:href="http://lcweb2.loc.gov/natlib/ihas/warehouse/gottlieb/07671/ver01/0001.tif"/>
         </mets:file>
      </mets:fileGrp>
      <mets:fileGrp USE="SERVICE">
         <mets:file MIMETYPE="image/jpeg" GROUPID="G1" ID="serviced1e82748">
            <mets:FLocat LOCTYPE="URL" xlink:href="http://lcweb2.loc.gov/natlib/ihas/service/gottlieb/07671/ver01/0001v.jpg"/>
         </mets:file>
      </mets:fileGrp>
   </mets:fileSec>
   <mets:structMap>
      <mets:div DMDID="MODS" TYPE="photo:photoObject">
         <mets:div TYPE="photo:version" DMDID="ver01">
            <mets:div TYPE="photo:image">
               <mets:fptr FILEID="masterd1e82748"/>
               <mets:fptr FILEID="serviced1e82748"/>
            </mets:div>
         </mets:div>
      </mets:div>
   </mets:structMap>
</mets:mets>