<?xml version="1.0" encoding="UTF-8"?>
<mods xmlns:xlink="http://www.w3.org/1999/xlink" xmlns:xsi="http://www.w3.org/2001/XMLSchema-instance" xmlns="http://www.loc.gov/mods/v3" version="3.3" xsi:schemaLocation="http://www.loc.gov/mods/v3 http://www.loc.gov/standards/mods/v3/mods-3-3.xsd" ID="id-00-32555">
<name type="corporate">
<namePart>United States Government Printing Office</namePart>
<role>
<roleTerm authority="marcrelator" type="text">printer</roleTerm>
<roleTerm authority="marcrelator" type="code">prt</roleTerm>
</role>
<role>
<roleTerm authority="marcrelator" type="text">distributor</roleTerm>
<roleTerm authority="marcrelator" type="code">dst</roleTerm>
</role>
</name>
<name type="corporate">
<namePart>United States</namePart>
<namePart>National Archives and Records Administration</namePart>
<namePart>Federal Register Office</namePart>
<role>
<roleTerm authority="marcrelator" type="text">author</roleTerm>
<roleTerm authority="marcrelator" type="code">aut</roleTerm>
</role>
<description>Government Organization</description>
</name>
<typeOfResource>text</typeOfResource>
<genre authority="marcgt">government publication</genre>
<language>
<languageTerm type="code" authority="iso639-2b">eng</languageTerm>
</language>
<extension>
<collectionCode>FR</collectionCode>
<category>Regulatory Information</category>
<waisDatabaseName>2000_register</waisDatabaseName>
<branch>executive</branch>
</extension>
<genre authority="marcgt">article</genre>
<titleInfo>
<title>Risk-Informed Regulation Implementation Plan</title>
<partName>Notices</partName>
</titleInfo>
<name type="corporate">
<namePart>United States</namePart>
<namePart>Nuclear Regulatory Commission</namePart>
<role>
<roleTerm authority="marcrelator" type="text">originator</roleTerm>
<roleTerm authority="marcrelator" type="code">org</roleTerm>
</role>
<description>United States Government Agency or Subagency</description>
</name>
<abstract>The Nuclear Regulatory Commission's 1995 policy statement on the use of probabilistic risk assessment provided the Commission's expectation on the use of risk information in its regulatory activities. The Risk-informed Regulation Implementation Plan (RIRIP) provides guidance and describes the staff's plans for applying criteria to select regulatory requirements and practices to risk-inform, risk- informing those requirements and practices, and developing the necessary data, methods, guidance, and training. The RIRIP is also intended to explain the agency's activities, philosophy, and approach to risk-informed regulatory policy to internal and external stakeholders. The public is invited to provide feedback on the agency's plans and progress toward implementing risk-informed regulatory initiatives.</abstract>
<identifier type="FR citation">65 FR 80473</identifier>
<identifier type="uri">http://www.gpo.gov/fdsys/granule/FR-2000-12-21/00-32555</identifier>
<identifier type="FR Doc No.">00-32555</identifier>
<identifier type="former granule identifier">fr21de00-130</identifier>
<identifier type="billing code">7590-01-M</identifier>
<location>
<url displayLabel="Content Detail" access="object in context">http://www.gpo.gov/fdsys/granule/FR-2000-12-21/00-32555/content-detail.html</url>
<url displayLabel="PDF rendition" access="raw object">http://www.gpo.gov/fdsys/pkg/FR-2000-12-21/pdf/00-32555.pdf</url>
<url displayLabel="HTML rendition" access="raw object">http://www.gpo.gov/fdsys/pkg/FR-2000-12-21/html/00-32555.html</url>
</location>
<physicalDescription>
<extent>2 p.</extent>
</physicalDescription>
<part type="Notices">
<extent unit="pages">
<start>80473</start>
<end>80474</end>
</extent>
</part>
<identifier type="preferred citation">65 FR 80473</identifier>
<extension>
<searchTitle>Risk-Informed Regulation Implementation Plan; Federal Register Vol. 65, Issue </searchTitle>
<granuleClass>NOTICE</granuleClass>
<accessId>00-32555</accessId>
<agency order="1">NUCLEAR REGULATORY COMMISSION</agency>
<billingCode>7590-01-M</billingCode>
<frDocNumber>00-32555</frDocNumber>
<action>Notice of availability of plan and request for public comment.</action>
<summary>The Nuclear Regulatory Commission's 1995 policy statement on the use of probabilistic risk assessment provided the Commission's expectation on the use of risk information in its regulatory activities. The Risk-informed Regulation Implementation Plan (RIRIP) provides guidance and describes the staff's plans for applying criteria to select regulatory requirements and practices to risk-inform, risk- informing those requirements and practices, and developing the necessary data, methods, guidance, and training. The RIRIP is also intended to explain the agency's activities, philosophy, and approach to risk-informed regulatory policy to internal and external stakeholders. The public is invited to provide feedback on the agency's plans and progress toward implementing risk-informed regulatory initiatives.</summary>
<contact>Written comments may be sent to Thomas L. King, Director of the Division of Risk Analysis and Applications, Office of Nuclear Regulatory Research, MS: T10-E50, U.S. Nuclear Regulatory Commission, Washington, DC 20555-0001, email: tlk@nrc.gov.</contact>
<tocSubject1 quality="low">Reports and guidance documents; availability, etc.:</tocSubject1>
<tocDoc>Risk-informed regulation implementation plan, </tocDoc>
<emailRef>tlk@nrc.gov</emailRef>
<urlRef>http://www.nrc.gov/RES/nrc.html</urlRef>
</extension>
<relatedItem type="host" ID="" xlink:href="http://www.gpo.gov/fdsys/pkg/FR-2000-12-21/mods.xml">
<titleInfo>
<title>Federal Register</title>
<partNumber>Vol. 65, no. 246</partNumber>
</titleInfo>
<originInfo>
<publisher>Office of the Federal Register, National Archives and Records Administration</publisher>
<dateIssued encoding="w3cdtf">2000-12-21</dateIssued>
<issuance>continuing</issuance>
<frequency>daily</frequency>
</originInfo>
<physicalDescription>
<note type="source content type">deposited</note>
<digitalOrigin>born digital</digitalOrigin>
<extent>454 p.</extent>
</physicalDescription>
<tableOfContents xlink:href="http://www.gpo.gov/fdsys/pkg/FR-2000-12-21/toc.html">
    Table of Contents: 
  </tableOfContents>
<classification authority="sudocs">AE 2.7:</classification>
<classification authority="sudocs">GS 4.107:</classification>
<classification authority="sudocs">AE 2.106:</classification>
<classification authority="lcc">KF70.A2</classification>
<identifier type="uri">http://www.gpo.gov/fdsys/pkg/FR-2000-12-21</identifier>
<identifier type="issn">0097-6326</identifier>
<identifier type="issn">0042-1219</identifier>
<identifier type="issn">0364-1406</identifier>
<identifier type="stock number">769-004-00000-9</identifier>
<identifier type="ILS system id">000582072</identifier>
<identifier type="former identifier">fr21de00</identifier>
<location>
<url displayLabel="Content Detail" access="object in context">http://www.gpo.gov/fdsys/pkg/FR-2000-12-21/content-detail.html</url>
<url displayLabel="PDF rendition" access="raw object">http://www.gpo.gov/fdsys/pkg/FR-2000-12-21/pdf/FR-2000-12-21.pdf</url>
</location>
<part type="issue">
<extent unit="pages">
<start>80279</start>
<end>80732</end>
</extent>
</part>
<recordInfo>
<recordContentSource authority="marcorg">DGPO</recordContentSource>
<recordCreationDate encoding="w3cdtf">2009-01-09</recordCreationDate>
<recordChangeDate encoding="w3cdtf">2009-01-09</recordChangeDate>
<recordIdentifier source="DGPO">FR-2000-12-21</recordIdentifier>
<recordOrigin>machine generated</recordOrigin>
<languageOfCataloging>
<languageTerm type="code" authority="iso639-2b">eng</languageTerm>
</languageOfCataloging>
</recordInfo>
<extension>
<docClass>FR</docClass>
<accessId>FR-2000-12-21</accessId>
<volume>65</volume>
<issue>246</issue>
</extension>
</relatedItem>
</mods>
