<?xml version="1.0" encoding="UTF-8"?>
<mods xmlns="http://www.loc.gov/mods/v3" xmlns:xsi="http://www.w3.org/2001/XMLSchema-instance" xmlns:xlink="http://www.w3.org/1999/xlink" xsi:schemaLocation="http://www.loc.gov/mods/v3 http://www.loc.gov/standards/mods/v3/mods-3-3.xsd" version="3.3">
<name type="corporate">
<namePart>United States Government Printing Office</namePart>
<role>
<roleTerm type="text" authority="marcrelator">printer</roleTerm>
<roleTerm type="code" authority="marcrelator">prt</roleTerm>
</role>
<role>
<roleTerm type="text" authority="marcrelator">distributor</roleTerm>
<roleTerm type="code" authority="marcrelator">dst</roleTerm>
</role>
</name>
<name type="corporate">
<namePart>United States</namePart>
<namePart>Congress</namePart>
<namePart>House Of Representatives</namePart>
<namePart>Committee on Commerce</namePart>
<role>
<roleTerm type="text" authority="marcrelator">author</roleTerm>
<roleTerm type="code" authority="marcrelator">aut</roleTerm>
</role>
<description>Government Organization</description>
</name>
<typeOfResource>text</typeOfResource>
<genre authority="marcgt">government publication</genre>
<language>
<languageTerm authority="iso639-2b" type="code">eng</languageTerm>
</language>
<extension>
<collectionCode>CRPT</collectionCode>
<category>Congressional Committee Materials</category>
<waisDatabaseName>104_cong_reports</waisDatabaseName>
<branch>legislative</branch>
</extension>
<titleInfo>
<title>CONSTRUCTION OF A HYDROELECTRIC PROJECT IN OREGON</title>
</titleInfo>
<originInfo>
<publisher>U.S. Government Printing Office</publisher>
<dateIssued encoding="w3cdtf">1995-11-07</dateIssued>
<issuance>monographic</issuance>
</originInfo>
<physicalDescription>
<note type="source content type">deposited</note>
<digitalOrigin>born digital</digitalOrigin>
</physicalDescription>
<classification authority="sudocs">Y 1.1/8:</classification>
<identifier type="uri">http://www.gpo.gov/fdsys/pkg/CRPT-104hrpt320</identifier>
<identifier type="former package identifier">f:hr320.104</identifier>
<recordInfo>
<recordContentSource authority="marcorg">DGPO</recordContentSource>
<recordCreationDate encoding="w3cdtf">2009-01-06</recordCreationDate>
<recordChangeDate encoding="w3cdtf">2009-01-06</recordChangeDate>
<recordIdentifier source="DGPO">CRPT-104hrpt320</recordIdentifier>
<recordOrigin>machine generated</recordOrigin>
<languageOfCataloging>
<languageTerm authority="iso639-2b" type="code">eng</languageTerm>
</languageOfCataloging>
</recordInfo>
<extension>
<docClass>HRPT</docClass>
<accessId>CRPT-104hrpt320</accessId>
<chamber>HOUSE</chamber>
<congress>104</congress>
<number>320</number>
<session>1</session>
<isConferenceReport>false</isConferenceReport>
</extension>
<location>
<url access="object in context" displayLabel="Content Detail">http://www.gpo.gov/fdsys/pkg/CRPT-104hrpt320/content-detail.html</url>
<url access="raw object" displayLabel="PDF rendition">http://www.gpo.gov/fdsys/pkg/CRPT-104hrpt320/pdf/CRPT-104hrpt320.pdf</url>
<url access="raw object" displayLabel="HTML rendition">http://www.gpo.gov/fdsys/pkg/CRPT-104hrpt320/pdf/CRPT-104hrpt320.html</url>
</location>
<identifier type="congressional report citation">H. Rept. 104-320</identifier>
<identifier type="preferred citation">H. Rept. 104-320</identifier>
<abstract>The Committee on Commerce, to whom was referred the bill (H.R. 1290) to reinstate the permit for, and extend the deadline under the Federal Power Act applicable to the construction of, a hydroelectric project in Oregon, and for other purposes, having considered the same, report favorably thereon with an amendment and recommend that the bill as amended do pass.</abstract>
<extension>
<searchTitle>CONSTRUCTION OF A HYDROELECTRIC PROJECT IN OREGON;H. Rept. 104-320</searchTitle>
<granuleClass>FIRSTPART</granuleClass>
<accessId>CRPT-104hrpt320</accessId>
<action date="1995-11-07">Committed to the Committee of the Whole House on the State of the Union and ordered to be printed</action>
<session>1</session>
<recommendation>The Committee on Commerce, to whom was referred the bill (H.R. 1290) to reinstate the permit for, and extend the deadline under the Federal Power Act applicable to the construction of, a hydroelectric project in Oregon, and for other purposes, having considered the same, report favorably thereon with an amendment and recommend that the bill as amended do pass.</recommendation>
<submittedStatement>Mr. Bliley, from the Committee on Commerce, submitted the following</submittedStatement>
<bill congress="104" context="OTHER" number="1290" type="HR"/>
<bill congress="104" context="PRIMARY" number="1290" type="HR"/>
<congCommittee authorityId="hsif00" chamber="H" congress="104" type="S">
            <name type="authority-standard">Committee on Commerce</name>
            <name type="authority-short">Commerce</name>
          </congCommittee>
<congMember authorityId="97" chamber="H" congress="104" party="R" role="SUBMITTEDBY" state="VA">
            <name type="parsed">Mr. Bliley</name>
            <name type="authority-fnf">Tom Bliley</name>
            <name type="authority-lnf">Bliley, Tom</name>
            <name type="authority-other">Thomas Bliley Jr.</name>
          </congMember>
<USCode title="16">
            <chapter number="806"/>
            <section number="806"/>
          </USCode>
</extension>
<name type="personal">
<namePart>Tom Bliley</namePart>
<affiliation>United States House of Representatives</affiliation>
<role>
<roleTerm type="text" authority="marcrelator">sponsor</roleTerm>
<roleTerm type="code" authority="marcrelator">spn</roleTerm>
</role>
<description>United States Congress Member</description>
</name>
<name type="corporate">
<namePart>United States</namePart>
<namePart>Congress</namePart>
<namePart>House of Representatives</namePart>
<namePart>Committee on Commerce</namePart>
<role>
<roleTerm type="text" authority="marcrelator">associated name</roleTerm>
<roleTerm type="code" authority="marcrelator">asn</roleTerm>
</role>
<description>Government Organization</description>
</name>
<relatedItem type="isReferencedBy">
<titleInfo>
<title>United States House Bill 1290  (104th Congress)</title>
</titleInfo>
<identifier type="Congressional Bill citation">H.R. 1290</identifier>
<extension>
<congress>104</congress>
<context>OTHER</context>
</extension>
</relatedItem>
<relatedItem type="isReferencedBy">
<titleInfo>
<title>United States House Bill 1290  (104th Congress)</title>
</titleInfo>
<identifier type="Congressional Bill citation">H.R. 1290</identifier>
<extension>
<congress>104</congress>
<context>PRIMARY</context>
</extension>
</relatedItem>
<relatedItem type="isReferencedBy">
<titleInfo>
<title>United States Code</title>
<partNumber>Title 16 Section 806</partNumber>
<partNumber>Title 16 Chapter 806</partNumber>
</titleInfo>
<identifier type="USC citation">16 U.S.C. 806</identifier>
<identifier type="USC citation">16 U.S.C. Chapter 806</identifier>
</relatedItem>
</mods>
