Table with row headers in column A and column headers in rows 5 through 6.,,,,,,,,,,
"Table FG1.  Married Couple Family Groups, by Labor Force Status of Both Spouses, and Race and Hispanic Origin/1 of the Reference Person:  2003",,,,,,,,,,
(Numbers in thousands.),,,,,,,,,,
(leading dots indicate sub-parts),,,,,,,,,,
"Black only or in combination with one or more other races, All Married Couple Family Groups",All Married Couples,Both in Labor Force,,,,Only Husband in Labor Force,,Only Wife in Labor Force,,Neither in Labor Force
,,Both Employed,Only Husband Employed,Only Wife Employed,Both Unemployed,Husband Employed,Husband Unemployed,Wife Employed,Wife Unemployed,Not Employed
MARRIED COUPLE FAMILY GROUPS,"4,376 ","2,299 ",118 ,138 ,25 ,677 ,42 ,419 ,18 ,640 
REGION,,,,,,,,,,
.Northeast,768 ,381 ,20 ,32 ,- ,149 ,4 ,75 ,1 ,106 
.Midwest,721 ,369 ,12 ,36 ,8 ,94 ,11 ,71 ,2 ,118 
.South,"2,452 ","1,322 ",69 ,57 ,15 ,358 ,18 ,242 ,13 ,358 
.West,435 ,226 ,17 ,13 ,2 ,76 ,9 ,31 ,2 ,59 
SIZE OF FAMILY,,,,,,,,,,
.Two members,"1,507 ",596 ,25 ,35 ,2 ,201 ,10 ,188 ,2 ,448 
.Three members,"1,017 ",605 ,23 ,30 ,7 ,151 ,12 ,102 ,4 ,83 
.Four members,"1,028 ",627 ,43 ,44 ,7 ,182 ,7 ,56 ,9 ,52 
.Five members,489 ,290 ,14 ,15 ,3 ,87 ,8 ,43 ,- ,31 
.Six or more members,335 ,180 ,13 ,14 ,6 ,56 ,6 ,29 ,4 ,26 
AGE OF REFERENCE PERSON,,,,,,,,,,
.Under 20 years,7 ,5 ,- ,- ,- ,2 ,- ,- ,- ,- 
.20-24 years,123 ,56 ,7 ,2 ,- ,48 ,1 ,4 ,- ,5 
.25-29 years,294 ,181 ,7 ,16 ,6 ,65 ,2 ,9 ,2 ,6 
.30-34 years,495 ,312 ,21 ,29 ,3 ,93 ,9 ,15 ,- ,13 
.35-39 years,540 ,367 ,17 ,24 ,5 ,76 ,4 ,32 ,2 ,12 
.40-44 years,615 ,449 ,16 ,18 ,- ,78 ,3 ,37 ,- ,15 
.45-54 years,"1,067 ",652 ,40 ,39 ,9 ,156 ,14 ,94 ,4 ,57 
.55-64 years,649 ,236 ,6 ,10 ,2 ,113 ,7 ,137 ,10 ,129 
.65-74 years,408 ,32 ,3 ,- ,- ,36 ,1 ,76 ,- ,260 
.75+ years,178 ,8 ,- ,- ,- ,10 ,1 ,15 ,- ,144 
FAMILY INCOME,,,,,,,,,,
".Family Income Under $10,000",160 ,25 ,3 ,1 ,3 ,26 ,3 ,6 ,4 ,88 
".$10,000 to $14,999",166 ,21 ,4 ,5 ,2 ,33 ,4 ,11 ,2 ,86 
".$15,000 to $19,999",234 ,20 ,5 ,5 ,4 ,62 ,1 ,32 ,2 ,103 
".$20,000 to $24,999",259 ,49 ,10 ,13 ,2 ,77 ,6 ,33 ,3 ,66 
".$25,000 to $29,999",277 ,88 ,4 ,4 ,2 ,64 ,5 ,33 ,- ,77 
".$30,000 to $39,999",539 ,216 ,26 ,28 ,3 ,98 ,10 ,71 ,- ,87 
".$40,000 to $49,999",471 ,224 ,19 ,28 ,2 ,85 ,7 ,53 ,3 ,49 
".$50,000 to $74,999","1,017 ",670 ,28 ,31 ,6 ,127 ,6 ,95 ,3 ,51 
".$75,000 to $99,999",614 ,486 ,9 ,9 ,- ,58 ,- ,40 ,- ,11 
".$100,000 and over",638 ,499 ,10 ,14 ,1 ,46 ,- ,44 ,1 ,22 
POVERTY STATUS,,,,,,,,,,
.Below poverty level,355 ,65 ,9 ,10 ,7 ,86 ,8 ,24 ,5 ,140 
.At or above poverty level,"4,021 ","2,234 ",109 ,127 ,18 ,591 ,34 ,394 ,13 ,501 
AGE OF OWN CHILDREN,,,,,,,,,,
.Without own children under 18 years,"2,193 ",875 ,49 ,56 ,4 ,307 ,16 ,288 ,11 ,585 
.With own children under 18 years,"2,183 ","1,424 ",68 ,82 ,21 ,370 ,26 ,130 ,7 ,55 
.Without own children under 12 years,"2,781 ","1,272 ",67 ,81 ,10 ,369 ,19 ,348 ,15 ,599 
.With own children under 12 years,"1,595 ","1,027 ",51 ,56 ,15 ,308 ,24 ,71 ,3 ,41 
.Without own children under 6 years,"3,424 ","1,742 ",87 ,103 ,15 ,439 ,31 ,378 ,17 ,614 
.With own children under 6 years,952 ,557 ,31 ,35 ,10 ,238 ,12 ,41 ,2 ,27 
.Without own children under 5 years,"3,541 ","1,812 ",89 ,110 ,17 ,459 ,33 ,383 ,17 ,620 
.With own children under 5 years,835 ,486 ,28 ,28 ,8 ,218 ,9 ,35 ,2 ,20 
.Without own children under 3 years,"3,860 ","2,013 ",100 ,122 ,17 ,524 ,38 ,398 ,17 ,630 
.With own children under 3 years,516 ,286 ,17 ,16 ,8 ,152 ,5 ,21 ,2 ,10 
.Without own children under 1 year,"4,213 ","2,231 ",113 ,131 ,23 ,615 ,39 ,405 ,18 ,637 
.With own children under 1 year,163 ,68 ,5 ,6 ,2 ,61 ,3 ,14 ,- ,4 
.Without own children 3-5 years,"3,759 ","1,933 ",97 ,111 ,22 ,535 ,32 ,389 ,18 ,621 
.With own children 3-5 years,617 ,366 ,21 ,27 ,2 ,142 ,10 ,29 ,- ,20 
.Without own children 6-11 years,"3,285 ","1,569 ",82 ,95 ,16 ,506 ,19 ,374 ,15 ,607 
.With own children 6-11 years,"1,091 ",730 ,35 ,43 ,9 ,171 ,23 ,44 ,3 ,33 
.Without own children 12-17 years,"3,280 ","1,558 ",90 ,93 ,13 ,542 ,35 ,328 ,13 ,609 
.With own children 12-17 years,"1,096 ",741 ,28 ,45 ,11 ,135 ,8 ,91 ,5 ,32 
.Without own children 6-17 years,"2,616 ","1,127 ",64 ,64 ,10 ,425 ,16 ,309 ,11 ,589 
.With own children 6-17 years,"1,760 ","1,172 ",54 ,74 ,15 ,252 ,26 ,109 ,7 ,51 
"COUPLES W/OWN CHILDREN, SPECIFIC AGES",,,,,,,,,,
.No own children under 18,"2,193 ",875 ,49 ,56 ,4 ,307 ,16 ,288 ,11 ,585 
.Children in two or more age groups,"1,192 ",752 ,35 ,47 ,13 ,219 ,18 ,65 ,5 ,38 
.Couples with children 12-17 only,403 ,276 ,13 ,18 ,3 ,43 ,1 ,37 ,2 ,11 
.Couples with children 6-11 only,286 ,208 ,9 ,12 ,2 ,29 ,7 ,14 ,- ,4 
.Couples with children 3-5 only,122 ,88 ,4 ,2 ,- ,25 ,- ,4 ,- ,- 
.Couples with children under 3 only,180 ,98 ,6 ,4 ,4 ,54 ,- ,12 ,- ,2 
"OWN CHILDREN, SELECTED AGES",,,,,,,,,,
.No own children under 18,"2,193 ",875 ,49 ,56 ,4 ,307 ,16 ,288 ,11 ,585 
.Under 6 only,423 ,252 ,14 ,8 ,6 ,118 ,- ,21 ,- ,4 
".Some under 6, some 6-17",529 ,305 ,16 ,27 ,4 ,120 ,12 ,20 ,2 ,23 
.6-17 only,"1,232 ",867 ,38 ,47 ,11 ,131 ,14 ,89 ,5 ,28 
NUMBER OF OWN CHILDREN UNDER 18 YEARS,,,,,,,,,,
.Without own children under 18,"2,193 ",875 ,49 ,56 ,4 ,307 ,16 ,288 ,11 ,585 
.One own child under 18,891 ,609 ,23 ,21 ,8 ,134 ,7 ,69 ,2 ,17 
.Two own children under 18,793 ,522 ,32 ,38 ,9 ,136 ,10 ,29 ,3 ,14 
.Three own children under 18,327 ,205 ,7 ,11 ,- ,68 ,6 ,21 ,- ,9 
.Four or more own children under 18,171 ,88 ,6 ,11 ,4 ,31 ,3 ,11 ,2 ,15 
NUMBER OF OWN CHILDREN 6-17 YEARS,,,,,,,,,,
.Without own children 6-17,"2,616 ","1,127 ",64 ,64 ,10 ,425 ,16 ,309 ,11 ,589 
.One own child 6-17,941 ,630 ,28 ,37 ,6 ,132 ,15 ,63 ,3 ,26 
.Two own children 6-17,568 ,375 ,17 ,25 ,6 ,96 ,6 ,30 ,1 ,12 
.Three own children 6-17,175 ,121 ,4 ,5 ,- ,20 ,5 ,12 ,- ,8 
.Four or more own children 6-17,76 ,46 ,5 ,6 ,4 ,3 ,- ,5 ,2 ,6 
NUMBER OF OWN CHILDREN 12-17 YEARS,,,,,,,,,,
.Without own children 12-17,"3,280 ","1,558 ",90 ,93 ,13 ,542 ,35 ,328 ,13 ,609 
.One own child 12-17,783 ,549 ,16 ,26 ,3 ,90 ,4 ,70 ,3 ,21 
.Two own children 12-17,267 ,164 ,9 ,19 ,4 ,43 ,3 ,16 ,- ,7 
.Three or more own children 12-17,46 ,28 ,3 ,- ,4 ,2 ,- ,4 ,2 ,4 
NUMBER OF OWN CHILDREN 6-11 YEARS,,,,,,,,,,
.Without own children 6-11,"3,285 ","1,569 ",82 ,95 ,16 ,506 ,19 ,374 ,15 ,607 
.One own child 6-11,771 ,516 ,21 ,25 ,6 ,130 ,18 ,31 ,3 ,20 
.Two own children 6-11,268 ,186 ,9 ,16 ,- ,37 ,3 ,10 ,- ,6 
.Three or more own children 6-11,52 ,28 ,5 ,2 ,2 ,3 ,2 ,3 ,- ,6 
NUMBER OF OWN CHILDREN UNDER 6 YEARS,,,,,,,,,,
.Without own children under 6,"3,424 ","1,742 ",87 ,103 ,15 ,439 ,31 ,378 ,17 ,614 
.One own child under 6,680 ,418 ,21 ,24 ,8 ,155 ,9 ,27 ,2 ,18 
.Two own children under 6,224 ,122 ,9 ,10 ,2 ,63 ,1 ,10 ,- ,9 
.Three or more own children under 6,47 ,18 ,1 ,2 ,- ,20 ,1 ,5 ,- ,- 
NUMBER OF OWN CHILDREN UNDER 3 YEARS,,,,,,,,,,
.Without own children under 3,"3,860 ","2,013 ",100 ,122 ,17 ,524 ,38 ,398 ,17 ,630 
.One own child under 3,455 ,267 ,17 ,15 ,6 ,125 ,5 ,13 ,2 ,6 
.Two or more own children under 3,62 ,19 ,- ,1 ,2 ,28 ,- ,8 ,- ,4 
Footnotes:,,,,,,,,,,
1/  Hispanics may be of any race.,,,,,,,,,,
"""Own Children"" exclude ever-married children under 18 years.",,,,,,,,,,
- Represents or rounds to zero.,,,,,,,,,,
"Source: U.S. Census Bureau, Population Division, Current Population Survey, 2003 Annual Social and Economic Supplement",,,,,,,,,,
"Internet Release Date:  September 15, 2004"
