<?xml version="1.0" encoding="UTF-8"?> 
<asset xmlns="http://nix2.larc.nasa.gov/XMLSchema/1.0" 
  xmlns:xsi="http://www.w3.org/2001/XMLSchema-instance"
  xsi:schemaLocation="http://nix2.larc.nasa.gov/XMLSchema/1.0
                          http://nix2.larc.nasa.gov/XMLSchema/1.0/nasamm.xsd">
 <text> 
    <title>Shuttle Atlantis is used for Safe Haven fit check</title>
    <description>
Shuttle Atlantis, with twin solid rocket boosters and external tank atop the Mobile Launcher Platform and Crawler-Transporter, moves in the predawn hours from high bay 2 in the Vehicle Assembly Building (VAB). For the first time in Space Shuttle history, a fully stacked Shuttle is rolling around the north side of the VAB into high bay 2 on the building's west side. The VAB and nearby rock-paved crawlerway have recently undergone major modifications to provide Shuttle flight hardware more storage space and protection   "'"Safe Haven"'" - from hurricanes or tropical storms. Atlantis began moving out of VAB high bay 1 at 2:59 a.m. EDT. After the successful "'"Safe Haven"'" fit check, Shuttle Atlantis is scheduled to roll out to Launch Pad 39B in preparation for the STS-106 launch on Sept. 8. 
    </description>
    <date>2000-08-13</date>
    <id>KSC-00PP-1113</id>
    <org>
      <name>NASA Kennedy Space Center</name>
      <acronym>NASA-KSC</acronym>
      <url>http://images.ksc.nasa.gov/</url>
    </org>
  </text>
  <image>
    <!-- Thumbnail image -->
    <thumbimage>
      <url>http://images.ksc.nasa.gov/photos/2000/thumb/KSC-00PP-1113.gif</url>
      <format>GIF</format>
      <width>100</width>
      <height>65</height>
      <size>9921</size>
    </thumbimage>

    <!-- Screen image -->
    <screenimage>
      <url>http://images.ksc.nasa.gov/photos/2000/low/KSC-00PP-1113.gif</url>
      <format>GIF</format>
      <width>320</width>
      <height>209</height>
      <size>95246</size>
      </screenimage>

    <!-- Other image -->
    <otherimage>
      <url>http://images.ksc.nasa.gov/photos/2000/medium/KSC-00PP-1113.jpg</url>
      <format>JPEG</format>
      <width>1024</width>
      <height>670</height>
      <size>100678</size>
      </otherimage>


    <!-- Other image -->
    <otherimage>
      <url>http://images.ksc.nasa.gov/photos/2000/high/KSC-00PP-1113.jpg</url>
      <format>JPEG</format>
      <width>2670</width>
      <height>1747</height>
      <size>786660</size>
      </otherimage>

  </image>
</asset>


