<rdf:RDF
    xmlns:j.0="http://xmdr.org/ont/iso11179-3e3draft_r4.owl#"
    xmlns:rdf="http://www.w3.org/1999/02/22-rdf-syntax-ns#"
    xmlns:pf="java:com.hp.hpl.jena.query.pfunction.library."
    xmlns:owl="http://www.w3.org/2002/07/owl#" > 
  <rdf:Description rdf:nodeID="A0">
    <j.0:Link_End.role rdf:resource="http://bambam.lbl.gov:8080/xmdr/content/caDSR/R-R/origin.source.xml"/>
    <j.0:Link_End.end rdf:resource="http://bambam.lbl.gov:8080/xmdr/content/NCI_Thesaurus/R-C/C2/5744.xml"/>
    <j.0:Link_End.link rdf:resource="http://bambam.lbl.gov:8080/xmdr/content/caDSR/L/origin/source/NCI_Thesaurus/R-C/C2/5744/result/caDSR/OC/2443276.xml"/>
    <rdf:type rdf:resource="http://www.w3.org/2002/07/owl#Thing"/>
    <rdf:type rdf:resource="http://xmdr.org/ont/iso11179-3e3draft_r4.owl#Link_End"/>
  </rdf:Description>
  <rdf:Description rdf:nodeID="A1">
    <j.0:Submission.submitted_item rdf:resource="http://bambam.lbl.gov:8080/xmdr/content/caDSR/L/origin/source/NCI_Thesaurus/R-C/C2/5744/result/caDSR/OC/2443276.xml"/>
    <j.0:Submission.submission_contact rdf:resource="http://bambam.lbl.gov:8080/xmdr/content/admin/XMDR_Registrar.xml"/>
    <j.0:Submission.submitter rdf:resource="http://bambam.lbl.gov:8080/xmdr/content/admin/XMDR_Registration_Authority.xml"/>
    <rdf:type rdf:resource="http://www.w3.org/2002/07/owl#Thing"/>
    <rdf:type rdf:resource="http://xmdr.org/ont/iso11179-3e3draft_r4.owl#Submission"/>
  </rdf:Description>
  <rdf:Description rdf:nodeID="A2">
    <j.0:Identification.identifier_scope rdf:resource="http://bambam.lbl.gov:8080/xmdr/content/caDSR/L/origin/source/NCI_Thesaurus/R-C/C2/5744/result/caDSR/OC/2443276.xml"/>
    <j.0:Identification.item_identifier rdf:datatype="http://www.w3.org/2001/XMLSchema#string">caDSR/L/origin/source/NCI_Thesaurus/R-C/C2/5744/result/caDSR/OC/2443276.xml</j.0:Identification.item_identifier>
    <j.0:Identification.identifier_context rdf:resource="http://bambam.lbl.gov:8080/xmdr/content/admin/XMDR_Register.xml"/>
    <rdf:type rdf:resource="http://www.w3.org/2002/07/owl#Thing"/>
    <rdf:type rdf:resource="http://xmdr.org/ont/iso11179-3e3draft_r4.owl#Identification"/>
  </rdf:Description>
  <rdf:Description rdf:about="http://bambam.lbl.gov:8080/xmdr/content/caDSR/L/origin/source/NCI_Thesaurus/R-C/C2/5744/result/caDSR/OC/2443276.xml">
    <j.0:Attached_Item.owner rdf:resource="http://bambam.lbl.gov:8080/xmdr/content/caDSR/CS.xml"/>
    <j.0:Link.relation rdf:resource="http://bambam.lbl.gov:8080/xmdr/content/caDSR/R/origin.xml"/>
    <j.0:Identified_Item.identification_identifier_scope rdf:nodeID="A2"/>
    <j.0:Registered_Item.submission_submitted_item rdf:nodeID="A1"/>
    <j.0:Link.link_end_link rdf:nodeID="A3"/>
    <rdf:type rdf:resource="http://www.w3.org/2002/07/owl#Thing"/>
    <rdf:type rdf:resource="http://xmdr.org/ont/iso11179-3e3draft_r4.owl#Attached_Item"/>
    <j.0:Link.container rdf:resource="http://bambam.lbl.gov:8080/xmdr/content/caDSR/CS.xml"/>
    <rdf:type rdf:resource="http://xmdr.org/ont/iso11179-3e3draft_r4.owl#Documentable_Item"/>
    <rdf:type rdf:resource="http://xmdr.org/ont/iso11179-3e3draft_r4.owl#Identified_Item"/>
    <rdf:type rdf:resource="http://xmdr.org/ont/iso11179-3e3draft_r4.owl#Classifiable_Item"/>
    <j.0:Link.link_end_link rdf:nodeID="A0"/>
    <rdf:type rdf:resource="http://xmdr.org/ont/iso11179-3e3draft_r4.owl#Registered_Item"/>
    <rdf:type rdf:resource="http://xmdr.org/ont/iso11179-3e3draft_r4.owl#Designatable_Item"/>
    <rdf:type rdf:resource="http://xmdr.org/ont/iso11179-3e3draft_r4.owl#Link"/>
  </rdf:Description>
  <rdf:Description rdf:nodeID="A3">
    <j.0:Link_End.role rdf:resource="http://bambam.lbl.gov:8080/xmdr/content/caDSR/R-R/origin.result.xml"/>
    <j.0:Link_End.end rdf:resource="http://bambam.lbl.gov:8080/xmdr/content/caDSR/OC/2443276.xml"/>
    <j.0:Link_End.link rdf:resource="http://bambam.lbl.gov:8080/xmdr/content/caDSR/L/origin/source/NCI_Thesaurus/R-C/C2/5744/result/caDSR/OC/2443276.xml"/>
    <rdf:type rdf:resource="http://www.w3.org/2002/07/owl#Thing"/>
    <rdf:type rdf:resource="http://xmdr.org/ont/iso11179-3e3draft_r4.owl#Link_End"/>
  </rdf:Description>
</rdf:RDF>
