<?xml version="1.0" encoding="UTF-8"?> 
<asset xmlns="http://nix2.larc.nasa.gov/XMLSchema/1.0" 
  xmlns:xsi="http://www.w3.org/2001/XMLSchema-instance"
  xsi:schemaLocation="http://nix2.larc.nasa.gov/XMLSchema/1.0
                          http://nix2.larc.nasa.gov/XMLSchema/1.0/nasamm.xsd">
 <text> 
    <title>STS-82 Payload Commander Mark Lee in White Room</title>
    <description>
As white room closeout members look on, STS-82 Payload Commander Mark. C. Lee prepares to enter the Space Shuttle Discovery at Launch Pad 39A. 
    </description>
    <date>1997-02-11</date>
    <id>KSC-97PC-0290</id>
    <org>
      <name>NASA Kennedy Space Center</name>
      <acronym>NASA-KSC</acronym>
      <url>http://images.ksc.nasa.gov/</url>
    </org>
  </text>
  <image>
    <!-- Thumbnail image -->
    <thumbimage>
      <url>http://images.ksc.nasa.gov/photos/1997/thumb/KSC-97PC-0290.gif</url>
      <format>GIF</format>
      <width>100</width>
      <height>70</height>
      <size>10676</size>
    </thumbimage>

    <!-- Screen image -->
    <screenimage>
      <url>http://images.ksc.nasa.gov/photos/1997/low/KSC-97PC-0290.gif</url>
      <format>GIF</format>
      <width>320</width>
      <height>223</height>
      <size>57290</size>
      </screenimage>

    <!-- Other image -->
    <otherimage>
      <url>http://images.ksc.nasa.gov/photos/1997/medium/KSC-97PC-0290.jpg</url>
      <format>JPEG</format>
      <width>1024</width>
      <height>714</height>
      <size>147460</size>
      </otherimage>


    <!-- Other image -->
    <otherimage>
      <url>http://images.ksc.nasa.gov/photos/1997/high/KSC-97PC-0290.jpg</url>
      <format>JPEG</format>
      <width>2267</width>
      <height>1580</height>
      <size>427663</size>
      </otherimage>

  </image>
</asset>


