<?xml version="1.0" encoding="UTF-8"?>
<mods xmlns:xlink="http://www.w3.org/1999/xlink" xmlns:xsi="http://www.w3.org/2001/XMLSchema-instance" xmlns="http://www.loc.gov/mods/v3" version="3.3" xsi:schemaLocation="http://www.loc.gov/mods/v3 http://www.loc.gov/standards/mods/v3/mods-3-3.xsd" ID="id-WCPD-2008-09-15-Pg1194">
<name type="corporate">
<namePart>United States Government Printing Office</namePart>
<role>
<roleTerm authority="marcrelator" type="text">printer</roleTerm>
<roleTerm authority="marcrelator" type="code">prt</roleTerm>
</role>
<role>
<roleTerm authority="marcrelator" type="text">distributor</roleTerm>
<roleTerm authority="marcrelator" type="code">dst</roleTerm>
</role>
</name>
<name type="corporate">
<namePart>United States</namePart>
<namePart>National Archives and Records Administration</namePart>
<namePart>Federal Register Office</namePart>
<role>
<roleTerm authority="marcrelator" type="text">author</roleTerm>
<roleTerm authority="marcrelator" type="code">aut</roleTerm>
</role>
<description>Government Organization</description>
</name>
<name type="corporate">
<namePart>United States</namePart>
<namePart>Executive Office of the President</namePart>
<role>
<roleTerm authority="marcrelator" type="text">author</roleTerm>
<roleTerm authority="marcrelator" type="code">aut</roleTerm>
</role>
<description>United States Government Agency</description>
</name>
<typeOfResource>text</typeOfResource>
<genre authority="marcgt">government publication</genre>
<language>
<languageTerm type="code" authority="iso639-2b">eng</languageTerm>
</language>
<extension>
<collectionCode>WCPD</collectionCode>
<category>Budget and Presidential Materials</category>
<waisDatabaseName>2008_presidential_documents</waisDatabaseName>
<branch>executive</branch>
</extension>
<name type="personal">
<namePart>George W. Bush"/&gt;</namePart>
<role>
<roleTerm authority="marcrelator" type="text">author</roleTerm>
<roleTerm authority="marcrelator" type="code">aut</roleTerm>
</role>
<description>President of the United States</description>
</name>
<genre authority="marcgt">article</genre>
<titleInfo>
<title>Memorandum on the Proposed Agreement for Cooperation Between the Government of the United States of America and the Government of India Concerning Peaceful Uses of Nuclear Energy</title>
</titleInfo>
<identifier type="WCPD citation">44 WCPD 1194</identifier>
<identifier type="uri">http://www.gpo.gov/fdsys/granule/WCPD-2008-09-15/WCPD-2008-09-15-Pg1194</identifier>
<identifier type="former granule identifier">pd15se08_txt-13</identifier>
<identifier type="presidential determination number">Determination 2008-26</identifier>
<location>
<url displayLabel="Content Detail" access="object in context">http://www.gpo.gov/fdsys/granule/WCPD-2008-09-15/WCPD-2008-09-15-Pg1194/content-detail.html</url>
<url displayLabel="PDF rendition" access="raw object">http://www.gpo.gov/fdsys/pkg/WCPD-2008-09-15/pdf/WCPD-2008-09-15-Pg1194.pdf</url>
<url displayLabel="HTML rendition" access="raw object">http://www.gpo.gov/fdsys/pkg/WCPD-2008-09-15/html/WCPD-2008-09-15-Pg1194.html</url>
</location>
<subject>
<topic>Communications to Federal Agencies</topic>
</subject>
<physicalDescription>
<extent>2 p.</extent>
</physicalDescription>
<part type="article">
<extent unit="pages">
<start>1194</start>
<end>1195</end>
</extent>
</part>
<relatedItem type="isReferencedBy">
<titleInfo>
<title>United States Code</title>
<partNumber>Title 42 Section 2153</partNumber>
<partNumber>Title 42 Section 2153(b)</partNumber>
<partNumber>Title 42 Section 2157</partNumber>
<partNumber>Title 42 Section 2158</partNumber>
<partNumber>Title 42 Section 2158(a)(1)(D)</partNumber>
<partNumber>Title 42 Chapter 2153</partNumber>
<partNumber>Title 42 Chapter 2157</partNumber>
<partNumber>Title 42 Chapter 2158</partNumber>
</titleInfo>
<identifier type="USC citation">42 U.S.C. 2153</identifier>
<identifier type="USC citation">42 U.S.C. 2153(b)</identifier>
<identifier type="USC citation">42 U.S.C. 2157</identifier>
<identifier type="USC citation">42 U.S.C. 2158</identifier>
<identifier type="USC citation">42 U.S.C. 2158(a)(1)(D)</identifier>
<identifier type="USC citation">42 U.S.C. Chapter 2153</identifier>
<identifier type="USC citation">42 U.S.C. Chapter 2157</identifier>
<identifier type="USC citation">42 U.S.C. Chapter 2158</identifier>
</relatedItem>
<relatedItem>
<titleInfo>
<title>United States Public Law 109-401</title>
</titleInfo>
<identifier type="public law citation">Public Law 109-401</identifier>
</relatedItem>
<extension>
<searchTitle>Memorandum on the Proposed Agreement for Cooperation Between the Government of the United States of America and the Government of India Concerning Peaceful Uses of Nuclear Energy; Weekly Compilation of Presidential Documents Vol. 44, No. 36</searchTitle>
<granuleClass>PRESDOCU</granuleClass>
<accessId>WCPD-2008-09-15-Pg1194</accessId>
<eventDate>2008-09-10</eventDate>
<president id="GWB" party="R"/>
<presidentialDoc date="2008-09-10" number="2008-26" type="DETERM"/>
<category1>Communications to Federal Agencies</category1>
<law congress="109" isPrivate="false" number="401"/>
<USCode title="42">
            <chapter number="2153" quality="error"/>
            <chapter number="2157" quality="error"/>
            <chapter number="2158" quality="error"/>
            <section number="2153"/>
            <section detail="(b)" number="2153"/>
            <section number="2157"/>
            <section number="2158"/>
            <section detail="(a)(1)(D)" number="2158"/>
          </USCode>
</extension>
<relatedItem type="host" ID="">
<titleInfo>
<title>Weekly Compilation of Presidential Documents</title>
<partNumber>Vol. 44, no. 36</partNumber>
</titleInfo>
<originInfo>
<publisher>Office of the Federal Register, National Archives and Records Administration</publisher>
<dateIssued encoding="w3cdtf">2008-09-15</dateIssued>
<issuance>continuing</issuance>
<frequency>weekly</frequency>
</originInfo>
<physicalDescription>
<note type="source content type">deposited</note>
<digitalOrigin>born digital</digitalOrigin>
<extent>28 p.</extent>
</physicalDescription>
<tableOfContents xlink:href="http://www.gpo.gov/fdsys/pkg/WCPD-2008-09-15/toc.html">
    Table of Contents: 
  </tableOfContents>
<classification authority="sudocs">AE 2.109:</classification>
<classification authority="sudocs">GS 4.114:</classification>
<identifier type="uri">http://www.gpo.gov/fdsys/pkg/WCPD-2008-09-15</identifier>
<identifier type="ILS system id">000599742</identifier>
<identifier type="former package identifier">pd15se08_txt</identifier>
<identifier type="preferred citation">44 WCPD 1179</identifier>
<location>
<url displayLabel="Content Detail" access="object in context">http://www.gpo.gov/fdsys/pkg/WCPD-2008-09-15/content-detail.html</url>
<url displayLabel="PDF rendition" access="raw object">http://www.gpo.gov/fdsys/pkg/WCPD-2008-09-15/pdf/WCPD-2008-09-15.pdf</url>
</location>
<part type="issue">
<extent unit="pages">
<start>1179</start>
<end>1206</end>
</extent>
</part>
<recordInfo>
<recordContentSource authority="marcorg">DGPO</recordContentSource>
<recordCreationDate encoding="w3cdtf">2009-01-06</recordCreationDate>
<recordChangeDate encoding="w3cdtf">2009-01-06</recordChangeDate>
<recordIdentifier source="DGPO">WCPD-2008-09-15</recordIdentifier>
<recordOrigin>machine generated</recordOrigin>
<languageOfCataloging>
<languageTerm type="code" authority="iso639-2b">eng</languageTerm>
</languageOfCataloging>
</recordInfo>
<extension>
<docClass>WCPD</docClass>
<accessId>WCPD-2008-09-15</accessId>
<weekEndingDate>2008-09-12</weekEndingDate>
<volume>44</volume>
<issue>36</issue>
</extension>
</relatedItem>
</mods>
