<?xml version="1.0" encoding="UTF-8"?>
<mods xmlns:xlink="http://www.w3.org/1999/xlink" xmlns:xsi="http://www.w3.org/2001/XMLSchema-instance" xmlns="http://www.loc.gov/mods/v3" version="3.3" xsi:schemaLocation="http://www.loc.gov/mods/v3 http://www.loc.gov/standards/mods/v3/mods-3-3.xsd" ID="id-94-7300">
<name type="corporate">
<namePart>United States Government Printing Office</namePart>
<role>
<roleTerm authority="marcrelator" type="text">printer</roleTerm>
<roleTerm authority="marcrelator" type="code">prt</roleTerm>
</role>
<role>
<roleTerm authority="marcrelator" type="text">distributor</roleTerm>
<roleTerm authority="marcrelator" type="code">dst</roleTerm>
</role>
</name>
<name type="corporate">
<namePart>United States</namePart>
<namePart>National Archives and Records Administration</namePart>
<namePart>Federal Register Office</namePart>
<role>
<roleTerm authority="marcrelator" type="text">author</roleTerm>
<roleTerm authority="marcrelator" type="code">aut</roleTerm>
</role>
<description>Government Organization</description>
</name>
<typeOfResource>text</typeOfResource>
<genre authority="marcgt">government publication</genre>
<language>
<languageTerm type="code" authority="iso639-2b">eng</languageTerm>
</language>
<extension>
<collectionCode>FR</collectionCode>
<category>Regulatory Information</category>
<waisDatabaseName>1994_register</waisDatabaseName>
<branch>executive</branch>
</extension>
<genre authority="marcgt">article</genre>
<titleInfo>
<title>Organizational Charters</title>
<partName>UNKNOWN</partName>
</titleInfo>
<name type="corporate">
<namePart>United States</namePart>
<namePart>Department of Defense</namePart>
<role>
<roleTerm authority="marcrelator" type="text">originator</roleTerm>
<roleTerm authority="marcrelator" type="code">org</roleTerm>
</role>
<description>United States Government Agency or Subagency</description>
</name>
<abstract>This document establishes the office of Under Secretary of Defense for Personnel and Readiness (USD(P&amp;R)). It incorporates the responsibilities, functions, relationships, and authorities previously assigned to the Assistant Secretary of Defense (Force Management and Personnel) (ASD(FM&amp;P)), and adds responsibility for readiness matters and supervision over the Assistant Secretary of Defense for Health Affairs and the Assistant Secretary of Defense for Reserve Affairs. It updates the responsibilities, functions, relationships, and authorities of the ASD(RA). The principal change is to assign the Reserve Affairs functions under the Under Secretary of Defense for Personnel and Readiness consistent with the FY 1994 Defense Authorization Act. This document also removes 32 CFR parts 379 and 384 which established the ASD(RA) and ASD(FM&amp;P).</abstract>
<identifier type="FR citation">59 FR 0</identifier>
<identifier type="uri">http://www.gpo.gov/fdsys/granule/FR-1994-03-29/94-7300</identifier>
<identifier type="FR Doc No.">94-7300</identifier>
<identifier type="former granule identifier">fr29mr94-11</identifier>
<identifier type="billing code">5000-04-M</identifier>
<identifier type="department code">Federal Register: March 29, 1994</identifier>
<location>
<url displayLabel="Content Detail" access="object in context">http://www.gpo.gov/fdsys/granule/FR-1994-03-29/94-7300/content-detail.html</url>
<url displayLabel="PDF rendition" access="raw object">http://www.gpo.gov/fdsys/pkg/FR-1994-03-29/pdf/94-7300.pdf</url>
<url displayLabel="HTML rendition" access="raw object">http://www.gpo.gov/fdsys/pkg/FR-1994-03-29/html/94-7300.html</url>
</location>
<physicalDescription>
<extent>1 p.</extent>
</physicalDescription>
<part type="UNKNOWN">
<extent unit="pages">
<start>0</start>
<end>0</end>
</extent>
</part>
<identifier type="preferred citation">59 FR 0</identifier>
<extension>
<searchTitle>Organizational Charters; Federal Register Vol. 59, Issue </searchTitle>
<granuleClass>UNKNOWN</granuleClass>
<accessId>94-7300</accessId>
<agency order="1">DEPARTMENT OF DEFENSE</agency>
<effectiveDate>1994-03-29</effectiveDate>
<departmentDoc>Federal Register: March 29, 1994</departmentDoc>
<billingCode>5000-04-M</billingCode>
<frDocNumber>94-7300</frDocNumber>
<action>Final rule.</action>
<summary>This document establishes the office of Under Secretary of Defense for Personnel and Readiness (USD(P&amp;R)). It incorporates the responsibilities, functions, relationships, and authorities previously assigned to the Assistant Secretary of Defense (Force Management and Personnel) (ASD(FM&amp;P)), and adds responsibility for readiness matters and supervision over the Assistant Secretary of Defense for Health Affairs and the Assistant Secretary of Defense for Reserve Affairs. It updates the responsibilities, functions, relationships, and authorities of the ASD(RA). The principal change is to assign the Reserve Affairs functions under the Under Secretary of Defense for Personnel and Readiness consistent with the FY 1994 Defense Authorization Act. This document also removes 32 CFR parts 379 and 384 which established the ASD(RA) and ASD(FM&amp;P).</summary>
<dates>March 29, 1994.</dates>
<contact>Mark Smith, telephone (703) 697-1143.</contact>
</extension>
<relatedItem type="host" ID="" xlink:href="http://www.gpo.gov/fdsys/pkg/FR-1994-03-29/mods.xml">
<titleInfo>
<title>Federal Register</title>
<partNumber>Vol. 59, no. 60</partNumber>
</titleInfo>
<originInfo>
<publisher>Office of the Federal Register, National Archives and Records Administration</publisher>
<dateIssued encoding="w3cdtf">1994-03-29</dateIssued>
<issuance>continuing</issuance>
<frequency>daily</frequency>
</originInfo>
<physicalDescription>
<note type="source content type">deposited</note>
<digitalOrigin>born digital</digitalOrigin>
<extent>1 p.</extent>
</physicalDescription>
<tableOfContents xlink:href="http://www.gpo.gov/fdsys/pkg/FR-1994-03-29/toc.html">
    Table of Contents: 
  </tableOfContents>
<classification authority="sudocs">AE 2.7:</classification>
<classification authority="sudocs">GS 4.107:</classification>
<classification authority="sudocs">AE 2.106:</classification>
<classification authority="lcc">KF70.A2</classification>
<identifier type="uri">http://www.gpo.gov/fdsys/pkg/FR-1994-03-29</identifier>
<identifier type="issn">0097-6326</identifier>
<identifier type="issn">0042-1219</identifier>
<identifier type="issn">0364-1406</identifier>
<identifier type="stock number">769-004-00000-9</identifier>
<identifier type="ILS system id">000582072</identifier>
<identifier type="former identifier">fr29mr94</identifier>
<location>
<url displayLabel="Content Detail" access="object in context">http://www.gpo.gov/fdsys/pkg/FR-1994-03-29/content-detail.html</url>
<url displayLabel="PDF rendition" access="raw object">http://www.gpo.gov/fdsys/pkg/FR-1994-03-29/pdf/FR-1994-03-29.pdf</url>
</location>
<part type="issue">
<extent unit="pages">
<start>0</start>
<end>0</end>
</extent>
</part>
<recordInfo>
<recordContentSource authority="marcorg">DGPO</recordContentSource>
<recordCreationDate encoding="w3cdtf">2009-01-09</recordCreationDate>
<recordChangeDate encoding="w3cdtf">2009-01-09</recordChangeDate>
<recordIdentifier source="DGPO">FR-1994-03-29</recordIdentifier>
<recordOrigin>machine generated</recordOrigin>
<languageOfCataloging>
<languageTerm type="code" authority="iso639-2b">eng</languageTerm>
</languageOfCataloging>
</recordInfo>
<extension>
<docClass>FR</docClass>
<accessId>FR-1994-03-29</accessId>
<volume>59</volume>
<issue>60</issue>
</extension>
</relatedItem>
</mods>
