<?xml version="1.0" encoding="UTF-8"?>
<?xml-stylesheet type="text/xsl" href="billres.xsl"?>
<!--<?xml version="1.0"?>-->
<!--<!DOCTYPE bill PUBLIC "-//US Congress//DTDs/bill.dtd//EN" "C:\Program Files\Blast Radius\rules\bill.dtd" []>-->
<!DOCTYPE bill PUBLIC "-//US Congress//DTDs/bill v2.8 20020720//EN" "http://thomas.loc.gov/dtd/bill.dtd">
<bill bill-stage="Introduced-in-House" bill-type="olc" dms-id="HF778146D94C0430F9697F101FB699F3D" public-private="public">
	<metadata xmlns:dc="http://purl.org/dc/elements/1.1/">
<dublinCore>
<dc:title>111 HR 161 IH: Social Security Beneficiary Tax Reduction Act</dc:title>
<dc:publisher>U.S. House of Representatives</dc:publisher>
<dc:date>2009-01-06</dc:date>
<dc:format>text/xml</dc:format>
<dc:language>EN</dc:language>
<dc:rights>Pursuant to Title 17 Section 105 of the United States Code, this file is not subject to copyright protection and is in the public domain.</dc:rights>
</dublinCore>
</metadata>
<form>
		<distribution-code display="yes">I</distribution-code>
		<congress>111th CONGRESS</congress>
		<session>1st Session</session>
		<legis-num>H. R. 161</legis-num>
		<current-chamber>IN THE HOUSE OF REPRESENTATIVES</current-chamber>
		<action>
			<action-date date="20090106">January 6, 2009</action-date>
			<action-desc><sponsor name-id="P000583">Mr. Paul</sponsor> (for
			 himself, <cosponsor name-id="B001149">Mr. Burton of Indiana</cosponsor>,
			 <cosponsor name-id="G000549">Mr. Gerlach</cosponsor>,
			 <cosponsor name-id="S001172">Mr. Smith of Nebraska</cosponsor>, and
			 <cosponsor name-id="G000548">Mr. Garrett of New Jersey</cosponsor>) introduced
			 the following bill; which was referred to the
			 <committee-name committee-id="HWM00">Committee on Ways and
			 Means</committee-name></action-desc>
		</action>
		<legis-type>A BILL</legis-type>
		<official-title>To amend the Internal Revenue Code of 1986 to repeal the
		  1993 increase in taxes on Social Security benefits.</official-title>
	</form>
	<legis-body id="HAB46DB19A0C24456ABAA9FD67EB7DDC7" style="OLC">
		<section display-inline="no-display-inline" id="H48501ABFF71E431AAA9BDEF9F989D8A9" section-type="section-one"><enum>1.</enum><header>Short title</header><text display-inline="no-display-inline">This Act may be cited as the
			 <quote><short-title>Social Security Beneficiary Tax
			 Reduction Act</short-title></quote>.</text>
		</section><section id="H25279908B1F64016A3189396DBD55371"><enum>2.</enum><header>Repeal of
			 increase in tax on Social Security benefits</header>
			<subsection id="H05FE2D77EF614A598C8E00C79F6CC57"><enum>(a)</enum><header>In
			 general</header><text>Paragraph (2) of section 86(a) of the Internal Revenue
			 Code of 1986 (relating to social security and tier 1 railroad retirement
			 benefits) is amended by adding at the end the following new sentence:
			 <quote>This paragraph shall not apply to any taxable year beginning after
			 December 31, 2008.</quote>.</text>
			</subsection><subsection id="H9AF1C7E75B0443DBBDBFB494A20178CF"><enum>(b)</enum><header>Conforming
			 amendments</header>
				<paragraph id="H5FC7092AB539404DAE0015B83F00E0D5"><enum>(1)</enum><text>Paragraph (3) of
			 section 871(a) of such Code is amended by striking <quote>85 percent</quote> in
			 subparagraph (A) and inserting <quote>50 percent</quote>.</text>
				</paragraph><paragraph id="HFE305BF954694C6DA4D856D7AEE2461F"><enum>(2)</enum><subparagraph commented="no" display-inline="yes-display-inline" id="H7C20C1590E7D4C7483C23EA0005EDCB8"><enum>(A)</enum><text>Subparagraph (A) of
			 section 121(e)(1) of the Social Security Amendments of 1983 (<external-xref legal-doc="public-law" parsable-cite="pl/98/21">Public Law 98–21</external-xref>)
			 is amended—</text>
						<clause id="HDF2D3947C18D4F57B99C5F3090F3E44F" indent="up1"><enum>(i)</enum><text>by striking <quote>(A)
			 There</quote> and inserting <quote>There</quote>;</text>
						</clause><clause id="H2B44E85466F14C368BE14CC02264EC78" indent="up1"><enum>(ii)</enum><text>by striking <quote>(i)</quote>
			 immediately following <quote>amounts equivalent to</quote>; and</text>
						</clause><clause id="HC7273B8019C9474B8FFC8C5FFA5F1E1C" indent="up1"><enum>(iii)</enum><text>by striking <quote>, less
			 (ii)</quote> and all that follows and inserting a period.</text>
						</clause></subparagraph><subparagraph id="HDDDD2493AE4048D9A8C129196D00B4A6" indent="up1"><enum>(B)</enum><text>Paragraph (1) of section 121(e) of
			 such Act is amended by striking subparagraph (B).</text>
					</subparagraph><subparagraph id="H10E85D2C61824D1CAA4900A110B39C47" indent="up1"><enum>(C)</enum><text>Paragraph (3) of section 121(e) of
			 such Act is amended by striking subparagraph (B) and by redesignating
			 subparagraph (C) as subparagraph (B).</text>
					</subparagraph><subparagraph id="HCD918E6CF00B4FA789EE561B59733829" indent="up1"><enum>(D)</enum><text>Paragraph (2) of section 121(e) of
			 such Act is amended in the first sentence by striking <quote>paragraph
			 (1)(A)</quote> and inserting <quote>paragraph (1)</quote>.</text>
					</subparagraph></paragraph></subsection><subsection id="H22A4035D37D8466991BF2C3800D45E4"><enum>(c)</enum><header>Effective
			 date</header><text>The amendments made by this section shall apply to taxable
			 years beginning after December 31, 2008.</text>
			</subsection></section></legis-body>
</bill>


