<?xml version="1.0" encoding="UTF-8"?>
<?xml-stylesheet type="text/xsl" href="billres.xsl"?>
<!--<?xml version="1.0"?>-->
<!--<!DOCTYPE bill PUBLIC "-//US Congress//DTDs/bill.dtd//EN" "C:\Program Files\Blast Radius\rules\bill.dtd" []>-->
<!DOCTYPE bill PUBLIC "-//US Congress//DTDs/bill v2.8 20020720//EN" "http://thomas.loc.gov/dtd/bill.dtd">
<bill bill-stage="Introduced-in-House" bill-type="olc" dms-id="H82A2BA024AF04962B2CACBEC4FD566AD" public-private="public">
	<metadata xmlns:dc="http://purl.org/dc/elements/1.1/">
<dublinCore>
<dc:title>111 HR 663 IH: To designate the facility of the United States Postal Service located at 12877 Broad Street in Sparta, Georgia, as the “Yvonne Ingram-Ephraim Post Office Building”.</dc:title>
<dc:publisher>U.S. House of Representatives</dc:publisher>
<dc:date>2009-01-23</dc:date>
<dc:format>text/xml</dc:format>
<dc:language>EN</dc:language>
<dc:rights>Pursuant to Title 17 Section 105 of the United States Code, this file is not subject to copyright protection and is in the public domain.</dc:rights>
</dublinCore>
</metadata>
<form>
		<distribution-code display="yes">I</distribution-code>
		<congress>111th CONGRESS</congress>
		<session>1st Session</session>
		<legis-num>H. R. 663</legis-num>
		<current-chamber>IN THE HOUSE OF REPRESENTATIVES</current-chamber>
		<action>
			<action-date date="20090123">January 23, 2009</action-date>
			<action-desc><sponsor name-id="B001252">Mr. Barrow</sponsor> (for
			 himself, <cosponsor name-id="B000490">Mr. Bishop of Georgia</cosponsor>,
			 <cosponsor name-id="B001262">Mr. Broun of Georgia</cosponsor>,
			 <cosponsor name-id="D000168">Mr. Deal of Georgia</cosponsor>,
			 <cosponsor name-id="G000550">Mr. Gingrey of Georgia</cosponsor>,
			 <cosponsor name-id="J000288">Mr. Johnson of Georgia</cosponsor>,
			 <cosponsor name-id="K000220">Mr. Kingston</cosponsor>,
			 <cosponsor name-id="L000287">Mr. Lewis of Georgia</cosponsor>,
			 <cosponsor name-id="L000321">Mr. Linder</cosponsor>,
			 <cosponsor name-id="M001146">Mr. Marshall</cosponsor>,
			 <cosponsor name-id="P000591">Mr. Price of Georgia</cosponsor>,
			 <cosponsor name-id="S001157">Mr. Scott of Georgia</cosponsor>, and
			 <cosponsor name-id="W000796">Mr. Westmoreland</cosponsor>) introduced the
			 following bill; which was referred to the <committee-name committee-id="HGO00">Committee on Oversight and Government
			 Reform</committee-name></action-desc>
		</action>
		<legis-type>A BILL</legis-type>
		<official-title>To designate the facility of the United States Postal
		  Service located at 12877 Broad Street in Sparta, Georgia, as the <quote>Yvonne
		  Ingram-Ephraim Post Office Building</quote>.</official-title>
	</form>
	<legis-body id="HD99E3D0A15ED444800A6C7F2897CC215" style="OLC">
		<section display-inline="no-display-inline" id="H68F4EA7BC4CB40DE84B1F81468D4AA19" section-type="section-one"><enum>1.</enum><header>Yvonne Ingram-Ephraim Post
			 Office Building</header>
			<subsection id="HC8CC18A974A64EE4B5C7D54B1CDE72B8"><enum>(a)</enum><header>Designation</header><text display-inline="yes-display-inline">The facility of the United States Postal
			 Service located at 12877 Broad Street in Sparta, Georgia, shall be known and
			 designated as the <quote>Yvonne Ingram-Ephraim Post Office
			 Building</quote>.</text>
			</subsection><subsection id="H101838E4B1684128B1D2B131A0CE4E84"><enum>(b)</enum><header>References</header><text display-inline="yes-display-inline">Any reference in a law, map, regulation,
			 document, paper, or other record of the United States to the facility referred
			 to in subsection (a) shall be deemed to be a reference to the <quote>Yvonne
			 Ingram-Ephraim Post Office Building</quote>.</text>
			</subsection></section></legis-body>
</bill>


