<?xml version="1.0" encoding="ISO-8859-1"?><document index="grace"><field name="titlesort" isIndexed="true" isTokenized="false" isStored="true">Father of love [in F]</field><field name="namesort" isIndexed="true" isTokenized="false" isStored="true">Gaines, Samuel Richards</field><field isIndexed="true" isStored="false" isTokenized="true" name="memberOf">Theodore Presser Collection</field><field isIndexed="true" isStored="true" isTokenized="true" name="handle">loc.natlib.presser.200088678</field><field isIndexed="true" isStored="false" isTokenized="true" name="format">musical score and parts</field><field isIndexed="true" isStored="false" isTokenized="true" name="date" type="date">1925</field><field isIndexed="true" isStored="false" isTokenized="true" name="title">Father of love [in F]</field><field isIndexed="true" isStored="false" isTokenized="true" name="default">Father of love [in F]</field><field isIndexed="true" isStored="false" isTokenized="true" name="partName"/><field isIndexed="true" isStored="false" isTokenized="true" name="name">Gaines, Samuel Richards</field><field isIndexed="true" isStored="false" isTokenized="true" name="default">Gaines, Samuel Richards</field><field isIndexed="true" isStored="false" isTokenized="false" name="fullname">Gaines, Samuel Richards</field><field isIndexed="true" isStored="false" isTokenized="true" name="composer">Gaines, Samuel Richards</field><field isIndexed="true" isStored="false" isTokenized="true" name="note">Publisher number: 75148</field><field isIndexed="true" isStored="false" isTokenized="true" name="default">Publisher number: 75148</field><field isIndexed="true" isStored="false" isTokenized="true" name="form">musical score</field><field isIndexed="true" isStored="false" isTokenized="true" name="default">musical score</field><field isIndexed="true" isStored="false" isTokenized="true" name="memberOf">Theodore Presser Collection</field><field isIndexed="true" isStored="false" isTokenized="true" name="default">Theodore Presser Collection</field><field isIndexed="true" isStored="true" isTokenized="true" name="thumbnail">no</field><field isIndexed="true" isStored="true" isTokenized="true" name="hasText">no</field><field isIndexed="true" isStored="true" isTokenized="true" name="hasAudio">no</field><field isIndexed="true" isStored="true" isTokenized="true" name="hasVideo">no</field><field isIndexed="false" isStored="true" isTokenized="false" name="searchresults" type="xml"><results><format>musical score and parts</format><form>musical score</form><date>1925</date><nonSort/><title>Father of love [in F]</title><primaryName><name>Gaines, Samuel Richards</name><role>composer</role></primaryName><composer>Gaines, Samuel Richards</composer><digitalID>loc.natlib.presser.200088678</digitalID><thumbnail></thumbnail><textLink></textLink><audioLink></audioLink><videoLink></videoLink></results></field></document>