CRUISEINFO,,,,,,,,,,
COUNTRY,RU,,,,,,,,,
PROJECT,,,,,,,,,,
INSTITUTE,898,MMBI,,,,,,,,,
SHIP,9677,Belek,,,,,,,,,
CRUISE,,,,,,,,,,


STATION,ugl,,,,,,,,,
LAT DEG,LAT MIN,LAT SEC,LAT HEM,LONG DEG,LON MIN,LON SEC,LON HEM,MONTH,DAY,YEAR
69,0,18.42,N,33,3,24.66,E,5,27,2005

HEADERS,,,,,,,,,,
TIME,11,28,,zone+3,,,,,,
BOTTOM DEPTH,11,m,,,,,,,,
WINDDIR,170,degrees
WINDSP,5,m/sec
AIRTEMP,9,C
BARPRESS,976,mb
CLOUDAMT,10,code10
CLOUD TYPE,7,WMO0500
WEATHER,60,WMO4677
TS PROBE,CTD,
TEMPERATURE INSTRUMENT,SEACAT SBE 19plus,
SALINITY INSTRUMENT,SEACAT SBE 19plus,

DETAILS,DEPTH,TEMP,SAL
UNITS,m,C,psu
DECIMAL PLACES,0,3,3
,0,4.359,6.129
,1,4.092,10.172
,2,3.427,18.658
,3,2.943,25.236
,4,2.486,30.56
,5,2.28,32.422
,6,2.19,33.283
,7,2.134,33.821
,8,2.1,34.099
,9,2.086,34.191
,10,2.082,34.215
,11,2.081,34.225



STATION,pl 10,,,,,,,,,
LAT DEG,LAT MIN,LAT SEC,LAT HEM,LONG DEG,LON MIN,LON SEC,LON HEM,MONTH,DAY,YEAR
69,0,24.36,N,33,2,2.82,E,5,27,2005

HEADERS,,,,,,,,,,
TIME,15,11,,zone+3,,,,,,
BOTTOM DEPTH,17,m,,,,,,,,
WINDDIR,230,degrees,,,,,,,,
WINDSP,9,m/sec,,,,,,,,
AIRTEMP,12,C,
BARPRESS,975,mb,
CLOUDAMT,9,code10,
CLOUD TYPE,7,WMO0500,
WEATHER,60,WMO4677,
TS PROBE,CTD,
TEMPERATURE INSTRUMENT,SEACAT SBE 19plus,
SALINITY INSTRUMENT,SEACAT SBE 19plus,

DETAILS,DEPTH,TEMP,SAL
UNITS,m,C,psu
DECIMAL PLACES,0,3,3
,0,4.318,6.414
,1,4.193,8
,2,3.931,10.992
,3,3.712,14.109
,4,3.427,18.966
,5,2.984,25.451
,6,2.568,29.991
,7,2.326,32.186
,8,2.195,33.275
,9,2.142,33.699
,10,2.119,33.883
,11,2.105,33.994
,12,2.098,34.058
,13,2.093,34.104
,14,2.089,34.134
,15,2.087,34.149
,16,2.087,34.156
,17,2.087,34.156,,,,,,,



STATION,pl 15,,,,,,,,,
LAT DEG,LAT MIN,LAT SEC,LAT HEM,LONG DEG,LON MIN,LON SEC,LON HEM,MONTH,DAY,YEAR
69,2,1.86,N,33,3,17.04,E,5,27,2005

HEADERS,,,,,,,,,,
TIME,14,42,,zone+3,,,,,,
BOTTOM DEPTH,18,m,,,,,,,,
WINDDIR,230,degrees,,,,,,,,
WINDSP,9,m/sec,,,,,,,,
AIRTEMP,12,C,
BARPRESS,975,mb,
CLOUDAMT,9,code10,
CLOUD TYPE,7,WMO0500,
WEATHER,60,WMO4677,
TS PROBE,CTD,
TEMPERATURE INSTRUMENT,SEACAT SBE 19plus,
SALINITY INSTRUMENT,SEACAT SBE 19plus,

DETAILS,DEPTH,TEMP,SAL
UNITS,m,C,psu
DECIMAL PLACES,0,3,3
,0,4.417,6.132
,1,4.394,6.456
,2,4.297,7.825
,3,4.077,11.264
,4,3.724,17.012
,5,3.221,23.597
,6,2.776,28.237
,7,2.469,31.067
,8,2.312,32.38
,9,2.215,33.172
,10,2.162,33.592
,11,2.128,33.86
,12,2.107,34.033
,13,2.095,34.126
,14,2.086,34.19
,15,2.081,34.235
,16,2.076,34.267
,17,2.073,34.29
