<Spase xmlns:xsi="http://www.w3.org/2001/XMLSchema-instance"
       xmlns="http://www.spase-group.org/data/schema">
<Version>1.3.0</Version>
<Granule>
  <ResourceID>spase://VMO/Granule/Geotail/CPI/SWA_PT48S/ge_h0_cpi_19930531_v05</ResourceID>
  <ReleaseDate>2008-12-10T22:06:18Z</ReleaseDate>
  <ParentID>spase://VMO/NumericalData/Geotail/CPI/SWA_PT48S</ParentID>
  <URL>http://erebus.physics.uiowa.edu/cpi-data/sw/1993/ge_h0_cpi_19930531_v05.cdf</URL>
  <StartDate>1993-05-31T00:00:00Z</StartDate>
  <StopDate>1993-05-31T23:59:01Z</StopDate>
  <Checksum>
    <HashValue>b0f439b96d2f872d9a0765a30448a920</HashValue>
    <HashFunction>MD5</HashFunction>
  </Checksum>
  <DataExtent>
    <Quantity>100938</Quantity>
    <Units>Bytes</Units>
  </DataExtent>
</Granule>
</Spase>
