<?xml version="1.0" encoding="UTF-8"?>
<?xml-stylesheet type="text/xsl" href="billres.xsl"?>
<!--<?xml version="1.0" encoding="UTF-8"?>-->
<!--<?xml-stylesheet href="\billres.xsl" type="text/xsl"?>-->
<!--<!DOCTYPE bill PUBLIC "-//US Congress//DTDs/bill v2.8 20020720//EN" "http://thomas.loc.gov/dtd/bill.dtd">-->
<!DOCTYPE bill PUBLIC "-//US Congress//DTDs/bill v2.8 20020720//EN" "http://thomas.loc.gov/dtd/bill.dtd">
<bill bill-stage="Introduced-in-House" dms-id="HEE8D44058424478E9F92BF86FDDE5500" public-private="public" bill-type="olc"> 
<metadata xmlns:dc="http://purl.org/dc/elements/1.1/">
<dublinCore>
<dc:title>110 HR 2485 IH: Safety, Efficiency, and Accountability in Transportation Projects Through Public Inspection Act of 2007</dc:title>
<dc:publisher>U.S. House of Representatives</dc:publisher>
<dc:date>2007-05-24</dc:date>
<dc:format>text/xml</dc:format>
<dc:language>EN</dc:language>
<dc:rights>Pursuant to Title 17 Section 105 of the United States Code, this file is not subject to copyright protection and is in the public domain.</dc:rights>
</dublinCore>
</metadata>
<form> 
<distribution-code display="yes">I</distribution-code> 
<congress>110th CONGRESS</congress>
<session>1st Session</session>
<legis-num>H. R. 2485</legis-num> 
<current-chamber>IN THE HOUSE OF REPRESENTATIVES</current-chamber> 
<action> 
<action-date date="20070524">May 24, 2007</action-date> 
<action-desc><sponsor name-id="F000116">Mr. Filner</sponsor> introduced the following bill; which was referred to the <committee-name committee-id="HPW00">Committee on Transportation and Infrastructure</committee-name></action-desc>
</action> 
<legis-type>A BILL</legis-type> 
<official-title>To require public employees to perform the inspection of State and local surface transportation projects, and related essential public functions, to ensure public safety, the cost-effective use of transportation funding, and timely project delivery.</official-title> 
</form> 
<legis-body id="H1C2D8FEA816047B98F5528B9E7D837B" style="OLC"> 
<section id="HE3E439D607124BA98600DEA67E872DEC" section-type="section-one"><enum>1.</enum><header>Short title</header><text display-inline="no-display-inline">This Act may be cited as the <quote><short-title>Safety, Efficiency, and Accountability in Transportation Projects Through Public Inspection Act of 2007</short-title></quote>.</text></section> 
<section id="H9D06D2A0E80D43DE80048296794F1546"><enum>2.</enum><header>Findings</header><text display-inline="no-display-inline">Congress finds the following:</text> 
<paragraph id="HDED05EA969674D8AB97679082B33EDEE"><enum>(1)</enum><text>Public inspectors serve as the eyes, ears, and voice of the public on State and local surface transportation projects and help ensure that construction and seismic standards are met, that projects meet safety requirements, and that the materials used will stand the test of time.</text></paragraph> 
<paragraph id="H6AB6931F69CC4CEE9F45F0BAE45A168"><enum>(2)</enum><text>Public inspectors on State and local surface transportation projects ensure that tax-paying motorists get what they pay for and public safety and the public interest are considered first and foremost.</text></paragraph> 
<paragraph id="H4B501F8A0CE941828F33DD9CA2201137"><enum>(3)</enum><text>Outsourcing public inspection functions on State and local surface transportation projects eliminates a representative of the public from the construction site and puts a private company in charge of inspecting the work of the private construction company, creating multiple conflicts of interest.</text></paragraph> 
<paragraph id="HBE7DE5F5D8214B94A6D0796BB5B6ED82"><enum>(4)</enum><text>A private inspector’s primary obligation and responsibility is not to the public, but to the success and profitability of the inspector’s company. Because the private construction company whose work they are inspecting on one project may be a business partner on a future project, private inspectors are likely to feel pressure from the private contractor to take steps that ensure larger profits for both firms.</text></paragraph> 
<paragraph id="HDAB979DFED0242A9BB975F0027755259"><enum>(5)</enum><text>These conflicts of interest may lead private inspectors to cut corners and overlook problems that threaten public safety, increase costs, and delay projects.</text></paragraph> 
<paragraph id="HD900425ECFD84AA5A040E02F30422FF6"><enum>(6)</enum><text>Across the United States, transportation agencies have outsourced public inspection functions with disastrous results. Examples of the dangers of outsourcing include the following: Boston’s Big Dig (where a concrete slab from a tunnel ceiling fell and killed a woman), the Los Angeles Redline subway (Hollywood Boulevard collapsed), and the Connecticut I–84 project (hundreds of drains that lead nowhere).</text></paragraph> 
<paragraph id="HA22D982C53774CE8A1ECEA985331006B"><enum>(7)</enum><text>Commuters and taxpayers are best served by requiring public inspection on State and local surface transportation projects to protect public safety, use transportation revenues cost effectively, and deliver projects on time.</text></paragraph></section> 
<section id="H19D26E3DF13D4412A408797BD55FC03C"><enum>3.</enum><header>Public inspection</header><text display-inline="no-display-inline">Public employees shall carry out the construction inspection functions for all surface transportation projects receiving Federal funding.</text></section> 
<section id="HF5FEEA31C0FE416394E96B497FFB4277"><enum>4.</enum><header>Definitions</header><text display-inline="no-display-inline">In this Act, the following definitions apply:</text> 
<paragraph id="H973AEC5E9D3A4AE8AD8FEAA29139F3F7"><enum>(1)</enum><header>Construction inspection functions</header><text>The term <quote>construction inspection functions</quote> means construction engineering, contract administration, quality control inspection, materials testing, and resident engineer and assistant resident engineer functions.</text></paragraph> 
<paragraph id="H91A5D0D17CD84A10AEE7BFE99DFA9DB3"><enum>(2)</enum><header>Public employee</header><text>The term <quote>public employee</quote> means an employee of a Federal, State, or local government.</text></paragraph> 
<paragraph id="H9FE130064D0846E3A8DC22DBA7F58EB"><enum>(3)</enum><header>Surface transportation project</header><text>The term <quote>surface transportation project</quote> means a project receiving assistance under title 23, United States Code, a capital project (as defined in <external-xref legal-doc="usc" parsable-cite="usc/49/5302">section 5302</external-xref> of title 49, United States Code), and any other project related to surface transportation that the Secretary determines appropriate.</text></paragraph></section> 
</legis-body> 
</bill> 

