<?xml version="1.0"?>
<metadata><Source>http://www.nbii.gov/metadata/mdata/NOAA/noaanmfs0014.sgml</Source>
<idinfo>
<citation>
<citeinfo>
<origin>JOHN R. POFFENBERGER</origin>
<pubdate>Unknown</pubdate>
<title>Fish Catch Data from the Southeastern U.S.</title>
<othercit>
This metadata file can be found at:
ftp://cameron.cr.usgs.gov/pub/nbii_metadata/noaanmfs0014.txt
(text format)
and
ftp://cameron.cr.usgs.gov/pub/nbii_metadata/noaanmfs0014.html
(HTML format)
and
ftp://cameron.cr.usgs.gov/pub/nbii_metadata/noaanmfs0014.sgml
(SGML format).
</othercit>
</citeinfo>
</citation>
<descript>
<abstract>
Data provide detailed information on a sample of fishing trips that
occurred in the southeastern U.S.  Data include species composition, catch and
effort, and length and/or weight measurements from a sample of the total (trip)
catch.
</abstract>
<purpose>To provided detailed information on a sample of fishing trips that occurred in the southeastern U.S.</purpose>
</descript>
<timeperd>
<timeinfo>
<rngdates>
<begdate>19850101</begdate>
<enddate>present</enddate>
</rngdates>
</timeinfo>
<current>From NMFS metainfo</current>
</timeperd>
<status>
<progress>in work</progress>
<update>Unknown</update>
</status>
<spdom>
<descgeog>Southeastern U.S., Atlantic Ocean, Gulf of Mexico</descgeog>
<bounding>
<westbc>-98</westbc>
<eastbc>-30</eastbc>
<southbc>+10</southbc>
<northbc>+50</northbc>
</bounding>
</spdom>
<keywords>
<theme>
<themekt>GCMD parameter keywords</themekt>
<themekey>EARTH SCIENCE  &gt;BIOSPHERE  &gt;AQUATIC HABITAT  &gt;COASTAL HABITAT  &gt;</themekey>
<themekey>EARTH SCIENCE  &gt;BIOSPHERE  &gt;ZOOLOGY  &gt;BIOMASS  &gt;</themekey>
<themekey>EARTH SCIENCE  &gt;BIOSPHERE  &gt;ZOOLOGY  &gt;FISH  &gt;CATCH</themekey>
<themekey>EARTH SCIENCE  &gt;BIOSPHERE  &gt;ZOOLOGY  &gt;FISH  &gt;EFFORT</themekey>
<themekey>EARTH SCIENCE  &gt;BIOSPHERE  &gt;ZOOLOGY  &gt;FISH  &gt;LENGTH</themekey>
<themekey>EARTH SCIENCE  &gt;BIOSPHERE  &gt;ZOOLOGY  &gt;VERTEBRATES  &gt;</themekey>
<themekey>CATCH</themekey>
<themekey>EFFORT</themekey>
<themekey>FISHERIES</themekey>
<themekey>IDN_NODE GSFC NOAA/NESDIS/NODC</themekey>
</theme>
<place>
<placekt>GCMD location keywords</placekt>
<placekey>ATLANTIC OCEAN &gt; Gulf of Mexico</placekey>
</place>
</keywords>
<taxonomy>
<taxonkey>MULTIPLE SPECIES, VERTEBRATES</taxonkey>
<taxoncov>
<taxongen>fish, vertebrates</taxongen>
</taxoncov>
</taxonomy>
<accconst>none</accconst>
<useconst>none</useconst>
<ptcontac>
<cntinfo>
<cntperp>
<cntper>JOHN R. POFFENBERGER</cntper>
<cntorg>Southeast Fisheries Center, Economics and Statistics Office</cntorg>
</cntperp>
<cntpos>Investigator</cntpos>
<cntaddr>
<addrtype>mailing address</addrtype>
<address>
National Marine Fisheries Service
75 Virginia Beach Drive
</address>
<city>Miami</city>
<state>FL</state>
<postal>33149</postal>
</cntaddr>
<cntvoice>305-361-4263</cntvoice>
</cntinfo>
</ptcontac>
</idinfo>
<dataqual>
<attracc>
<attraccr>unknown</attraccr>
</attracc>
<logic>not applicable</logic>
<complete>unknown</complete>
<lineage>
<method>
<methtype>Field collection</methtype>
<methdesc>Samples taken from total (trip) catch</methdesc>
</method>
<procstep>
<procdesc>none</procdesc>
<procdate>unknown</procdate>
</procstep>
</lineage>
</dataqual>
<spdoinfo>
<indspref>Based on local reference names</indspref>
</spdoinfo>
<eainfo>
<overview>
<eaover>
Entity - COASTAL HABITAT, BIOMASS, FISH
Associated Attributes - FISH &gt; SPECIES COMPOSITION, CATCH, EFFORT, LENGTH, WEIGHT
</eaover>
<eadetcit>unknown</eadetcit>
</overview>
</eainfo>
<distinfo>
<distrib>
<cntinfo>
<cntorgp>
<cntorg>NOAA/NMFS/SEFC &gt; Southeast Fisheries Center, NOAA</cntorg>
<cntper>PLEASE CONTACT ECONOMICS AND STATISTICS OFFICE</cntper>
</cntorgp>
<cntaddr>
<addrtype>mailing address</addrtype>
<address>
National Marine Fisheries Service
75 Virginia Beach Drive
</address>
<city>Miami</city>
<state>FL</state>
<postal>33149</postal>
</cntaddr>
<cntvoice>305-361-4294</cntvoice>
</cntinfo>
</distrib>
<distliab>
No warranty expressed or implied is made regarding the accuracy or
utility of the data on any system or for general or scientific
purposes, nor shall the act of distribution constitute any such
warranty.  This disclaimer applies both to individual use of the data
and aggregate use with other data.  It is strongly recommended that
these data are directly acquired from the Southeast Fisheries Center
and not indirectly though other sources which may have
changed the data in some way.  It is also strongly recommended that
careful attention be paid to the contents of the metadata file
associated with these data.  Neither the SEFC nor the NASA
Global Change Master Directory shall be held liable for improper or
incorrect use of the data described and/or contained herein.
</distliab>
<stdorder>
<digform>
<digtinfo>
<formname>unknown</formname>
</digtinfo>
<digtopt>
<offoptn>
<offmedia>Magnetic Disk</offmedia>
<recfmt>unknown</recfmt>
</offoptn>
<offoptn>
<offmedia>Magnetic Tape</offmedia>
<recfmt>unknown</recfmt>
</offoptn>
</digtopt>
</digform>
<fees>unknown</fees>
</stdorder>
</distinfo>
<metainfo>
<metd>19900503</metd>
<metrd>199705</metrd>
<metc>
<cntinfo>
<cntorgp>
<cntorg>Hughes STX</cntorg>
<cntper>Cheryl Solomon</cntper>
</cntorgp>
<cntaddr>
<addrtype>mailing and physical address</addrtype>
<address>7701 Greenbelt Rd</address>
<city>Greenbelt</city>
<state>MD</state>
<postal>20770</postal>
</cntaddr>
<cntvoice>301 441-4249</cntvoice>
<cntfax>301 441-9486</cntfax>
<cntemail>solomon@gcmd.gsfc.nasa.gov</cntemail>
</cntinfo>
</metc>
<metstdn>
DRAFT Content Standard for National Biological Information
Infrastructure Metadata.
</metstdn>
<metstdv>December 1995</metstdv>
</metainfo>
</metadata>
