<?xml version="1.0" encoding="UTF-8"?> 
<asset xmlns="http://nix2.larc.nasa.gov/XMLSchema/1.0" 
  xmlns:xsi="http://www.w3.org/2001/XMLSchema-instance"
  xsi:schemaLocation="http://nix2.larc.nasa.gov/XMLSchema/1.0
                          http://nix2.larc.nasa.gov/XMLSchema/1.0/nasamm.xsd">
 <text> 
    <title>KSC-04PD-0418</title>
    <description>
KENNEDY SPACE CENTER, FLA. An X-ray machine is in place to take images of four rudder speed brake actuators to be installed on the orbiter Discovery. The actuators are being X-rayed at the Cape Canaveral Air Force Stations Radiographic High-Energy X-ray Facility to determine if the gears were installed correctly. Discovery has been assigned to the first Return to Flight mission, STS-114, a logistics flight to the International Space Station. 
    </description>
    <date>2004-03-08</date>
    <id>KSC-04PD-0418</id>
    <org>
      <name>NASA Kennedy Space Center</name>
      <acronym>NASA-KSC</acronym>
      <url>http://images.ksc.nasa.gov/</url>
    </org>
  </text>
  <image>
    <!-- Thumbnail image -->
    <thumbimage>
      <url>http://images.ksc.nasa.gov/photos/2004/thumb/KSC-04PD-0418.gif</url>
      <format>GIF</format>
      <width>100</width>
      <height>66</height>
      <size>8288</size>
    </thumbimage>

    <!-- Screen image -->
    <screenimage>
      <url>http://images.ksc.nasa.gov/photos/2004/low/KSC-04PD-0418.gif</url>
      <format>GIF</format>
      <width>320</width>
      <height>212</height>
      <size>77727</size>
      </screenimage>

    <!-- Other image -->
    <otherimage>
      <url>http://images.ksc.nasa.gov/photos/2004/medium/KSC-04PD-0418.jpg</url>
      <format>JPEG</format>
      <width>1024</width>
      <height>680</height>
      <size>143434</size>
      </otherimage>


    <!-- Other image -->
    <otherimage>
      <url>http://images.ksc.nasa.gov/photos/2004/high/KSC-04PD-0418.jpg</url>
      <format>JPEG</format>
      <width>3000</width>
      <height>1995</height>
      <size>5419715</size>
      </otherimage>

  </image>
</asset>


