<?xml version="1.0" encoding="UTF-8"?>
<mods xmlns:xlink="http://www.w3.org/1999/xlink" xmlns:xsi="http://www.w3.org/2001/XMLSchema-instance" xmlns="http://www.loc.gov/mods/v3" version="3.3" xsi:schemaLocation="http://www.loc.gov/mods/v3 http://www.loc.gov/standards/mods/v3/mods-3-3.xsd" ID="id-WCPD-2003-07-14-Pg897-2">
<name type="corporate">
<namePart>United States Government Printing Office</namePart>
<role>
<roleTerm authority="marcrelator" type="text">printer</roleTerm>
<roleTerm authority="marcrelator" type="code">prt</roleTerm>
</role>
<role>
<roleTerm authority="marcrelator" type="text">distributor</roleTerm>
<roleTerm authority="marcrelator" type="code">dst</roleTerm>
</role>
</name>
<name type="corporate">
<namePart>United States</namePart>
<namePart>National Archives and Records Administration</namePart>
<namePart>Federal Register Office</namePart>
<role>
<roleTerm authority="marcrelator" type="text">author</roleTerm>
<roleTerm authority="marcrelator" type="code">aut</roleTerm>
</role>
<description>Government Organization</description>
</name>
<name type="corporate">
<namePart>United States</namePart>
<namePart>Executive Office of the President</namePart>
<role>
<roleTerm authority="marcrelator" type="text">author</roleTerm>
<roleTerm authority="marcrelator" type="code">aut</roleTerm>
</role>
<description>United States Government Agency</description>
</name>
<typeOfResource>text</typeOfResource>
<genre authority="marcgt">government publication</genre>
<language>
<languageTerm type="code" authority="iso639-2b">eng</languageTerm>
</language>
<extension>
<collectionCode>WCPD</collectionCode>
<category>Budget and Presidential Materials</category>
<waisDatabaseName>2003_presidential_documents</waisDatabaseName>
<branch>executive</branch>
</extension>
<name type="personal">
<namePart>George W. Bush"/&gt;</namePart>
<role>
<roleTerm authority="marcrelator" type="text">author</roleTerm>
<roleTerm authority="marcrelator" type="code">aut</roleTerm>
</role>
<description>President of the United States</description>
</name>
<genre authority="marcgt">article</genre>
<titleInfo>
<title>Message to the Congress Transmitting the District of Columbia's Fiscal Year 2004 Budget Request</title>
</titleInfo>
<identifier type="WCPD citation">39 WCPD 897</identifier>
<identifier type="uri">http://www.gpo.gov/fdsys/granule/WCPD-2003-07-14/WCPD-2003-07-14-Pg897-2</identifier>
<identifier type="former granule identifier">pd14jy03_txt-14</identifier>
<location>
<url displayLabel="Content Detail" access="object in context">http://www.gpo.gov/fdsys/granule/WCPD-2003-07-14/WCPD-2003-07-14-Pg897-2/content-detail.html</url>
<url displayLabel="PDF rendition" access="raw object">http://www.gpo.gov/fdsys/pkg/WCPD-2003-07-14/pdf/WCPD-2003-07-14-Pg897-2.pdf</url>
<url displayLabel="HTML rendition" access="raw object">http://www.gpo.gov/fdsys/pkg/WCPD-2003-07-14/html/WCPD-2003-07-14-Pg897-2.html</url>
</location>
<subject>
<topic>Communications to Congress</topic>
</subject>
<physicalDescription>
<extent>1 p.</extent>
</physicalDescription>
<part type="article">
<extent unit="pages">
<start>897</start>
<end>897</end>
</extent>
</part>
<extension>
<searchTitle>Message to the Congress Transmitting the District of Columbia's Fiscal Year 2004 Budget Request; Weekly Compilation of Presidential Documents Vol. 39, No. 28</searchTitle>
<granuleClass>PRESDOCU</granuleClass>
<accessId>WCPD-2003-07-14-Pg897-2</accessId>
<eventDate>2003-07-09</eventDate>
<president id="GWB" party="R"/>
<category1>Communications to Congress</category1>
</extension>
<relatedItem type="host" ID="">
<titleInfo>
<title>Weekly Compilation of Presidential Documents</title>
<partNumber>Vol. 39, no. 28</partNumber>
</titleInfo>
<originInfo>
<publisher>Office of the Federal Register, National Archives and Records Administration</publisher>
<dateIssued encoding="w3cdtf">2003-07-14</dateIssued>
<issuance>continuing</issuance>
<frequency>weekly</frequency>
</originInfo>
<physicalDescription>
<note type="source content type">deposited</note>
<digitalOrigin>born digital</digitalOrigin>
<extent>27 p.</extent>
</physicalDescription>
<tableOfContents xlink:href="http://www.gpo.gov/fdsys/pkg/WCPD-2003-07-14/toc.html">
    Table of Contents: 
  </tableOfContents>
<classification authority="sudocs">AE 2.109:</classification>
<classification authority="sudocs">GS 4.114:</classification>
<identifier type="uri">http://www.gpo.gov/fdsys/pkg/WCPD-2003-07-14</identifier>
<identifier type="ILS system id">000599742</identifier>
<identifier type="former package identifier">pd14jy03_txt</identifier>
<identifier type="preferred citation">39 WCPD 881</identifier>
<location>
<url displayLabel="Content Detail" access="object in context">http://www.gpo.gov/fdsys/pkg/WCPD-2003-07-14/content-detail.html</url>
<url displayLabel="PDF rendition" access="raw object">http://www.gpo.gov/fdsys/pkg/WCPD-2003-07-14/pdf/WCPD-2003-07-14.pdf</url>
</location>
<part type="issue">
<extent unit="pages">
<start>881</start>
<end>907</end>
</extent>
</part>
<recordInfo>
<recordContentSource authority="marcorg">DGPO</recordContentSource>
<recordCreationDate encoding="w3cdtf">2009-01-08</recordCreationDate>
<recordChangeDate encoding="w3cdtf">2009-01-08</recordChangeDate>
<recordIdentifier source="DGPO">WCPD-2003-07-14</recordIdentifier>
<recordOrigin>machine generated</recordOrigin>
<languageOfCataloging>
<languageTerm type="code" authority="iso639-2b">eng</languageTerm>
</languageOfCataloging>
</recordInfo>
<extension>
<docClass>WCPD</docClass>
<accessId>WCPD-2003-07-14</accessId>
<weekEndingDate>2003-07-11</weekEndingDate>
<volume>39</volume>
<issue>28</issue>
</extension>
</relatedItem>
</mods>
