"Table with row headers in column A and column headers in row 9 through 10, repeated in row 63 through 64 Leading dots indicate sub-parts.",,,,,,,,,,,,,,,,,
Census 2000 PHC-T-39,,,,,,,,,,,,,,,,,
"Table 7: School Enrollment of the Population 18 Years and Over by Age, Education, Residence in 1995, Labor Force Status,Class of Worker, and Occupation: 2000",,,,,,,,,,,,,,,,,
,,,,,,,,,,,,,,,,,
Geographic area: Georgia,,,,,,,,,,,,,,,,,
"All race and ethnic groups, both sexes",,,,,,,,,,,,,,,,,
"(Data based on a sample.  For information on confidentiality protection, sampling error, nonsampling error and definitions, see www.census.gov/prod/cen2000/doc/sf3.pdf.)",,,,,,,,,,,,,,,,,
,,,,,,,,,,,,,,,,,
,,Enrolled in School,,,,,,,,,,,,,,,
,,Total,Age 18 to 29,Age 30 to 44,Age 45 to 59,Age 60 and over,,,,,,,,,,,
..18 years and over ,"6,020,679","556,518","397,377","112,640","37,707","8,794",,,,,,,,,,,
Educational attainment:,,,,,,,,,,,,,,,,,
.Not a high school graduate ,"1,361,458","94,964","80,140","7,960","3,725","3,139",,,,,,,,,,,
.High school graduate ,"1,733,135","74,438","55,722","12,698","4,557","1,461",,,,,,,,,,,
".Some college, no degree ","1,311,909","239,896","192,511","35,753","9,912","1,720",,,,,,,,,,,
.Associate degree ,"294,010","38,130","20,224","13,928","3,675",303,,,,,,,,,,,
.Bachelor's degree ,"885,664","76,513","40,105","27,183","8,121","1,104",,,,,,,,,,,
.Advanced degree ,"434,503","32,577","8,675","15,118","7,717","1,067",,,,,,,,,,,
Residence in 1995:,,,,,,,,,,,,,,,,,
.Remained in same house ,"2,993,897","208,174","138,247","42,283","22,339","5,305",,,,,,,,,,,
.Moved within state ,"2,060,810","227,950","169,989","44,556","10,768","2,637",,,,,,,,,,,
.Moved-different state ,"965,972","120,394","89,141","25,801","4,600",852,,,,,,,,,,,
Labor force status:,,,,,,,,,,,,,,,,,
.In labor force ,"4,043,139","376,880","258,004","86,941","29,239","2,696",,,,,,,,,,,
..In Armed Forces ,"66,317","7,026","4,149","2,666",211,- ,,,,,,,,,,,
..Civilian ,"3,976,822","369,854","253,855","84,275","29,028","2,696",,,,,,,,,,,
...Civilian employed ,"3,770,065","327,867","217,001","80,808","27,767","2,291",,,,,,,,,,,
...Unemployed ,"206,757","41,987","36,854","3,467","1,261",405,,,,,,,,,,,
.Not in labor force ,"1,977,540","179,638","139,373","25,699","8,468","6,098",,,,,,,,,,,
,,,,,,,,,,,,,,,,,
..Employed civilians 18 years and over ,"3,770,065","327,867","217,001","80,808","27,767","2,291",,,,,,,,,,,
Class of worker:,,,,,,,,,,,,,,,,,
.Private for-profit wage and salary workers ,"2,779,108","239,668","172,461","51,438","14,414","1,355",,,,,,,,,,,
..Employee of private company ,"2,641,511","235,521","171,167","49,692","13,434","1,228",,,,,,,,,,,
..Self-employed in own incorporated business ,"137,597","4,147","1,294","1,746",980,127,,,,,,,,,,,
.Private not-for-profit wage and salary workers ,"184,017","20,397","12,045","5,757","2,413",182,,,,,,,,,,,
.Local government workers ,"264,152","23,752","10,404","8,647","4,487",214,,,,,,,,,,,
.State government workers ,"190,279","27,425","15,024","8,590","3,595",216,,,,,,,,,,,
.Federal government workers ,"117,820","8,493","3,209","3,690","1,535",59,,,,,,,,,,,
.Self-employed in own not incorporated business ,"225,432","7,395","3,292","2,573","1,272",258,,,,,,,,,,,
.Unpaid family workers ,"9,257",737,566,113,51,7,,,,,,,,,,,
Occupation:,,,,,,,,,,,,,,,,,
".Management, professional and related ","1,253,219","106,111","51,260","39,001","14,892",958,,,,,,,,,,,
"..Management, business and financial operations ","538,163","30,460","13,088","12,485","4,564",323,,,,,,,,,,,
..Professional and related ,"715,056","75,651","38,172","26,516","10,328",635,,,,,,,,,,,
.Service occupations ,"489,269","60,974","48,604","9,180","2,823",367,,,,,,,,,,,
.Sales and office occupations ,"998,830","111,495","85,867","19,441","5,642",545,,,,,,,,,,,
..Sales and related ,"425,668","50,116","41,051","6,898","1,840",327,,,,,,,,,,,
..Office and administrative support ,"573,162","61,379","44,816","12,543","3,802",218,,,,,,,,,,,
".Farming, forestry and fishing ","23,767","1,103",795,198,110,- ,,,,,,,,,,,
".Construction, extraction and maintenance ","411,856","17,340","10,388","5,047","1,816",89,,,,,,,,,,,
".Production, transportation and material moving ","593,124","30,844","20,087","7,941","2,484",332,,,,,,,,,,,
Note:  - Represents zero or rounds to zero.,,,,,,,,,,,,,,,,,
"Internet release date: October, 2006",,,,,,,,,,,,,,,,,
"Source: U.S. Census Bureau, Census 2000",,,,,,,,,,,,,,,,,
Census 2000 PHC-T-39,,,,,,,,,,,,,,,,,
"Table 7: School Enrollment of the Population 18 Years and Over by Age, Education, Residence in 1995, Labor Force Status,Class of Worker, and Occupation: 2000",,,,,,,,,,,,,,,,,
,,,,,,,,,,,,,,,,,
Geographic area: Georgia,,,,,,,,,,,,,,,,,
"All race and ethnic groups, both sexes",,,,,,,,,,,,,,,,,
"(Data based on a sample.  For information on confidentiality protection, sampling error, nonsampling error and definitions, see www.census.gov/prod/cen2000/doc/sf3.pdf.)",,,,,,,,,,,,,,,,,
,,,,,,,,,,,,,,,,,
,Not enrolled in school,,,,,,,,,,,,,,,,
,Total,Age 18 to 29,Age 30 to 44,Age 45 to 59,Age 60 and over,,,,,,,,,,,,
..18 years and over ,"5,464,161","1,073,604","1,919,231","1,406,526","1,064,800",,,,,,,,,,,,
Educational attainment:,,,,,,,,,,,,,,,,,
.Not a high school graduate ,"1,266,494","281,288","309,864","261,011","414,331",,,,,,,,,,,,
.High school graduate ,"1,658,697","360,182","575,738","419,605","303,172",,,,,,,,,,,,
".Some college, no degree ","1,072,013","209,248","413,381","288,623","160,761",,,,,,,,,,,,
.Associate degree ,"255,880","39,161","116,474","75,283","24,962",,,,,,,,,,,,
.Bachelor's degree ,"809,151","151,158","350,854","211,078","96,061",,,,,,,,,,,,
.Advanced degree ,"401,926","32,567","152,920","150,926","65,513",,,,,,,,,,,,
Residence in 1995:,,,,,,,,,,,,,,,,,
.Remained in same house ,"2,785,723","266,157","810,971","909,576","799,019",,,,,,,,,,,,
.Moved within state ,"1,832,860","504,513","766,037","362,667","199,643",,,,,,,,,,,,
.Moved-different state ,"845,578","302,934","342,223","134,283","66,138",,,,,,,,,,,,
Labor force status:,,,,,,,,,,,,,,,,,
.In labor force ,"3,666,259","843,131","1,532,839","1,049,870","240,419",,,,,,,,,,,,
..In Armed Forces ,"59,291","37,639","19,398","2,240",14,,,,,,,,,,,,
..Civilian ,"3,606,968","805,492","1,513,441","1,047,630","240,405",,,,,,,,,,,,
...Civilian employed ,"3,442,198","739,497","1,456,015","1,017,203","229,483",,,,,,,,,,,,
...Unemployed ,"164,770","65,995","57,426","30,427","10,922",,,,,,,,,,,,
.Not in labor force ,"1,797,902","230,473","386,392","356,656","824,381",,,,,,,,,,,,
,,,,,,,,,,,,,,,,,
..Employed civilians 18 years and over ,"3,442,198","739,497","1,456,015","1,017,203","229,483",,,,,,,,,,,,
Class of worker:,,,,,,,,,,,,,,,,,
.Private for-profit wage and salary workers ,"2,539,440","621,737","1,092,512","682,455","142,736",,,,,,,,,,,,
..Employee of private company ,"2,405,990","611,521","1,037,230","630,193","127,046",,,,,,,,,,,,
..Self-employed in own incorporated business ,"133,450","10,216","55,282","52,262","15,690",,,,,,,,,,,,
.Private not-for-profit wage and salary workers ,"163,620","23,736","68,006","54,139","17,739",,,,,,,,,,,,
.Local government workers ,"240,400","35,410","96,068","89,308","19,614",,,,,,,,,,,,
.State government workers ,"162,854","22,967","64,982","63,961","10,944",,,,,,,,,,,,
.Federal government workers ,"109,327","10,581","44,683","46,723","7,340",,,,,,,,,,,,
.Self-employed in own not incorporated business ,"218,037","23,825","86,914","78,073","29,225",,,,,,,,,,,,
.Unpaid family workers ,"8,520","1,241","2,850","2,544","1,885",,,,,,,,,,,,
Occupation:,,,,,,,,,,,,,,,,,
".Management, professional and related ","1,147,108","183,159","514,003","379,929","70,017",,,,,,,,,,,,
"..Management, business and financial operations ","507,703","71,207","229,239","173,537","33,720",,,,,,,,,,,,
..Professional and related ,"639,405","111,952","284,764","206,392","36,297",,,,,,,,,,,,
.Service occupations ,"428,295","114,629","169,121","107,709","36,836",,,,,,,,,,,,
.Sales and office occupations ,"887,335","196,684","356,687","265,948","68,016",,,,,,,,,,,,
..Sales and related ,"375,552","83,828","148,051","110,881","32,792",,,,,,,,,,,,
..Office and administrative support ,"511,783","112,856","208,636","155,067","35,224",,,,,,,,,,,,
".Farming, forestry and fishing ","22,664","6,877","8,252","5,756","1,779",,,,,,,,,,,,
".Construction, extraction and maintenance ","394,516","105,107","170,794","99,598","19,017",,,,,,,,,,,,
".Production, transportation and material moving ","562,280","133,041","237,158","158,263","33,818",,,,,,,,,,,,
Note:  - Represents zero or rounds to zero.,,,,,,,,,,,,,,,,,
"Internet release date: October, 2006",,,,,,,,,,,,,,,,,
"Source: U.S. Census Bureau, Census 2000",,,,,,,,,,,,,,,,,
,,,,,,,,,,,,,,,,,
,,,,,,,,,,,,,,,,,
,,,,,,,,,,,,,,,,,
