<?xml version="1.0" encoding="UTF-8"?>
<mods xmlns:xlink="http://www.w3.org/1999/xlink" xmlns:xsi="http://www.w3.org/2001/XMLSchema-instance" xmlns="http://www.loc.gov/mods/v3" version="3.3" xsi:schemaLocation="http://www.loc.gov/mods/v3 http://www.loc.gov/standards/mods/v3/mods-3-3.xsd" ID="id-00-15755">
<name type="corporate">
<namePart>United States Government Printing Office</namePart>
<role>
<roleTerm authority="marcrelator" type="text">printer</roleTerm>
<roleTerm authority="marcrelator" type="code">prt</roleTerm>
</role>
<role>
<roleTerm authority="marcrelator" type="text">distributor</roleTerm>
<roleTerm authority="marcrelator" type="code">dst</roleTerm>
</role>
</name>
<name type="corporate">
<namePart>United States</namePart>
<namePart>National Archives and Records Administration</namePart>
<namePart>Federal Register Office</namePart>
<role>
<roleTerm authority="marcrelator" type="text">author</roleTerm>
<roleTerm authority="marcrelator" type="code">aut</roleTerm>
</role>
<description>Government Organization</description>
</name>
<typeOfResource>text</typeOfResource>
<genre authority="marcgt">government publication</genre>
<language>
<languageTerm type="code" authority="iso639-2b">eng</languageTerm>
</language>
<extension>
<collectionCode>FR</collectionCode>
<category>Regulatory Information</category>
<waisDatabaseName>2000_register</waisDatabaseName>
<branch>executive</branch>
</extension>
<genre authority="marcgt">article</genre>
<titleInfo>
<title>Center for Scientific Review; Notice of Closed Meetings</title>
<partName>Notices</partName>
</titleInfo>
<name type="corporate">
<namePart>United States</namePart>
<namePart>Department of Health and Human Services</namePart>
<role>
<roleTerm authority="marcrelator" type="text">originator</roleTerm>
<roleTerm authority="marcrelator" type="code">org</roleTerm>
</role>
<description>United States Government Agency or Subagency</description>
</name>
<name type="corporate">
<namePart>United States</namePart>
<namePart>National Institutes of Health</namePart>
<role>
<roleTerm authority="marcrelator" type="text">originator</roleTerm>
<roleTerm authority="marcrelator" type="code">org</roleTerm>
</role>
<description>United States Government Agency or Subagency</description>
</name>
<identifier type="FR citation">65 FR 38843</identifier>
<identifier type="uri">http://www.gpo.gov/fdsys/granule/FR-2000-06-22/00-15755</identifier>
<identifier type="FR Doc No.">00-15755</identifier>
<identifier type="former granule identifier">fr22jn00-106</identifier>
<identifier type="billing code">4140-01-M</identifier>
<location>
<url displayLabel="Content Detail" access="object in context">http://www.gpo.gov/fdsys/granule/FR-2000-06-22/00-15755/content-detail.html</url>
<url displayLabel="PDF rendition" access="raw object">http://www.gpo.gov/fdsys/pkg/FR-2000-06-22/pdf/00-15755.pdf</url>
<url displayLabel="HTML rendition" access="raw object">http://www.gpo.gov/fdsys/pkg/FR-2000-06-22/html/00-15755.html</url>
</location>
<physicalDescription>
<extent>4 p.</extent>
</physicalDescription>
<part type="Notices">
<extent unit="pages">
<start>38843</start>
<end>38846</end>
</extent>
</part>
<identifier type="preferred citation">65 FR 38843</identifier>
<extension>
<searchTitle>Center for Scientific Review; Notice of Closed Meetings; Federal Register Vol. 65, Issue </searchTitle>
<granuleClass>NOTICE</granuleClass>
<accessId>00-15755</accessId>
<agency order="1">DEPARTMENT OF HEALTH AND HUMAN SERVICES</agency>
<agency order="2">National Institutes of Health</agency>
<effectiveDate>2000-06-23</effectiveDate>
<billingCode>4140-01-M</billingCode>
<frDocNumber>00-15755</frDocNumber>
<dates>June 23, 2000.</dates>
<emailRef>ameros@csr.nih.gov</emailRef>
<emailRef>bunnagb@csr.nih.gov</emailRef>
<emailRef>dowellr@csr.nih.gov</emailRef>
<emailRef>friedj@csr.nih.gov</emailRef>
<emailRef>huangpc@csr.nih.gov</emailRef>
<emailRef>johnsong@csr.nih.gov</emailRef>
<emailRef>monseesd@drg.nih.gov</emailRef>
<emailRef>srinivar@csr.nih.giv</emailRef>
<emailRef>yagerl@csr.nih.gov</emailRef>
</extension>
<relatedItem type="host" ID="" xlink:href="http://www.gpo.gov/fdsys/pkg/FR-2000-06-22/mods.xml">
<titleInfo>
<title>Federal Register</title>
<partNumber>Vol. 65, no. 121</partNumber>
</titleInfo>
<originInfo>
<publisher>Office of the Federal Register, National Archives and Records Administration</publisher>
<dateIssued encoding="w3cdtf">2000-06-22</dateIssued>
<issuance>continuing</issuance>
<frequency>daily</frequency>
</originInfo>
<physicalDescription>
<note type="source content type">deposited</note>
<digitalOrigin>born digital</digitalOrigin>
<extent>357 p.</extent>
</physicalDescription>
<tableOfContents xlink:href="http://www.gpo.gov/fdsys/pkg/FR-2000-06-22/toc.html">
    Table of Contents: 
  </tableOfContents>
<classification authority="sudocs">AE 2.7:</classification>
<classification authority="sudocs">GS 4.107:</classification>
<classification authority="sudocs">AE 2.106:</classification>
<classification authority="lcc">KF70.A2</classification>
<identifier type="uri">http://www.gpo.gov/fdsys/pkg/FR-2000-06-22</identifier>
<identifier type="issn">0097-6326</identifier>
<identifier type="issn">0042-1219</identifier>
<identifier type="issn">0364-1406</identifier>
<identifier type="stock number">769-004-00000-9</identifier>
<identifier type="ILS system id">000582072</identifier>
<identifier type="former identifier">fr22jn00</identifier>
<location>
<url displayLabel="Content Detail" access="object in context">http://www.gpo.gov/fdsys/pkg/FR-2000-06-22/content-detail.html</url>
<url displayLabel="PDF rendition" access="raw object">http://www.gpo.gov/fdsys/pkg/FR-2000-06-22/pdf/FR-2000-06-22.pdf</url>
</location>
<part type="issue">
<extent unit="pages">
<start>38713</start>
<end>39069</end>
</extent>
</part>
<recordInfo>
<recordContentSource authority="marcorg">DGPO</recordContentSource>
<recordCreationDate encoding="w3cdtf">2009-01-09</recordCreationDate>
<recordChangeDate encoding="w3cdtf">2009-01-09</recordChangeDate>
<recordIdentifier source="DGPO">FR-2000-06-22</recordIdentifier>
<recordOrigin>machine generated</recordOrigin>
<languageOfCataloging>
<languageTerm type="code" authority="iso639-2b">eng</languageTerm>
</languageOfCataloging>
</recordInfo>
<extension>
<docClass>FR</docClass>
<accessId>FR-2000-06-22</accessId>
<volume>65</volume>
<issue>121</issue>
</extension>
</relatedItem>
</mods>
