Table 1-11: Louisiana Commercial Service Airport Enplanements: 2000,,,,,,,,,,,,
"(For airports with scheduled service and 2,500 or more passengers enplaned)",,,,,,,,,,,,
Airport,Large certificated air carriers,Commuter and small certificated air carriers,Air taxi commuter operators,Foreign air carriers,Total enplanements,,,,,,,
Louis Armstrong New Orleans International,"4,826,139","53,922",404,"55,806","4,936,271",,,,,,,
"Baton Rouge Metropolitan, Ryan Field","414,393","3,270",53,0,"417,716",,,,,,,
Shreveport Regional,"305,011","56,360",65,0,"361,436",,,,,,,
Lafayette Regional,"155,965","24,478",120,0,"180,563",,,,,,,
Alexandria International,"99,561","23,163",20,0,"122,744",,,,,,,
Monroe Regional,"92,022","23,132",5,0,"115,159",,,,,,,
Lake Charles Regional,"66,089",0,76,0,"66,165",,,,,,,
"NOTE: Rank order by total enplaned passengers on air carriers of all types, including foreign air carriers.  Data differ from those in table 4-4, which include only enplanements on large certificated carriers.",,,,,,,,,,,,
"SOURCE: U.S. Department of Transportation, Federal Aviation Administration, Office of the Associate Administrator for Airports, CY 2000 Enplanement Activity at U.S. Commercial Service Airports, available at  http://www.faa.gov/arp/Planning/v3.htm as of Mar. 26, 2002.

",,,,,,,,,,,,
,,,,,,,,,,,,
,,,,,,,,,,,,
,,,,,,,,,,,,
,,,,,,,,,,,,
,,,,,,,,
,,,,,,,,
,,,,,,,,
,,,,,,,,
,,,,,,,,
,,,,,,,,
