<?xml version="1.0" encoding="UTF-8"?><mets:mets xmlns:rights="http://www.loc.gov/rights/" xmlns:xlink="http://www.w3.org/1999/xlink" xmlns:lc="http://www.loc.gov/mets/profiles" xmlns:bib="http://www.loc.gov/mets/profiles/bibRecord" xmlns:mods="http://www.loc.gov/mods/v3" xmlns:mets="http://www.loc.gov/METS/" xmlns:xsi="http://www.w3.org/2001/XMLSchema-instance" OBJID="loc.afc.afc9999005.27914" xsi:schemaLocation="http://www.loc.gov/METS/ http://www.loc.gov/standards/mets/mets.xsd http://www.loc.gov/mods/v3 http://www.loc.gov/standards/mods/v3/mods-3-2.xsd" PROFILE="lc:bibRecord">
    <mets:dmdSec ID="dmd1">
        <mets:mdWrap MDTYPE="MODS">
            <mets:xmlData>
                <mods:mods ID="mods1">
                    <mods:titleInfo>
                        <mods:title>Un ti conseil</mods:title>
                    </mods:titleInfo>
                    <mods:name type="personal">
                        <mods:namePart>Lomax, Alan</mods:namePart>
                        <mods:namePart type="date">1915-2002</mods:namePart>
                        <mods:role>
                            <mods:roleTerm type="text">Recording engineer</mods:roleTerm>
                        </mods:role>
                    </mods:name>
                    <mods:name type="personal">
                        <mods:namePart>La Croix, Andreas</mods:namePart>
                        <mods:role>
                            <mods:roleTerm type="text">Performer</mods:roleTerm>
                        </mods:role>
                    </mods:name>
                    <mods:name type="personal">
                        <mods:namePart>Fred, Andre Don</mods:namePart>
                        <mods:role>
                            <mods:roleTerm type="text">Performer</mods:roleTerm>
                        </mods:role>
                    </mods:name>
                    <mods:originInfo>
                        <mods:place>
                            <mods:placeTerm type="text">Pont Beudet, </mods:placeTerm>
                        </mods:place>
                        <mods:dateCaptured encoding="iso8601">19370100</mods:dateCaptured>
                    </mods:originInfo>
                    <mods:language authority="iso639-2b">
                        <mods:languageTerm type="code">fre</mods:languageTerm>
                    </mods:language>
                    <mods:physicalDescription>
                        <mods:form authority="gmd">sound recording</mods:form>
                    </mods:physicalDescription>
                    <mods:note type="statement of responsibility">Sung and played by Audreas La Croix (banjo) and Audre Don Fred.</mods:note>
                    <mods:note>25B2</mods:note>
                    <mods:note>See Morinillere string band</mods:note>
                    <mods:note>Meringue</mods:note>
                    <mods:subject>
                        <mods:hierarchicalGeographic>
                            <mods:country>Haiti</mods:country>
                            <mods:city>Pont Beudet</mods:city>
                        </mods:hierarchicalGeographic>
                    </mods:subject>
                    <mods:relatedItem type="host">
                        <mods:titleInfo>
                            <mods:title>John Lomax Southern States Collection</mods:title>
                        </mods:titleInfo>
                        <mods:identifier type="lccn">2008700300</mods:identifier>
                    </mods:relatedItem>
                    <mods:identifier type="AFC Number">AFC 1935/002</mods:identifier>
                    <mods:identifier type="AFS Number">AFS 00051 B02</mods:identifier>
                    <mods:identifier type="afsNum">51</mods:identifier>
                    <mods:identifier type="index">afc9999005</mods:identifier>
                    <mods:location>
                        <mods:physicalLocation>American Folklife Center, Library of Congress</mods:physicalLocation>
                    </mods:location>
                    <mods:location>
                        <mods:physicalLocation authority="marcorg">DLC</mods:physicalLocation>
                    </mods:location>
                    <mods:recordInfo>
                        <mods:recordContentSource>IHAS</mods:recordContentSource>
                        <mods:recordChangeDate encoding="marc">080529</mods:recordChangeDate>
                        <mods:recordIdentifier source="IHAS">loc.afc.afc9999005.27914</mods:recordIdentifier>
                    </mods:recordInfo>
                </mods:mods>
            </mets:xmlData>
        </mets:mdWrap>
    </mets:dmdSec>
    <mets:fileSec>
        <mets:fileGrp USE="MASTER">
            <mets:file MIMETYPE="image/tiff" GROUPID="G1" ID="f0084m">
                <mets:FLocat LOCTYPE="URL" xlink:href="http://lcweb4.loc.gov/natlib/ihas/warehouse/afc9999005/Haitian_draft/0084.tif"/>
            </mets:file>
        </mets:fileGrp>
        <mets:fileGrp USE="SERVICE">
            <mets:file MIMETYPE="image/jpeg" GROUPID="G1" ID="f0084s">
                <mets:FLocat LOCTYPE="URL" xlink:href="http://lcweb4.loc.gov/natlib/ihas/service/afc9999005/Haitian_draft/0084v.jpg"/>
            </mets:file>
        </mets:fileGrp>
    </mets:fileSec>
    <mets:structMap>
        <mets:div DMDID="mods1" TYPE="bib:bibRecord">
            <mets:div TYPE="bib:card">
                <mets:div TYPE="lc:image">
                    <mets:fptr FILEID="f0084m"/>
                    <mets:fptr FILEID="f0084s"/>
                </mets:div>
            </mets:div>
        </mets:div>
    </mets:structMap>
</mets:mets>