<?xml version="1.0" encoding="UTF-8"?> 
<asset xmlns="http://nix2.larc.nasa.gov/XMLSchema/1.0" 
  xmlns:xsi="http://www.w3.org/2001/XMLSchema-instance"
  xsi:schemaLocation="http://nix2.larc.nasa.gov/XMLSchema/1.0
                          http://nix2.larc.nasa.gov/XMLSchema/1.0/nasamm.xsd">
 <text> 
    <title>KSC-04PD-0011</title>
    <description>
KENNEDY SPACE CENTER, FLA. -- Endeavour begins rolling out of the Orbiter Processing Facility for temporary transfer to the Vehicle Assembly Building. The move allows work to be performed in the OPF that can only be accomplished while the bay is empty. Work scheduled in the OPF includes annual validation of the bays cranes, work platforms, lifting mechanisms and jack stands. Endeavour will remain in the VAB for approximately 12 days, then return to the OPF. 
    </description>
    <date>2004-01-09</date>
    <id>KSC-04PD-0011</id>
    <org>
      <name>NASA Kennedy Space Center</name>
      <acronym>NASA-KSC</acronym>
      <url>http://images.ksc.nasa.gov/</url>
    </org>
  </text>
  <image>
    <!-- Thumbnail image -->
    <thumbimage>
      <url>http://images.ksc.nasa.gov/photos/2004/thumb/KSC-04PD-0011.gif</url>
      <format>GIF</format>
      <width>66</width>
      <height>100</height>
      <size>8288</size>
    </thumbimage>

    <!-- Screen image -->
    <screenimage>
      <url>http://images.ksc.nasa.gov/photos/2004/low/KSC-04PD-0011.gif</url>
      <format>GIF</format>
      <width>159</width>
      <height>239</height>
      <size>43892</size>
      </screenimage>

    <!-- Other image -->
    <otherimage>
      <url>http://images.ksc.nasa.gov/photos/2004/medium/KSC-04PD-0011.jpg</url>
      <format>JPEG</format>
      <width>510</width>
      <height>767</height>
      <size>121440</size>
      </otherimage>


    <!-- Other image -->
    <otherimage>
      <url>http://images.ksc.nasa.gov/photos/2004/high/KSC-04PD-0011.jpg</url>
      <format>JPEG</format>
      <width>1995</width>
      <height>3000</height>
      <size>6207688</size>
      </otherimage>

  </image>
</asset>


