<?xml version="1.0" encoding="UTF-8"?> 
<asset xmlns="http://nix2.larc.nasa.gov/XMLSchema/1.0" 
  xmlns:xsi="http://www.w3.org/2001/XMLSchema-instance"
  xsi:schemaLocation="http://nix2.larc.nasa.gov/XMLSchema/1.0
                          http://nix2.larc.nasa.gov/XMLSchema/1.0/nasamm.xsd">
 <text> 
    <title>The Mars Climate Orbiter is lifted up the Pad 17A gantry</title>
    <description>
Wrapped in a protective covering, the Mars Climate Orbiter with its upper stage booster is lifted up at Launch Complex 17, Pad A, Cape Canaveral Air Station, in preparation for mating to the second stage of a Boeing Delta II (7425) rocket. Targeted for liftoff on Dec. 10, 1998, the orbiter will be the first spacecraft to be launched in the pair of Mars '98 missions. After its arrival at the red planet, the Mars Climate Orbiter will be used primarily to support its companion Mars Polar Lander spacecraft, scheduled for launch on Jan. 3, 1999. The orbiter will then monitor the Martian atmosphere and image the planet's surface on a daily basis for one Martian year, the equivalent of about two Earth years. The spacecraft will observe the appearance and movement of atmospheric dust and water vapor, and characterize seasonal changes on the planet's surface. 
    </description>
    <date>1998-11-30</date>
    <id>KSC-98PC-1765</id>
    <org>
      <name>NASA Kennedy Space Center</name>
      <acronym>NASA-KSC</acronym>
      <url>http://images.ksc.nasa.gov/</url>
    </org>
  </text>
  <image>
    <!-- Thumbnail image -->
    <thumbimage>
      <url>http://images.ksc.nasa.gov/photos/1998/thumb/KSC-98PC-1765.gif</url>
      <format>GIF</format>
      <width>66</width>
      <height>100</height>
      <size>10072</size>
    </thumbimage>

    <!-- Screen image -->
    <screenimage>
      <url>http://images.ksc.nasa.gov/photos/1998/low/KSC-98PC-1765.gif</url>
      <format>GIF</format>
      <width>158</width>
      <height>240</height>
      <size>54425</size>
      </screenimage>

    <!-- Other image -->
    <otherimage>
      <url>http://images.ksc.nasa.gov/photos/1998/medium/KSC-98PC-1765.jpg</url>
      <format>JPEG</format>
      <width>505</width>
      <height>768</height>
      <size>100182</size>
      </otherimage>


    <!-- Other image -->
    <otherimage>
      <url>http://images.ksc.nasa.gov/photos/1998/high/KSC-98PC-1765.jpg</url>
      <format>JPEG</format>
      <width>1722</width>
      <height>2617</height>
      <size>1022984</size>
      </otherimage>

  </image>
</asset>


