<?xml version="1.0" encoding="UTF-8"?>
<?xml-stylesheet type="text/xsl" href="billres.xsl"?>
<!--<?xml version="1.0"?>-->
<!--<!DOCTYPE bill PUBLIC "-//US Congress//DTDs/bill.dtd//EN" "C:\Program Files\Corel\rules\bill.dtd" []>-->
<!DOCTYPE bill PUBLIC "-//US Congress//DTDs/bill v2.8 20020720//EN" "http://thomas.loc.gov/dtd/bill.dtd">
<bill bill-stage="Introduced-in-House" bill-type="olc" dms-id="H61150A99D4894E0FA23400535428E366" public-private="public">
<metadata xmlns:dc="http://purl.org/dc/elements/1.1/">
<dublinCore>
<dc:title>110 HR 2727 IH: Small Business SOX Compliance
</dc:title>
<dc:publisher>U.S. House of Representatives</dc:publisher>
<dc:date>2007-06-14</dc:date>
<dc:format>text/xml</dc:format>
<dc:language>EN</dc:language>
<dc:rights>Pursuant to Title 17 Section 105 of the United States Code, this file is not subject to copyright protection and is in the public domain.</dc:rights>
</dublinCore>
</metadata>
	<form>
		<distribution-code display="yes">I</distribution-code>
		<congress>110th CONGRESS</congress>
		<session>1st Session</session>
		<legis-num>H. R. 2727</legis-num>
		<current-chamber>IN THE HOUSE OF REPRESENTATIVES</current-chamber>
		<action>
			<action-date date="20070614">June 14, 2007</action-date>
			<action-desc><sponsor name-id="G000548">Mr. Garrett of New
			 Jersey</sponsor> (for himself, <cosponsor name-id="F000447">Mr.
			 Feeney</cosponsor>, <cosponsor name-id="B000013">Mr. Bachus</cosponsor>,
			 <cosponsor name-id="B000072">Mr. Baker</cosponsor>,
			 <cosponsor name-id="S000250">Mr. Sessions</cosponsor>,
			 <cosponsor name-id="P000583">Mr. Paul</cosponsor>, <cosponsor name-id="N000182">Mr. Neugebauer</cosponsor>, <cosponsor name-id="R000487">Mr.
			 Royce</cosponsor>, <cosponsor name-id="H001036">Mr. Hensarling</cosponsor>,
			 <cosponsor name-id="M001138">Mr. Manzullo</cosponsor>,
			 <cosponsor name-id="H000528">Mr. Herger</cosponsor>,
			 <cosponsor name-id="M001156">Mr. McHenry</cosponsor>,
			 <cosponsor name-id="A000358">Mr. Akin</cosponsor>, <cosponsor name-id="D000603">Mr. Davis of Kentucky</cosponsor>,
			 <cosponsor name-id="W000796">Mr. Westmoreland</cosponsor>,
			 <cosponsor name-id="P000591">Mr. Price of Georgia</cosponsor>,
			 <cosponsor name-id="B000208">Mr. Bartlett of Maryland</cosponsor>,
			 <cosponsor name-id="H001041">Mr. Heller of Nevada</cosponsor>,
			 <cosponsor name-id="K000220">Mr. Kingston</cosponsor>,
			 <cosponsor name-id="B001239">Mr. Barrett of South Carolina</cosponsor>,
			 <cosponsor name-id="F000444">Mr. Flake</cosponsor>,
			 <cosponsor name-id="W000798">Mr. Walberg</cosponsor>,
			 <cosponsor name-id="L000491">Mr. Lucas</cosponsor>,
			 <cosponsor name-id="F000449">Mr. Fortuño</cosponsor>,
			 <cosponsor name-id="L000564">Mr. Lamborn</cosponsor>,
			 <cosponsor name-id="M001158">Mr. Marchant</cosponsor>,
			 <cosponsor name-id="G000550">Mr. Gingrey</cosponsor>,
			 <cosponsor name-id="P000373">Mr. Pitts</cosponsor>,
			 <cosponsor name-id="B000461">Mr. Bilbray</cosponsor>,
			 <cosponsor name-id="H000676">Mr. Hoekstra</cosponsor>,
			 <cosponsor name-id="R000570">Mr. Ryan of Wisconsin</cosponsor>,
			 <cosponsor name-id="R000580">Mr. Roskam</cosponsor>,
			 <cosponsor name-id="M001152">Mrs. Musgrave</cosponsor>,
			 <cosponsor name-id="P000587">Mr. Pence</cosponsor>,
			 <cosponsor name-id="K000360">Mr. Kirk</cosponsor>, <cosponsor name-id="B001258">Mrs. Boyda of Kansas</cosponsor>,
			 <cosponsor name-id="P000586">Mr. Putnam</cosponsor>,
			 <cosponsor name-id="P000588">Mr. Pearce</cosponsor>,
			 <cosponsor name-id="S001143">Mr. Souder</cosponsor>,
			 <cosponsor name-id="F000440">Mr. Fossella</cosponsor>,
			 <cosponsor name-id="C001064">Mr. Campbell of California</cosponsor>,
			 <cosponsor name-id="B001256">Mrs. Bachmann</cosponsor>, and
			 <cosponsor name-id="B001232">Mrs. Biggert</cosponsor>) introduced the following
			 bill; which was referred to the <committee-name committee-id="HBA00">Committee
			 on Financial Services</committee-name></action-desc>
		</action>
		<legis-type>A BILL</legis-type>
		<official-title>To extend the current moratorium for small businesses
		  complying with section 404 of the Sarbanes-Oxley Act of 2002 by 1
		  year.</official-title>
	</form>
	<legis-body id="H7E39CD8475FA43399B560031B2A09800" style="OLC">
		<section id="HB0E6BA2A0B49495486A8E35CE19BA15F" section-type="section-one"><enum>1.</enum><header>Short title</header><text display-inline="no-display-inline">This Act may be cited as the
			 <quote><short-title>Small Business SOX Compliance
			 Extension Act</short-title></quote>.</text>
		</section><section id="H2DD96870138F4CF9B76FE64625F3C739"><enum>2.</enum><header>Extension of
			 moratorium</header><text display-inline="no-display-inline">Not later than 30
			 days after the date of enactment of this Act, the Securities and Exchange
			 Commission shall modify its regulations under section 404 of the
			 <act-name>Sarbanes-Oxley Act of 2002</act-name> (<external-xref legal-doc="usc" parsable-cite="usc/15/7262">15 U.S.C. 7262</external-xref>) so that a
			 non-accelerated filer under such regulations is not required to provide
			 management’s report on internal control over financial reporting until it files
			 an annual report for its first fiscal year ending on or after December 15,
			 2008.</text>
		</section></legis-body>
</bill>


