<?xml version="1.0" encoding="UTF-8"?> 
<asset xmlns="http://nix2.larc.nasa.gov/XMLSchema/1.0" 
  xmlns:xsi="http://www.w3.org/2001/XMLSchema-instance"
  xsi:schemaLocation="http://nix2.larc.nasa.gov/XMLSchema/1.0
                          http://nix2.larc.nasa.gov/XMLSchema/1.0/nasamm.xsd">
 <text> 
    <title>KSC-03PD-1559</title>
    <description>
KENNEDY SPACE CENTER, FLA. In the Payload Hazardous Servicing Facility, the cruise stage is mated to the Mars Exploration Rover 2 (MER-2) entry vehicle. The cruise stage includes fuel tanks, thruster clusters and avionics for steering and propulsion. NASA's twin Mars Exploration Rovers are designed to study the history of water on Mars. These robotic geologists are equipped with a robotic arm, a drilling tool, three spectrometers, and four pairs of cameras that allow them to have a human-like, 3D view of the terrain. Each rover could travel as far as 100 meters in one day to act as Mars scientists' eyes and hands, exploring an environment where humans can't yet go. MER-2 is scheduled to launch June 5 as MER-A aboard a Delta rocket from Cape Canaveral Air Force Station. 
    </description>
    <date>2003-05-06</date>
    <id>KSC-03PD-1559</id>
    <org>
      <name>NASA Kennedy Space Center</name>
      <acronym>NASA-KSC</acronym>
      <url>http://images.ksc.nasa.gov/</url>
    </org>
  </text>
  <image>
    <!-- Thumbnail image -->
    <thumbimage>
      <url>http://images.ksc.nasa.gov/photos/2003/thumb/KSC-03PD-1559.gif</url>
      <format>GIF</format>
      <width>100</width>
      <height>66</height>
      <size>8288</size>
    </thumbimage>

    <!-- Screen image -->
    <screenimage>
      <url>http://images.ksc.nasa.gov/photos/2003/low/KSC-03PD-1559.gif</url>
      <format>GIF</format>
      <width>320</width>
      <height>212</height>
      <size>77727</size>
      </screenimage>

    <!-- Other image -->
    <otherimage>
      <url>http://images.ksc.nasa.gov/photos/2003/medium/KSC-03PD-1559.jpg</url>
      <format>JPEG</format>
      <width>1024</width>
      <height>680</height>
      <size>151408</size>
      </otherimage>


    <!-- Other image -->
    <otherimage>
      <url>http://images.ksc.nasa.gov/photos/2003/high/KSC-03PD-1559.jpg</url>
      <format>JPEG</format>
      <width>3000</width>
      <height>1995</height>
      <size>2196113</size>
      </otherimage>

  </image>
</asset>


