table with column headers in rows 5 through 6 and row headers in column A,,,,,
"Table 8 B.  Housing Conditions by Economic Characteristics:  Households with More Than One Room per Person, Satisfactory Space, Overall Satisfactory Housing, and Housing Not so Bad Would Move:  2003",,,,,
(Numbers in thousands),,,,,
(leading dot indicates sub-part),,,,,
Characteristics           , Total Households , More than one room per person , Satisfactory space* , Satisfactory housing , Housing not so bad would move** 
,, Percent , Percent , Percent , Percent 
All households,,,,,
.Total,"111,209",92.3,91.8,96.1,93.1
Household income quintile, ,,,,
.Lowest quintile,"22,226",90.5,90.7,93.4,89.8
.2nd quintile,"22,257",90.6,91.3,95.5,92.5
.3rd quintile,"22,240",91.2,90.5,96.2,92.6
.4th quintile,"22,239",94.1,91.9,97.2,94.4
.Highest quintile,"22,247",94.8,94.6,98.4,96.4
Household poverty, ,, ,,       
.Income below poverty,"13,895",82.9,88.5,91.9,86.9
.Income at or above poverty,"97,315",93.6,92.3,96.8,94.0
Education of householder, ,, ,,       
.Not high school graduate,"16,215",82.6,90.4,94.5,90.9
.High school graduate,"31,688",91.7,91.2,95.7,92.7
.Some college,"33,421",94.0,91.0,96.1,92.7
.Bachelors or higher,"29,884",96.1,94.1,97.5,95.3
Occupation of householder***,,, ,,       
.Executive,"12,557",95.5,93.4,98.1,95.1
.Professional,"13,477",95.8,93.2,97.3,94.5
.Technical,"2,683",94.8,91.7,96.4,93.2
.Sales,"7,856",93.1,91.0,96.5,93.4
.Administrative support,"9,610",93.2,91.2,96.1,92.6
.Service,"10,260",87.5,90.3,95.3,91.0
.Farm,"1,837",87.1,91.9,96.0,94.9
.Craft,"7,994",89.6,90.5,96.3,93.2
.Labor,"9,615",86.6,88.8,94.7,90.5
Footnotes:,,,,,
* Universe excludes households (less than one percent) that did not live in their home long enough to be able to answer the question.,,,,,
"** Answered ""no"" when asked if ""conditions were undesirable enough you would like to move""",,,,,
*** Includes only households with a current job or business.,,,,,
"Source: U.S. Census Bureau, Survey of Income and Program Participation, 2003 Panel, Wave 8",,,,,
Internet Release date: April 11, 2007,,,,,
