Table with row headers in column A and column headers in rows 7 through 8.,,,,,,
Census 2000 PHC-T-35.  Working at Home:  2000,,,,,,

Table 4-WI.  Selected Characteristics of Workers Who Worked at Home by Sex for Wisconsin:  2000,,,,,,
(leading dots indicate sub-parts),,,,,,
"(Data are based on a sample. For information on confidentiality protection, sampling error, nonsampling error, and definitions, see www.census.gov/prod/cen2000/docs/sf3.pdf.)",,,,,,
Selected Characteristics,Both sexes,,Male,,Female,
,Number,Percent,Number,Percent,Number,Percent
,,,,,,
WORKERS 16 YEARS AND OVER,"105,395",100.0,"53,756",100.0,"51,639",100.0
,,,,,,
AGE,,,,,,
.16 and 17 years,"1,977",1.9,"1,124",2.1,853,1.7
.18 to 20 years,"2,742",2.6,"1,504",2.8,"1,238",2.4
.21 to 24 years,"2,959",2.8,"1,483",2.8,"1,476",2.9
.25 to 29 years,"6,177",5.9,"2,450",4.6,"3,727",7.2
.30 to 34 years,"10,041",9.5,"4,073",7.6,"5,968",11.6
.35 to 39 years,"14,386",13.6,"6,289",11.7,"8,097",15.7
.40 to 44 years,"14,429",13.7,"6,992",13.0,"7,437",14.4
.45 to 49 years,"13,512",12.8,"7,289",13.6,"6,223",12.1
.50 to 54 years,"11,561",11.0,"6,093",11.3,"5,468",10.6
.55 to 59 years,"9,447",9.0,"5,004",9.3,"4,443",8.6
.60 and 61 years,"3,216",3.1,"1,859",3.5,"1,357",2.6
.62 to 64 years,"3,805",3.6,"2,246",4.2,"1,559",3.0
.65 and 66 years,"2,132",2.0,"1,338",2.5,794,1.5
.67 to 69 years,"2,801",2.7,"1,780",3.3,"1,021",2.0
.70 to 74 years,"3,444",3.3,"2,398",4.5,"1,046",2.0
.75 to 79 years,"1,763",1.7,"1,207",2.2,556,1.1
.80 to 84 years,734,0.7,471,0.9,263,0.5
.85 years and over,269,0.3,156,0.3,113,0.2
,,,,,,
EDUCATIONAL ATTAINMENT,,,,,,
.Less than 9th grade,"4,209",4.0,"3,077",5.7,"1,132",2.2
".9th to 12th grade, no diploma","8,416",8.0,"4,884",9.1,"3,532",6.8
.High school graduate (includes equivalency),"36,020",34.2,"18,855",35.1,"17,165",33.2
".Some college, no degree","23,890",22.7,"10,272",19.1,"13,618",26.4
.Associate degree,"7,039",6.7,"2,978",5.5,"4,061",7.9
.Bachelor's degree,"18,614",17.7,"9,250",17.2,"9,364",18.1
.Graduate or professional degree,"7,207",6.8,"4,440",8.3,"2,767",5.4
,,,,,,
RACE,,,,,,
.One Race,,,,,,
..White,"101,659",96.5,"52,504",97.7,"49,155",95.2
..Black or African American,"1,765",1.7,455,0.8,"1,310",2.5
..American Indian and Alaska Native,384,0.4,148,0.3,236,0.5
..Asian,611,0.6,211,0.4,400,0.8
..Native Hawaiian and Other Pacific Islander,4,-,2,-,2,-
..Some other race,361,0.3,176,0.3,185,0.4
.Two or more races,611,0.6,260,0.5,351,0.7
,,,,,,
.Hispanic or Latino (of any race),955,0.9,461,0.9,494,1.0
.Not Hispanic or Latino,"104,440",99.1,"53,295",99.1,"51,145",99.0
,,,,,,
".White alone, not Hispanic or Latino","101,113",95.9,"52,238",97.2,"48,875",94.6
,,,,,,
.Race alone or in combination with one or more other races:    1/,,,,,,
,,,,,,
.White,"102,217",97.0,"52,764",98.2,"49,453",95.8
.Black or African American,"1,833",1.7,506,0.9,"1,327",2.6
.American Indian and Alaska Native,656,0.6,256,0.5,400,0.8
.Asian,788,0.7,271,0.5,517,1.0
.Native Hawaiian and Other Pacific Islander,17,-,6,-,11,-
.Some other race,543,0.5,246,0.5,297,0.6
,,,,,,
CLASS OF WORKER,,,,,,
.Private for profit wage and  salary workers,"39,558",37.5,"20,342",37.8,"19,216",37.2
..Employee of private for profit company,"27,685",26.3,"13,284",24.7,"14,401",27.9
..Self employed in own incorporated business,"11,873",11.3,"7,058",13.1,"4,815",9.3
.Private not for profit wage and salary workers,"3,750",3.6,"1,425",2.7,"2,325",4.5
.Local government workers,"1,469",1.4,454,0.8,"1,015",2.0
.State government workers,"1,319",1.3,530,1.0,789,1.5
.Federal government workers,393,0.4,168,0.3,225,0.4
.Self employed worker in own not incorporated business,"55,196",52.4,"29,076",54.1,"26,120",50.6
.Unpaid family workers,"3,710",3.5,"1,761",3.3,"1,949",3.8
,,,,,,
OCCUPATION,,,,,,
".Management, professional and related occupations","49,816",47.3,"31,905",59.4,"17,911",34.7
"..Management, business and finincial operations occupations","35,736",33.9,"25,290",47.0,"10,446",20.2
..Professional and related occupations,"14,080",13.4,"6,615",12.3,"7,465",14.5
.Service occupations,"18,571",17.6,"2,737",5.1,"15,834",30.7
..Healthcare support occupations,"1,842",1.7,135,0.3,"1,707",3.3
..Protective service occupations,272,0.3,195,0.4,77,0.1
..Food preparation and service related occupations,"1,888",1.8,784,1.5,"1,104",2.1
..Building and grounds cleaning and maintenance occupations,"1,509",1.4,889,1.7,620,1.2
..Personal care and service occupations,"13,060",12.4,734,1.4,"12,326",23.9
.Sales and office occupations,"21,039",20.0,"7,796",14.5,"13,243",25.6
..Sales and related occupations,"11,200",10.6,"6,434",12.0,"4,766",9.2
..Office and administrative support occupations,"9,839",9.3,"1,362",2.5,"8,477",16.4
".Farming, fishing, and forestry occupations","4,624",4.4,"2,956",5.5,"1,668",3.2
".Agriculture workers, including supervisors","4,449",4.2,"2,792",5.2,"1,657",3.2
".Fishing, hunting, and forestry occupations",175,0.2,164,0.3,11,-
".Construction, extraction and maintenance occupations","4,206",4.0,"3,974",7.4,232,0.4
..Construction and extraction occupations,"2,082",2.0,"1,928",3.6,154,0.3
"..Installation, maintenance and repair occupations","2,124",2.0,"2,046",3.8,78,0.2
".Production, transportation and material moving occupations","7,131",6.8,"4,380",8.1,"2,751",5.3
..Production occupations,"5,067",4.8,"2,721",5.1,"2,346",4.5
..Transportation and material moving occupations,"2,064",2.0,"1,659",3.1,405,0.8
.Armed Forces not eslewhere specified,8,-,8,-,-,-
,,,,,,
INDUSTRY,,,,,,
".Agriculture, forestry, fishing and hunting, and mining","29,069",27.6,"21,424",39.9,"7,645",14.8
.Construction,"5,043",4.8,"3,076",5.7,"1,967",3.8
.Manufacturing,"7,430",7.0,"4,608",8.6,"2,822",5.5
.Wholesale trade,"2,858",2.7,"1,927",3.6,931,1.8
.Retail trade,"7,281",6.9,"2,856",5.3,"4,425",8.6
".Transportation and warehousing, and utilities","2,308",2.2,"1,523",2.8,785,1.5
.Information,"1,967",1.9,934,1.7,"1,033",2.0
".Finance, insurance, real estate and rental and leasing","5,604",5.3,"3,188",5.9,"2,416",4.7
".Professional, scientific, management, administrative, and waste management services","12,668",12.0,"6,265",11.7,"6,403",12.4
".Education, health and social services","17,447",16.6,"1,601",3.0,"15,846",30.7
".Arts, entertainment, recreation, accommodation and food services","5,992",5.7,"2,848",5.3,"3,144",6.1
.Other services (except public administration),"6,410",6.1,"2,982",5.5,"3,428",6.6
.Public administration,"1,303",1.2,516,1.0,787,1.5
.Armed Forces not elsewhere specified,15,-,8,-,7,-
,,,,,,
EARNINGS,,,,,,
.Worked in 1999,"99,714",94.6,"51,024",94.9,"48,690",94.3
"..$1 to $2,499 or loss","18,910",17.9,"8,333",15.5,"10,577",20.5
"..$2,500 to $4,999","7,636",7.2,"2,519",4.7,"5,117",9.9
"..$5,000 to $9,999","14,351",13.6,"5,212",9.7,"9,139",17.7
"..$10,000 to $14,999","11,437",10.9,"4,670",8.7,"6,767",13.1
"..$15,000 to $19,999","8,937",8.5,"4,107",7.6,"4,830",9.4
"..$20,000 to $24,999","8,151",7.7,"4,145",7.7,"4,006",7.8
"..$25,000 to $29,999","6,312",6.0,"3,302",6.1,"3,010",5.8
"..$30,000 to $34,999","5,313",5.0,"3,283",6.1,"2,030",3.9
"..$35,000 to $39,999","4,233",4.0,"2,779",5.2,"1,454",2.8
"..$40,000 to $44,999","3,407",3.2,"2,473",4.6,934,1.8
"..$45,000 to $49,999","2,354",2.2,"1,688",3.1,666,1.3
"..$50,000 to $54,999","2,556",2.4,"1,861",3.5,695,1.3
"..$55,000 to $59,999","1,381",1.3,972,1.8,409,0.8
"..$60,000 to $64,999","1,637",1.6,"1,247",2.3,390,0.8
"..$65,000 to $74,999","2,034",1.9,"1,543",2.9,491,1.0
"..$75,000 to $99,999","2,928",2.8,"2,393",4.5,535,1.0
"..$100,000 or more","3,818",3.6,"3,229",6.0,589,1.1
.Did not work in 1999,"5,681",5.4,"2,732",5.1,"2,949",5.7
,,,,,,
WEEKS WORKED IN 1999,,,,,,
.Worked in 1999,"99,714",94.6,"51,024",94.9,"48,690",94.3
..50 to 52 weeks,"76,878",72.9,"41,652",77.5,"35,226",68.2
..48 and 49 weeks,"3,486",3.3,"1,394",2.6,"2,092",4.1
..40 to 47 weeks,"6,421",6.1,"2,568",4.8,"3,853",7.5
..27 to 39 weeks,"4,782",4.5,"1,939",3.6,"2,843",5.5
..14 to 26 weeks,"4,779",4.5,"2,044",3.8,"2,735",5.3
..1 to 13 weeks,"9,049",8.6,"4,159",7.7,"4,890",9.5
.Did not work in 1999,"5,681",5.4,"2,732",5.1,"2,949",5.7
,,,,,,
USUAL HOURS WORKED IN 1999,,,,,,
.Worked in 1999,"99,714",94.6,"51,024",94.9,"48,690",94.3
..35 or more hours per week,"70,090",66.5,"41,222",76.7,"28,868",55.9
..15 to 34 hours per week,"20,644",19.6,"6,528",12.1,"14,116",27.3
..1 to 14 hours per week,"14,661",13.9,"6,006",11.2,"8,655",16.8
.Did not work in 1999,"5,681",5.4,"2,732",5.1,"2,949",5.7
,,,,,,
DISABILITY STATUS,,,,,,
.With any disability,"13,778",13.1,"7,450",13.9,"6,328",12.3
.No disability,"91,617",86.9,"46,306",86.1,"45,311",87.7
Footnotes:,,,,,,
 - represents or rounds to zero.,,,,,,
1/   In combination with one or more of the other races listed.  The six numbers may add to more than the total population and the six percentages may add to more than 100 percent because individuals may report more than one race.,,,,,,
,,,,,,
"Source: U.S. Census Bureau, Population Division, Census 2000",,,,,,
"Internet Release Date:  October 20, 2004",,,,,,
