<?xml version="1.0" encoding="utf-8"?>

<mods xmlns="http://www.loc.gov/mods/" xmlns:xsi="http://www.w3.org/2001/XMLSchema-instance" xmlns:xlink="http://www.w3.org/1999/xlink">
<!--1285-->

<titleInfo>
<title>Mercado Digital</title>
</titleInfo>
<titleInfo type="alternative">
<title>Mercado Digital, Editorial Coyuntura S.A., 2001 </title>
</titleInfo>
<name type="corporate">
<namePart>Editorial Coyuntura S.A.</namePart>
</name>
<genre>Web Site</genre>
<originInfo>
<dateCaptured point="start" encoding="iso8601">20011002203333</dateCaptured>
<dateCaptured point="end" encoding="iso8601">20011217181356</dateCaptured>
</originInfo>
<!--Spanish => spa (Spanish)-->

<language authority="iso639-2b">spa</language>
<physicalDescription>
<internetMediaType>text/html</internetMediaType>
</physicalDescription>
<abstract>Mercado Digital, a Web Site produced by Editorial Coyuntura S.A., a business, is part of the Library of Congress September 11 Web Archive and preserves the web expressions of individuals, groups, the press and institutions in the United States and from around the world in the aftermath of the attacks in the United States on September 11, 2001.</abstract>
<relatedItem type="host">
<titleInfo>
<title>September 11 Web Archive</title>
</titleInfo>
<identifier type="uri">http://www.loc.gov/minerva/collect/sept11/</identifier>
</relatedItem>
<identifier type="uri" displayLabel="Active site (if available)">www.mercado.com.ar/mercado/index.asp</identifier>
<identifier type="uri" displayLabel="Archived site">http://wasearch.loc.gov/sep11/2001*sa_/www.mercado.com.ar/mercado/index.asp</identifier>
<accessCondition>None</accessCondition>
<recordInfo lang="eng">
<recordCreationDate encoding="iso8601">20030915000000</recordCreationDate>
<recordChangeDate encoding="iso8601">'20060717174614'</recordChangeDate>
<recordIdentifier source="webarchivist">1285</recordIdentifier>
</recordInfo>
</mods>
