"Table 24.  PAD District 5--Year-to-Date Daily Average Supply and Disposition of Crude Oil and Petroleum Products,  ",,,,,,,,,,,
,,          January-April 2005,,,,,,,,,
,,          (Thousand Barrels per Day),,,,,,,,,
Commodity,,,Supply,,,,,Disposition,,,
,,,Field Production,Refinery and Blender Net Production,Imports (PADD of Entry)a,Net Receipts,Adjust-mentsb,Stock Changec,Refinery and Blender Net Inputs,Exports,Products Suppliedd
Crude Oil,,,"1,633",-,937,0,8,30,"2,548",0,0
Natural Gas Liquids and LRGs,,,80,67,3,0,-,-7,71,15,71
,Pentanes Plus,,38,-,0,0,-,1,29,0,7
,Liquefied Petroleum Gases,,43,67,3,0,-,-8,42,15,64
,,Ethane/Ethylene,0,0,0,0,-,0,0,0,0
,,Propane/Propylene,13,57,3,0,-,-7,0,15,66
,,Normal Butane/Butylene,12,19,0,0,-,0,28,0,4
,,Isobutane/Isobutylene,17,-9,0,0,-,0,14,0,-6
Other Liquids,,,-,-,85,59,86,-5,221,4,11
,Other Hydrocarbons/Oxygenates,,-,-,1,0,109,1,105,4,0
,Unfinished Oils,,-,-,36,0,-,14,12,0,11
,Motor Gasoline Blend. Comp. (MGBC),,-,-,48,59,-22,-20,105,0,0
,,Reformulated,-,-,15,51,-25,-19,61,0,0
,,Conventional,-,-,33,8,3,-2,44,0,0
,Aviation Gasoline Blend. Comp.,,-,-,0,0,-,0,0,0,0
Finished Petroleum Products,,,-,"2,954",117,113,25,5,-,213,"2,992"
,Finished Motor Gasoline,,-,"1,489",23,97,25,17,-,11,"1,606"
,,Reformulated,-,"1,084",0,14,26,10,-,6,"1,107"
,,Conventional,-,405,23,83,0,7,-,6,499
,Finished Aviation Gasoline,,-,1,0,1,-,0,-,0,2
,Kerosene-Type Jet Fuel,,-,430,34,6,-,-18,-,24,464
,Kerosene,,-,1,0,0,-,0,-,0,1
,Distillate Fuel Oil,,-,500,22,10,-,-7,-,17,521
,,15 ppm sulfur and under,-,9,3,0,-,-2,-,0,14
,,Greater than 15 ppm to 500 ppm sulfur,-,395,11,9,-,-8,-,6,418
,,Greater than 500 ppm sulfur,-,95,8,0,-,3,-,10,90
,Residual Fuel Oile,,-,171,34,0,-,-1,-,57,149
,,Less than 0.31 percent sulfur,-,6,6,0,-,0,-,-,-
,,0.31 to 1.00 percent sulfur,-,43,3,0,-,3,-,-,-
,,Greater than 1.00 percent sulfur,-,122,25,0,-,-3,-,-,-
,Petrochemical Feedstocks,,-,11,0,0,-,0,-,-,11
,,Naphtha for Petro. Feed. Use,-,0,0,0,-,0,-,-,0
,,Other Oils for Petro. Feed. Use,-,11,0,0,-,0,-,-,11
,Special Naphthas,,-,1,0,0,-,0,-,10,-9
,Lubricants,,-,16,1,0,-,-1,-,3,16
,Waxes,,-,0,1,0,-,0,-,0,0
,Petroleum Coke,,-,163,1,-,-,8,-,89,66
,,Marketable,-,123,1,-,-,8,-,89,27
,,Catalyst,-,40,-,-,-,-,-,-,40
,Asphalt and Road Oil,,-,34,1,0,-,6,-,2,26
,Still Gas,,-,133,-,-,-,-,-,-,133
,Miscellaneous Products,,-,5,0,0,-,0,-,0,5
Total,,,"1,713","3,022","1,142",173,120,23,"2,839",232,"3,074"
