<?xml version="1.0" encoding="ISO-8859-1"?>
<!DOCTYPE MedicalTopics PUBLIC "-//NLM//DTD MedicalTopics //EN" "http://www.nlm.nih.gov/medlineplus/glftp/medicaltopics_delta_v2.dtd">
<MedicalTopics total="6" totalEnglish="4" totalSpanish="2" startdate="2005-04-30 00:00:00.0" enddate="2005-05-07 00:00:00.0">
<MedicalTopic status="modified" langcode="English">
<ID>394</ID>
<MedicalTopicName>Scleroderma</MedicalTopicName>
<URL>http://www.nlm.nih.gov/medlineplus/scleroderma.html</URL>
<DateCreated>10/01/1999</DateCreated>
<SeeReferencesList>
<SeeReference>
<SeeRefName>Systemic Sclerosis</SeeRefName>
<MeshHeadingList>
<MeshHeading>
<Descriptor>
<DescriptorName>Scleroderma, Systemic</DescriptorName>
<DescriptorUI>D012595</DescriptorUI>
</Descriptor>
</MeshHeading>
</MeshHeadingList>
</SeeReference>
</SeeReferencesList>
<MeshHeadingList>
<MeshHeading>
<Descriptor>
<DescriptorName>Scleroderma, Localized</DescriptorName>
<DescriptorUI>D012594</DescriptorUI>
</Descriptor>
</MeshHeading>
<MeshHeading>
<Descriptor>
<DescriptorName>Scleroderma, Systemic</DescriptorName>
<DescriptorUI>D012595</DescriptorUI>
</Descriptor>
</MeshHeading>
</MeshHeadingList>
<Groups>
<Group>
<GroupID>18</GroupID>
<GroupName>Skin, Hair and Nails</GroupName>
<GroupURL>http://www.nlm.nih.gov/medlineplus/skinhairandnails.html</GroupURL>
</Group>
<Group>
<GroupID>22</GroupID>
<GroupName>Immune System/AIDS</GroupName>
<GroupURL>http://www.nlm.nih.gov/medlineplus/immunesystemaids.html</GroupURL>
</Group>
</Groups>
<RelatedTopics>
<RelatedTopic relatedID="T381"/>
</RelatedTopics>
<LanguageMappedTopicID>2138</LanguageMappedTopicID>
</MedicalTopic>
<MedicalTopic status="modified" langcode="English">
<ID>521</ID>
<MedicalTopicName>Environmental Health</MedicalTopicName>
<URL>http://www.nlm.nih.gov/medlineplus/environmentalhealth.html</URL>
<DateCreated>01/18/2000</DateCreated>
<MeshHeadingList>
<MeshHeading>
<Descriptor>
<DescriptorName>Environmental Health</DescriptorName>
<DescriptorUI>D004782</DescriptorUI>
</Descriptor>
</MeshHeading>
</MeshHeadingList>
<Groups>
<Group>
<GroupID>28</GroupID>
<GroupName>Poisoning, Toxicology, Environmental Health</GroupName>
<GroupURL>http://www.nlm.nih.gov/medlineplus/poisoningtoxicologyenvironmentalhealth.html</GroupURL>
</Group>
</Groups>
<RelatedTopics>
<RelatedTopic relatedID="T130"/>
<RelatedTopic relatedID="T347"/>
<RelatedTopic relatedID="T379"/>
<RelatedTopic relatedID="T498"/>
<RelatedTopic relatedID="T500"/>
<RelatedTopic relatedID="T899"/>
<RelatedTopic relatedID="T1435"/>
<RelatedTopic relatedID="T1537"/>
<RelatedTopic relatedID="T1538"/>
<RelatedTopic relatedID="T4169"/>
</RelatedTopics>
<LanguageMappedTopicID>1887</LanguageMappedTopicID>
</MedicalTopic>
<MedicalTopic status="modified" langcode="English">
<ID>1680</ID>
<MedicalTopicName>Farm Health and Safety</MedicalTopicName>
<URL>http://www.nlm.nih.gov/medlineplus/farmhealthandsafety.html</URL>
<DateCreated>07/08/2002</DateCreated>
<MeshHeadingList>
<MeshHeading>
<Descriptor>
<DescriptorName>Agricultural Workers' Diseases</DescriptorName>
<DescriptorUI>D000382</DescriptorUI>
</Descriptor>
</MeshHeading>
</MeshHeadingList>
<Groups>
<Group>
<GroupID>29</GroupID>
<GroupName>Safety</GroupName>
<GroupURL>http://www.nlm.nih.gov/medlineplus/safety.html</GroupURL>
</Group>
</Groups>
<RelatedTopics>
<RelatedTopic relatedID="T347"/>
<RelatedTopic relatedID="T485"/>
<RelatedTopic relatedID="T498"/>
</RelatedTopics>
<LanguageMappedTopicID>2266</LanguageMappedTopicID>
</MedicalTopic>
<MedicalTopic status="modified" langcode="Spanish">
<ID>1887</ID>
<MedicalTopicName>Salud ambiental</MedicalTopicName>
<URL>http://www.nlm.nih.gov/medlineplus/spanish/environmentalhealth.html</URL>
<DateCreated>07/21/2002</DateCreated>
<Groups>
<Group>
<GroupID>28</GroupID>
<GroupName>Envenenamientos, toxicolog�a y salud ambiental</GroupName>
<GroupURL>http://www.nlm.nih.gov/medlineplus/spanish/poisoningtoxicologyenvironmentalhealth.html</GroupURL>
</Group>
</Groups>
<RelatedTopics>
<RelatedTopic relatedID="T1730"/>
<RelatedTopic relatedID="T1883"/>
<RelatedTopic relatedID="T1973"/>
<RelatedTopic relatedID="T2037"/>
<RelatedTopic relatedID="T2055"/>
<RelatedTopic relatedID="T2061"/>
<RelatedTopic relatedID="T2085"/>
<RelatedTopic relatedID="T2116"/>
</RelatedTopics>
<LanguageMappedTopicID>521</LanguageMappedTopicID>
</MedicalTopic>
<MedicalTopic status="modified" langcode="Spanish">
<ID>2266</ID>
<MedicalTopicName>Salud y seguridad en la granja</MedicalTopicName>
<URL>http://www.nlm.nih.gov/medlineplus/spanish/farmhealthandsafety.html</URL>
<DateCreated>07/21/2002</DateCreated>
<Groups>
<Group>
<GroupID>29</GroupID>
<GroupName>Seguridad</GroupName>
<GroupURL>http://www.nlm.nih.gov/medlineplus/spanish/safety.html</GroupURL>
</Group>
</Groups>
<RelatedTopics>
<RelatedTopic relatedID="T2061"/>
<RelatedTopic relatedID="T2131"/>
</RelatedTopics>
<LanguageMappedTopicID>1680</LanguageMappedTopicID>
</MedicalTopic>
<MedicalTopic status="new" langcode="English">
<ID>4169</ID>
<MedicalTopicName>Hazardous Waste</MedicalTopicName>
<URL>http://www.nlm.nih.gov/medlineplus/hazardouswaste.html</URL>
<DateCreated>05/04/2005</DateCreated>
<MeshHeadingList>
<MeshHeading>
<Descriptor>
<DescriptorName>Hazardous Waste</DescriptorName>
<DescriptorUI>D006256</DescriptorUI>
</Descriptor>
</MeshHeading>
</MeshHeadingList>
<Groups>
<Group>
<GroupID>28</GroupID>
<GroupName>Poisoning, Toxicology, Environmental Health</GroupName>
<GroupURL>http://www.nlm.nih.gov/medlineplus/poisoningtoxicologyenvironmentalhealth.html</GroupURL>
</Group>
</Groups>
<RelatedTopics>
<RelatedTopic relatedID="T521"/>
</RelatedTopics>
</MedicalTopic>
</MedicalTopics>
